item_id,timestamp,mean,0.1,0.25,0.5,0.75,0.9
TS1,2021-07-31 00:00:00,0.26254339348737976,-0.008259385991813951,0.1166753621734396,0.26254339348737976,0.40816162819822055,0.5393350793443429
TS1,2021-07-31 00:05:00,0.10265561504255055,-0.20223471161251422,-0.05579070890670462,0.10265561504255055,0.25806413207729234,0.40614252164715514
TS1,2021-07-31 00:10:00,0.10946436696114041,-0.23077475516685922,-0.0671870420038724,0.10946436696114041,0.28241791166369873,0.4427453105057421
TS1,2021-07-31 00:15:00,0.13014195088146605,-0.21555840356380135,-0.05502606085874398,0.13014195088146605,0.3118500778028981,0.4759290364044102
TS1,2021-07-31 00:20:00,0.026294035709831506,-0.3411703327676815,-0.16522304371282792,0.026294035709831506,0.21944303671612042,0.3985330642568847
TS1,2021-07-31 00:25:00,-0.09820271889945077,-0.48734550121627784,-0.302567209163643,-0.09820271889945077,0.11129651582219309,0.290756403194553
TS1,2021-07-31 00:30:00,-0.09975330630588118,-0.5154840889497285,-0.31943401399350096,-0.09975330630588118,0.11021131933159897,0.30685032868064066
TS1,2021-07-31 00:35:00,-0.12877100310721062,-0.547616817864416,-0.3489704024252428,-0.12877100310721062,0.09390885122302808,0.3063670380722586
TS1,2021-07-31 00:40:00,-0.1611007876655913,-0.6062901080091132,-0.39640994380699973,-0.1611007876655913,0.07090534459028555,0.2672259319592945
TS1,2021-07-31 00:45:00,-0.2078001069995323,-0.6578455310742923,-0.44465840653309474,-0.2078001069995323,0.026657820222018635,0.23782813758623572
TS1,2021-07-31 00:50:00,-0.2826446102070082,-0.7574127328511984,-0.5342946679771053,-0.2826446102070082,-0.04233095192604964,0.1745853929975627
TS1,2021-07-31 00:55:00,-0.3436281971390232,-0.8194761645281832,-0.6014940937119174,-0.3436281971390232,-0.09395294284544364,0.1373210647245661
TS1,2021-07-31 01:00:00,-0.36877570375664487,-0.8545225505031026,-0.6269189061838901,-0.36877570375664487,-0.10767325028465519,0.1183776996449383
TS1,2021-07-31 01:05:00,-0.4204798256879745,-0.9209622390867431,-0.6868772088997219,-0.4204798256879745,-0.16359096697022585,0.07522216460818552
TS1,2021-07-31 01:10:00,-0.42329025609706067,-0.9223741768574146,-0.6872966438310181,-0.42329025609706067,-0.1482657235659735,0.09197819515127306
TS1,2021-07-31 01:15:00,-0.44791684264880754,-0.9688751251722306,-0.7279595485982401,-0.44791684264880754,-0.16906805076812578,0.08365988870656446
TS1,2021-07-31 01:20:00,-0.48465213669959584,-1.010359313235162,-0.7686964951293377,-0.48465213669959584,-0.19956622731758616,0.05134966697390129
TS1,2021-07-31 01:25:00,-0.4560296419249508,-1.0103303061514073,-0.7422455336216076,-0.4560296419249508,-0.165585141971931,0.08568409025563813
TS1,2021-07-31 01:30:00,-0.4930550374296568,-1.0651400629436967,-0.7934214874867481,-0.4930550374296568,-0.20078545942723436,0.06109903171998703
TS1,2021-07-31 01:35:00,-0.5643016416003821,-1.122297321971669,-0.8609896589539321,-0.5643016416003821,-0.2637727971666914,0.011503117694095899
TS1,2021-07-31 01:40:00,-0.6176265148858278,-1.1967967870280467,-0.9284966112056897,-0.6176265148858278,-0.3133379189181131,-0.0338742306130556
TS1,2021-07-31 01:45:00,-0.697164632863632,-1.271570937152382,-1.010921299379648,-0.697164632863632,-0.37777576978334376,-0.10804734468954189
TS1,2021-07-31 01:50:00,-0.711082425315835,-1.3028760255213576,-1.0160608307190913,-0.711082425315835,-0.39189836880166523,-0.11312488459444951
TS1,2021-07-31 01:55:00,-0.6940224508020629,-1.3021658899888306,-1.0207828024814556,-0.6940224508020629,-0.3823931544439903,-0.08008441409943651
TS1,2021-07-31 02:00:00,-0.7010632828211558,-1.3239402247133514,-1.0283893247441482,-0.7010632828211558,-0.3763545977256234,-0.09141469442788983
TS1,2021-07-31 02:05:00,-0.7318910518848227,-1.3723405915199618,-1.0704005588867145,-0.7318910518848227,-0.4020868273096731,-0.10197606696960844
TS1,2021-07-31 02:10:00,-0.7091918111061339,-1.3369384991704523,-1.0389767990494214,-0.7091918111061339,-0.3777685223562034,-0.08262158996928658
TS1,2021-07-31 02:15:00,-0.7627211576686515,-1.4122546668899179,-1.0967460632727744,-0.7627211576686515,-0.4080846305353055,-0.12467051184486819
TS1,2021-07-31 02:20:00,-0.7926850324322418,-1.4389582100299096,-1.1340262520863076,-0.7926850324322418,-0.44990220891508037,-0.14483123053426047
TS1,2021-07-31 02:25:00,-0.7980000368828818,-1.4555865990272645,-1.1444975922988927,-0.7980000368828818,-0.4581157267680889,-0.14726047466308428
TS1,2021-07-31 02:30:00,-0.8391892861928651,-1.5041943483936897,-1.1846758128712709,-0.8391892861928651,-0.494602944048142,-0.1599084782497487
TS1,2021-07-31 02:35:00,-0.8631437505514192,-1.5451226698697011,-1.227444415958395,-0.8631437505514192,-0.5067465750458023,-0.19037065159969785
TS1,2021-07-31 02:40:00,-0.8614016453855557,-1.5482517783574201,-1.220554065452322,-0.8614016453855557,-0.48691621195659496,-0.171266376995156
TS1,2021-07-31 02:45:00,-0.8480548825632995,-1.5416198021128849,-1.2232485073896462,-0.8480548825632995,-0.48975947336189396,-0.1501489105770292
TS1,2021-07-31 02:50:00,-0.8629138679806271,-1.5567165856433078,-1.2360648038603355,-0.8629138679806271,-0.49189699305934154,-0.16202032449704348
TS1,2021-07-31 02:55:00,-0.9323254782691155,-1.6282619347576925,-1.2944921720279905,-0.9323254782691155,-0.5507683163724305,-0.21994417784485942
TS1,2021-07-31 03:00:00,-0.9547076673316005,-1.6602987104700366,-1.327683368228111,-0.9547076673316005,-0.5717375443382864,-0.22523585062587306
TS1,2021-07-31 03:05:00,-0.9458698998509383,-1.6790477203209069,-1.3288584117767785,-0.9458698998509383,-0.5557291659179442,-0.21656733424755809
TS1,2021-07-31 03:10:00,-0.9328021198822729,-1.6711676991834752,-1.3194288057665637,-0.9328021198822729,-0.5408670907433237,-0.2101820558766107
TS1,2021-07-31 03:15:00,-0.9504011889267823,-1.6893499091235074,-1.3404537014785212,-0.9504011889267823,-0.551055038654108,-0.21009129260982756
TS1,2021-07-31 03:20:00,-0.9799116708846312,-1.7218873753321342,-1.369538327658521,-0.9799116708846312,-0.5808038662814333,-0.24157574705044169
TS1,2021-07-31 03:25:00,-0.9798772105737629,-1.7298243662356916,-1.3813158064642934,-0.9798772105737629,-0.5937231224991488,-0.24022015022514046
TS1,2021-07-31 03:30:00,-1.00050826564268,-1.7612105918894276,-1.4135842139533146,-1.00050826564268,-0.6010738032988775,-0.24345500339676324
TS1,2021-07-31 03:35:00,-0.9681389565058273,-1.7383712606088584,-1.3848355028510675,-0.9681389565058273,-0.5658870845145889,-0.22970953244867567
TS1,2021-07-31 03:40:00,-1.0047287951756245,-1.7956880982678518,-1.4206590979886178,-1.0047287951756245,-0.6087611209253978,-0.23416501266421752
TS1,2021-07-31 03:45:00,-1.013115951736023,-1.796207279522152,-1.429395875123939,-1.013115951736023,-0.5953662589564382,-0.23666584025669574
TS1,2021-07-31 03:50:00,-1.0307518265503197,-1.8296265246079475,-1.4424634571697599,-1.0307518265503197,-0.6158756201702563,-0.25342728231691175
TS1,2021-07-31 03:55:00,-1.0322141211918932,-1.822509832095896,-1.4488168836183617,-1.0322141211918932,-0.6108803772488737,-0.2329820059677598
TS1,2021-07-31 04:00:00,-1.0284298284462672,-1.841189326078252,-1.4701663087597212,-1.0284298284462672,-0.6171616124806304,-0.2594203705447278
TS1,2021-07-31 04:05:00,-1.0232765962958716,-1.8595565452746463,-1.4659522323856056,-1.0232765962958716,-0.6084642580420281,-0.21943968455125412
TS1,2021-07-31 04:10:00,-1.0422449636307543,-1.8718862151293405,-1.472075826549239,-1.0422449636307543,-0.6076671268386479,-0.24360968504324398
TS1,2021-07-31 04:15:00,-1.0552068951227922,-1.8825637417055343,-1.4892893397376545,-1.0552068951227922,-0.6369685740581381,-0.261853212288527
TS1,2021-07-31 04:20:00,-1.0628223949527749,-1.9077177050600658,-1.5068846422632247,-1.0628223949527749,-0.6292299936209356,-0.24223763001995682
TS1,2021-07-31 04:25:00,-1.0509240148668375,-1.8926177202061942,-1.4951596753981942,-1.0509240148668375,-0.622323942418403,-0.23757196451182813
TS1,2021-07-31 04:30:00,-1.05510219069955,-1.9052231389542194,-1.4993815392863348,-1.05510219069955,-0.6238427293719726,-0.24786611711191014
TS1,2021-07-31 04:35:00,-1.0573188567690361,-1.8961489024269977,-1.5061652342809164,-1.0573188567690361,-0.6143435008611191,-0.22803728073496218
TS1,2021-07-31 04:40:00,-1.071135969578452,-1.9180907027933392,-1.5248158309060145,-1.071135969578452,-0.6327571598790481,-0.22591755313064815
TS1,2021-07-31 04:45:00,-1.088250226056713,-1.9456385600560582,-1.547284090563176,-1.088250226056713,-0.6429531966364521,-0.25499344972591603
TS1,2021-07-31 04:50:00,-1.088261105988343,-1.9489250405649199,-1.5426654119178376,-1.088261105988343,-0.6383187114872539,-0.25161760103158926
TS1,2021-07-31 04:55:00,-1.0817469915699998,-1.961575020908774,-1.536906478893223,-1.0817469915699998,-0.6502755529096856,-0.2383098321431199
TS1,2021-07-31 05:00:00,-1.07322270519682,-1.9519140885150228,-1.5324676780908972,-1.07322270519682,-0.6192177475394706,-0.22353876189411126
TS1,2021-07-31 05:05:00,-1.0758750988220986,-1.9541115655115704,-1.5422502351805403,-1.0758750988220986,-0.6260676935827211,-0.21034588588461156
TS1,2021-07-31 05:10:00,-1.0964633629075469,-1.9767281478063503,-1.5633722700020571,-1.0964633629075469,-0.6495813959921954,-0.2350838867282869
TS1,2021-07-31 05:15:00,-1.0856207644420544,-1.9773398246681735,-1.5533184722380704,-1.0856207644420544,-0.6318559439761512,-0.2162375095918273
TS1,2021-07-31 05:20:00,-1.1177727496324574,-2.005891523041247,-1.5754369040371987,-1.1177727496324574,-0.6506777415104177,-0.22543778953936963
TS1,2021-07-31 05:25:00,-1.1222777764229837,-2.0179857278066557,-1.5987230883822845,-1.1222777764229837,-0.656274571302369,-0.2241198574079378
TS1,2021-07-31 05:30:00,-1.1225776910373586,-2.025742343802078,-1.585596868207976,-1.1225776910373586,-0.6463164429333182,-0.2239814510648907
TS1,2021-07-31 05:35:00,-1.1111926786322024,-2.025058173864927,-1.5957413375347729,-1.1111926786322024,-0.645472492547869,-0.20996443817476637
TS1,2021-07-31 05:40:00,-1.1218952949193515,-2.0197345425676603,-1.589420068935893,-1.1218952949193515,-0.6400100743750302,-0.20986708201365098
TS1,2021-07-31 05:45:00,-1.1045817343243451,-2.0228042182189045,-1.5891991687938056,-1.1045817343243451,-0.632679375244333,-0.2026122883420854
TS1,2021-07-31 05:50:00,-1.08246805508589,-2.015230287786945,-1.5725244214234009,-1.08246805508589,-0.5962206025681405,-0.17062692379697686
TS1,2021-07-31 05:55:00,-1.098752285845863,-2.0204398892643427,-1.5701444024754463,-1.098752285845863,-0.6039191776767264,-0.16810722143794793
TS1,2021-07-31 06:00:00,-1.1127758082482408,-2.0589375839702537,-1.5942635073034883,-1.1127758082482408,-0.6330575517081941,-0.20418364536536332
TS1,2021-07-31 06:05:00,-1.1352079112404803,-2.070574641106194,-1.627624033777801,-1.1352079112404803,-0.6451987377234534,-0.19359016565416975
TS1,2021-07-31 06:10:00,-1.1312409484796915,-2.092790655172751,-1.6227667349019677,-1.1312409484796915,-0.6309890276997332,-0.18642668206382346
TS1,2021-07-31 06:15:00,-1.125405215550184,-2.0795002866057217,-1.6283105258827375,-1.125405215550184,-0.6308409005724546,-0.1723226916113274
TS1,2021-07-31 06:20:00,-1.138353823524693,-2.0736982115046683,-1.6413321291350431,-1.138353823524693,-0.6370667041987873,-0.1810498437710984
TS1,2021-07-31 06:25:00,-1.1452791048422495,-2.096742632472699,-1.642683618618361,-1.1452791048422495,-0.6401418277182821,-0.17546160368524755
TS1,2021-07-31 06:30:00,-1.1272947164406797,-2.089313604234398,-1.6354545901612645,-1.1272947164406797,-0.6231889871040082,-0.1849227483182733
TS1,2021-07-31 06:35:00,-1.1325085006117919,-2.101416260823809,-1.6493218838831378,-1.1325085006117919,-0.6256674054678504,-0.16106120555091752
TS1,2021-07-31 06:40:00,-1.1293213096444432,-2.091491891762569,-1.6330778495270322,-1.1293213096444432,-0.6252734746815543,-0.16990387569141108
TS1,2021-07-31 06:45:00,-1.1232373739848245,-2.0973857871150146,-1.6371116108045576,-1.1232373739848245,-0.6064297416098712,-0.15365981248223737
TS1,2021-07-31 06:50:00,-1.1308378854911887,-2.106517986268268,-1.6479657574000974,-1.1308378854911887,-0.6168499900392208,-0.14559976603115832
TS1,2021-07-31 06:55:00,-1.122210348697764,-2.120085615249931,-1.6481216397287224,-1.122210348697764,-0.6023798685899796,-0.14823663827263894
TS1,2021-07-31 07:00:00,-1.1205234150765466,-2.106625788256344,-1.6466392148655626,-1.1205234150765466,-0.6048317157784681,-0.13849208092997262
TS1,2021-07-31 07:05:00,-1.124601987026651,-2.131376270834294,-1.6446779989931801,-1.124601987026651,-0.599703356788191,-0.13439416547726615
TS1,2021-07-31 07:10:00,-1.1145454862648225,-2.1314827483805154,-1.649200757562921,-1.1145454862648225,-0.5850327697870261,-0.11073330129046682
TS1,2021-07-31 07:15:00,-1.1238258850223466,-2.1491957334711405,-1.6513390868159816,-1.1238258850223466,-0.5934137219230932,-0.12271299537705105
TS1,2021-07-31 07:20:00,-1.1418225445862868,-2.144163624958969,-1.6768597658666582,-1.1418225445862868,-0.5991088324877544,-0.11859595273485962
TS1,2021-07-31 07:25:00,-1.135825610642212,-2.155150560689554,-1.6692781100938876,-1.135825610642212,-0.5999684677209904,-0.10795929438827573
TS1,2021-07-31 07:30:00,-1.1365240471542095,-2.1590128616526747,-1.6630060590985476,-1.1365240471542095,-0.6043741708311955,-0.12009725644623061
TS1,2021-07-31 07:35:00,-1.144371455610313,-2.163314186807452,-1.6753213565949596,-1.144371455610313,-0.6013730336699715,-0.12098889808553999
TS1,2021-07-31 07:40:00,-1.1347092397704772,-2.1761531926382585,-1.6817058803805893,-1.1347092397704772,-0.5984401962691712,-0.1259637765385196
TS1,2021-07-31 07:45:00,-1.136127389161772,-2.1534927624136944,-1.6826934674302034,-1.136127389161772,-0.5960433896208097,-0.11224199487627491
TS1,2021-07-31 07:50:00,-1.1419850390476156,-2.167046585054636,-1.6806676302972845,-1.1419850390476156,-0.5834557915616434,-0.09243278930846169
TS1,2021-07-31 07:55:00,-1.129240056274584,-2.170420700427131,-1.668983544644024,-1.129240056274584,-0.57825537426879,-0.09514578815997946
TS1,2021-07-31 08:00:00,-1.1273556046615913,-2.1690549703825392,-1.6692418597080159,-1.1273556046615913,-0.564407186629882,-0.06715705815837147
TS1,2021-07-31 08:05:00,-1.109884273157415,-2.1462713731484064,-1.664522221026637,-1.109884273157415,-0.5637045923327825,-0.049181366966435686
TS1,2021-07-31 08:10:00,-1.0985923730600398,-2.1591469466700195,-1.6461019280066416,-1.0985923730600398,-0.554167371047809,-0.06828455324322508
TS1,2021-07-31 08:15:00,-1.1177032127761932,-2.168397156215136,-1.6619229211389532,-1.1177032127761932,-0.5534407456642416,-0.06319030488174977
TS1,2021-07-31 08:20:00,-1.1176690443710156,-2.1743614602712977,-1.6630881534895892,-1.1176690443710156,-0.5409582414443578,-0.044722951567916475
TS1,2021-07-31 08:25:00,-1.0903096914178467,-2.1586544552556104,-1.6458204558330065,-1.0903096914178467,-0.537973048483077,-0.01506839851165312
TS1,2021-07-31 08:30:00,-1.0986503743161142,-2.1725690027321924,-1.6480534021418647,-1.0986503743161142,-0.5280936187420562,-0.02444856728475317
TS1,2021-07-31 08:35:00,-1.0858131188604785,-2.1660665458781163,-1.658725523286647,-1.0858131188604785,-0.5270281714325606,-0.004485328892688295
TS1,2021-07-31 08:40:00,-1.0810957767227607,-2.181018442795233,-1.6693275029706784,-1.0810957767227607,-0.5209528111380711,-0.002901831372717517
TS1,2021-07-31 08:45:00,-1.0896550108074152,-2.168881470839215,-1.6579295547156125,-1.0896550108074152,-0.5052942648292806,0.00639835117728893
TS1,2021-07-31 08:50:00,-1.0721733399697213,-2.1764606609445725,-1.671228145196742,-1.0721733399697213,-0.49881181561192034,-0.0027925521040065154
TS1,2021-07-31 08:55:00,-1.08030156701576,-2.1717687198947995,-1.6617146000725658,-1.08030156701576,-0.5010943921680012,0.0024918894817791137
TS1,2021-07-31 09:00:00,-1.0790161872626376,-2.162627742497692,-1.6646651365831966,-1.0790161872626376,-0.47766691364943636,0.027411714719746003
TS1,2021-07-31 09:05:00,-1.069935124698539,-2.1524175658984124,-1.6479470242095098,-1.069935124698539,-0.4822533589542216,0.023604547915006407
TS1,2021-07-31 09:10:00,-1.06853554792736,-2.153648830360349,-1.6489327475727529,-1.06853554792736,-0.48826240296235474,0.034249115317056475
TS1,2021-07-31 09:15:00,-1.0680033397324618,-2.160628398489272,-1.6561100803346718,-1.0680033397324618,-0.4686638801253794,0.04340285182294522
TS1,2021-07-31 09:20:00,-1.067136640346224,-2.180600817834159,-1.6539848075742087,-1.067136640346224,-0.48126018861161396,0.03844225534623272
TS1,2021-07-31 09:25:00,-1.0673062241465672,-2.1823620553178387,-1.6477732349909555,-1.0673062241465672,-0.4805318365515576,0.043448391397237704
TS1,2021-07-31 09:30:00,-1.0418067478992983,-2.1708267098453478,-1.6354921419252046,-1.0418067478992983,-0.44968989103396684,0.07838283590500293
TS1,2021-07-31 09:35:00,-1.0441614367329681,-2.149104521655996,-1.621794215956881,-1.0441614367329681,-0.4318444174091596,0.08060482651585109
TS1,2021-07-31 09:40:00,-1.0298423211191376,-2.1505892783871197,-1.6252837489791048,-1.0298423211191376,-0.42902465699277004,0.09914348099164019
TS1,2021-07-31 09:45:00,-1.0283132749009978,-2.145524935551449,-1.6120366079253206,-1.0283132749009978,-0.40448928120787675,0.11591754924884913
TS1,2021-07-31 09:50:00,-0.9978445589934934,-2.139068488453905,-1.5950731930995043,-0.9978445589934934,-0.40448121195442477,0.14276090983612189
TS1,2021-07-31 09:55:00,-1.0014429825538536,-2.086745727762948,-1.5925335302823205,-1.0014429825538536,-0.37365943632994003,0.15391335271739406
TS1,2021-07-31 10:00:00,-0.9660482536754395,-2.111911440708493,-1.5692147635367717,-0.9660482536754395,-0.36420113643203367,0.15625299293463701
TS1,2021-07-31 10:05:00,-0.9733844715945795,-2.1145861978510725,-1.5852658608837134,-0.9733844715945795,-0.3556735925716462,0.18535898240873896
TS1,2021-07-31 10:10:00,-0.9808051467752166,-2.121671885374938,-1.5762394613903565,-0.9808051467752166,-0.3488652938630898,0.19413621888499275
TS1,2021-07-31 10:15:00,-0.9616331405029643,-2.093718949674524,-1.547314392958202,-0.9616331405029643,-0.323745232464977,0.1928796231907854
TS1,2021-07-31 10:20:00,-0.9398103988031469,-2.0883895382661946,-1.5340597778546217,-0.9398103988031469,-0.3165313247262628,0.22137316677672902
TS1,2021-07-31 10:25:00,-0.9603740151127297,-2.1183524775437768,-1.5636893506093135,-0.9603740151127297,-0.33449322932123754,0.20608182075746273
TS1,2021-07-31 10:30:00,-0.929391737247299,-2.090441730095889,-1.5327894527045491,-0.929391737247299,-0.3310157623041605,0.23492227855195724
TS1,2021-07-31 10:35:00,-0.9227738283431873,-2.085164162002013,-1.516903427389083,-0.9227738283431873,-0.29398673947472037,0.260464550607309
TS1,2021-07-31 10:40:00,-0.8961959602378795,-2.0554487413658116,-1.5060357417280013,-0.8961959602378795,-0.2532898205549002,0.28364163555344557
TS1,2021-07-31 10:45:00,-0.8777315874057995,-2.057708681702721,-1.4943279231987237,-0.8777315874057995,-0.2637225118648974,0.30477995742787256
TS1,2021-07-31 10:50:00,-0.8634162232984679,-2.0290674268495814,-1.4753777309651057,-0.8634162232984679,-0.2384978945750964,0.30167571245598
TS1,2021-07-31 10:55:00,-0.8607160220236748,-2.0458379141803547,-1.476009470692261,-0.8607160220236748,-0.2365691629732199,0.3282240622415733
TS1,2021-07-31 11:00:00,-0.7856962334331277,-1.9401826017445236,-1.4056518347171465,-0.7856962334331277,-0.1629930576646168,0.4176953799583198
TS1,2021-07-31 11:05:00,-0.730265432849723,-1.931792267115487,-1.3434893663860958,-0.730265432849723,-0.10557037986211465,0.4499501825410407
TS1,2021-07-31 11:10:00,-0.7253922941666039,-1.8951629147954299,-1.341614550843164,-0.7253922941666039,-0.08565017643820842,0.46788849737869914
TS1,2021-07-31 11:15:00,-0.6508556654618777,-1.8423145179896891,-1.2710496005294896,-0.6508556654618777,-0.009639179363267886,0.5432159033845468
TS1,2021-07-31 11:20:00,-0.6113786949626728,-1.801220786720217,-1.2391261899845527,-0.6113786949626728,0.016766397150950844,0.5894608440586349
TS1,2021-07-31 11:25:00,-0.5906700820779899,-1.790792524200996,-1.2095300569272582,-0.5906700820779899,0.053084610358324194,0.607078307689928
TS1,2021-07-31 11:30:00,-0.5821096544739084,-1.7863869187349528,-1.2062732558501055,-0.5821096544739084,0.06569317675791228,0.6106522048568201
TS1,2021-07-31 11:35:00,-0.5673430765380061,-1.7737999935368227,-1.1773157697758907,-0.5673430765380061,0.06236542912261937,0.6339149341885197
TS1,2021-07-31 11:40:00,-0.5046920232467377,-1.7160512923958324,-1.1250417593853517,-0.5046920232467377,0.13898554752677203,0.7150807040600918
TS1,2021-07-31 11:45:00,-0.49704060911617753,-1.7506821085270365,-1.138345343021939,-0.49704060911617753,0.14283959352797915,0.7264452938344772
TS1,2021-07-31 11:50:00,-0.4551098813493078,-1.667582168015409,-1.077159827873926,-0.4551098813493078,0.18453120984048837,0.7680300723610077
TS1,2021-07-31 11:55:00,-0.4065094692641482,-1.6396175599912284,-1.0649025467675883,-0.4065094692641482,0.22544457575558055,0.8263519050689886
TS1,2021-07-31 12:00:00,-0.22630629799833957,-1.461034072124709,-0.8688046195494712,-0.22630629799833957,0.41219864035920145,0.9990104920499445
TS1,2021-07-31 12:05:00,-0.17626972320473885,-1.3828264465792248,-0.8092193422820406,-0.17626972320473885,0.4845075005800279,1.0697283099492705
TS1,2021-07-31 12:10:00,-0.11214707084971273,-1.325707708695576,-0.7333517476710605,-0.11214707084971273,0.5608752098297555,1.1492358086069416
TS1,2021-07-31 12:15:00,-0.08727864194141924,-1.3229509413064,-0.713525339908915,-0.08727864194141924,0.5770912686910368,1.1610387908556972
TS1,2021-07-31 12:20:00,-0.06453665799965937,-1.2783137225479768,-0.7026523688111683,-0.06453665799965937,0.5985054768383389,1.2082473029123417
TS1,2021-07-31 12:25:00,0.006847345903063407,-1.2227860410937699,-0.6527563786216575,0.006847345903063407,0.6624832746823484,1.2550701914516482
TS1,2021-07-31 12:30:00,0.08191447148961777,-1.1714877815075357,-0.5740882247595631,0.08191447148961777,0.7381305753471985,1.3543455932194532
TS1,2021-07-31 12:35:00,0.16501186543218133,-1.0890740838866582,-0.4854918877873416,0.16501186543218133,0.825528020525511,1.431430048358072
TS1,2021-07-31 12:40:00,0.21093588388482923,-1.0481905477741948,-0.4473856425700905,0.21093588388482923,0.8774110916352129,1.485970382741538
TS1,2021-07-31 12:45:00,0.24680653995634214,-0.9979451498131591,-0.42177980016992866,0.24680653995634214,0.913537495928121,1.5118805033077045
TS1,2021-07-31 12:50:00,0.3122282509395922,-0.9279885452684651,-0.3416751776232796,0.3122282509395922,0.9732489394357519,1.601319739030415
TS1,2021-07-31 12:55:00,0.3957009231163379,-0.8603410454407545,-0.2604628715966638,0.3957009231163379,1.0648495552235027,1.6859477409510646
TS1,2021-07-31 13:00:00,0.5572012821108704,-0.7156803203646127,-0.1025963737193774,0.5572012821108704,1.2135720644008143,1.8323512058419567
TS1,2021-07-31 13:05:00,0.6187403962702732,-0.6640931048895549,-0.060317363502195874,0.6187403962702732,1.2823519072306124,1.8997750469346883
TS1,2021-07-31 13:10:00,0.6675928393959543,-0.618014561416848,-0.0011362879896750916,0.6675928393959543,1.3332776013812921,1.9511189163897682
TS1,2021-07-31 13:15:00,0.7140436605819435,-0.5653024735385279,0.040819964878200166,0.7140436605819435,1.3854699633213237,1.9944642103990873
TS1,2021-07-31 13:20:00,0.756896635370317,-0.523003717580407,0.09427809201894147,0.756896635370317,1.4267471851365197,2.048806573296571
TS1,2021-07-31 13:25:00,0.7709962538495909,-0.5155865089110814,0.08802464077247284,0.7709962538495909,1.430515674471538,2.0479983626505347
TS1,2021-07-31 13:30:00,0.7350319787218369,-0.5680428415884357,0.05299095007042154,0.7350319787218369,1.4045966347172776,2.0212908408420733
TS1,2021-07-31 13:35:00,0.8111316580123827,-0.48745070734483864,0.12359488940559184,0.8111316580123827,1.4854629283417506,2.0868341046779806
TS1,2021-07-31 13:40:00,0.8002425820516953,-0.4881735862908385,0.1323023215157829,0.8002425820516953,1.4876966779775378,2.104334397394462
TS1,2021-07-31 13:45:00,0.8140637308505563,-0.465077135857454,0.13783265266567687,0.8140637308505563,1.4968569314148767,2.1128303202024075
TS1,2021-07-31 13:50:00,0.8552205976222287,-0.4473982160611123,0.17492762277761303,0.8552205976222287,1.542366787414418,2.1649841472565914
TS1,2021-07-31 13:55:00,0.839349331114937,-0.4706857561825051,0.14838127381835378,0.839349331114937,1.5251973630697506,2.1581775212455407
TS1,2021-07-31 14:00:00,0.9053027437736417,-0.4031572626398145,0.2107362452526948,0.9053027437736417,1.6082082351487874,2.2356755033382214
TS1,2021-07-31 14:05:00,0.9548723104400324,-0.37366892016514236,0.2490591254833554,0.9548723104400324,1.6399639880370094,2.2518893266453404
TS1,2021-07-31 14:10:00,1.0786130019853781,-0.2446168322152638,0.3775832760993275,1.0786130019853781,1.7698655783492678,2.409737536018063
TS1,2021-07-31 14:15:00,1.1255319512628257,-0.20252350840870018,0.4213276970488011,1.1255319512628257,1.8248418627096632,2.4483384099024526
TS1,2021-07-31 14:20:00,1.0729573705429316,-0.25006607119282587,0.360917604624463,1.0729573705429316,1.766757065256629,2.384127265297337
TS1,2021-07-31 14:25:00,1.0301674910714294,-0.30465413749052545,0.3241975809037505,1.0301674910714294,1.7307557653663936,2.3718869448514925
TS1,2021-07-31 14:30:00,1.0864250816045862,-0.2326569153154231,0.3721707909353008,1.0864250816045862,1.7919715925561388,2.433909748126725
TS1,2021-07-31 14:35:00,1.0398787709637545,-0.30161728005386435,0.33297862313620247,1.0398787709637545,1.747164299803384,2.3851050950127
TS1,2021-07-31 14:40:00,0.9760571183389217,-0.38058616821659375,0.27448935260023904,0.9760571183389217,1.680695381446796,2.3104838692744947
TS1,2021-07-31 14:45:00,0.9573837048620784,-0.38450100301110623,0.2452002855993155,0.9573837048620784,1.672267012021,2.314380852143623
TS1,2021-07-31 14:50:00,0.9558408483502894,-0.39002820585528925,0.23387046513955181,0.9558408483502894,1.6620632959039854,2.306349543473129
TS1,2021-07-31 14:55:00,1.0063156986826833,-0.3451157607966081,0.2814059014544147,1.0063156986826833,1.7137312701934992,2.349988965964589
TS1,2021-07-31 15:00:00,1.0304619445760377,-0.3302431140549048,0.2911879700279475,1.0304619445760377,1.7208440053051017,2.3824310703483866
TS1,2021-07-31 15:05:00,1.0514432200704222,-0.30677622213722455,0.34514043145209355,1.0514432200704222,1.7634099120515307,2.413613209875564
TS1,2021-07-31 15:10:00,0.9490530275694901,-0.40076348379415705,0.22919681502387795,0.9490530275694901,1.6679205627915195,2.3030900932734535
TS1,2021-07-31 15:15:00,0.9507127306963257,-0.4280326555859889,0.24435366279308646,0.9507127306963257,1.6649345453151103,2.305051696655854
TS1,2021-07-31 15:20:00,0.9344615940055156,-0.43809352733347845,0.21221116684450753,0.9344615940055156,1.6402066368649586,2.317137209595302
TS1,2021-07-31 15:25:00,0.869658563628597,-0.4863327598787757,0.16669846922561032,0.869658563628597,1.5986733261708463,2.252543937469843
TS1,2021-07-31 15:30:00,0.8891758083621634,-0.48180825226970525,0.16333166980463737,0.8891758083621634,1.5944108618194468,2.253417900155467
TS1,2021-07-31 15:35:00,0.8746383736120225,-0.4858847201192066,0.1699598869852006,0.8746383736120225,1.6166712562890793,2.258782115037943
TS1,2021-07-31 15:40:00,0.8766141086522062,-0.4713837536051743,0.17470620166060086,0.8766141086522062,1.609217400887331,2.275041097063096
TS1,2021-07-31 15:45:00,0.8914476742330579,-0.4934277504197859,0.18128154096282548,0.8914476742330579,1.599796594917347,2.260297703356086
TS1,2021-07-31 15:50:00,0.8587527493585381,-0.5091982481890142,0.1361071310908135,0.8587527493585381,1.5804251501676525,2.262029236754583
TS1,2021-07-31 15:55:00,0.8775926781911825,-0.5300225676061324,0.16830128152158655,0.8775926781911825,1.6109253627310705,2.280755904561301
TS1,2021-07-31 16:00:00,0.8057719197248211,-0.5808185753777253,0.08444024365200656,0.8057719197248211,1.5299022809059584,2.1919779200573632
TS1,2021-07-31 16:05:00,0.8104455998465817,-0.582612641986205,0.10523649563913011,0.8104455998465817,1.5421242413466518,2.2121128313662193
TS1,2021-07-31 16:10:00,0.7745374717977792,-0.6246846900131908,0.056566144780394026,0.7745374717977792,1.5253879732889388,2.200456315010565
TS1,2021-07-31 16:15:00,0.7628210741666475,-0.6387031221022629,0.03007557070735231,0.7628210741666475,1.4839365938431743,2.163103659257895
TS1,2021-07-31 16:20:00,0.7652007011559265,-0.6346912164876775,0.038294503932674306,0.7652007011559265,1.4844819777869278,2.1530504258463514
TS1,2021-07-31 16:25:00,0.7811279199086588,-0.6191552150891918,0.0657643100977967,0.7811279199086588,1.5227110240910502,2.175834429978759
TS1,2021-07-31 16:30:00,0.7170190816656968,-0.6942479651657184,-0.0062077583459632935,0.7170190816656968,1.4692960643275017,2.121913867880626
TS1,2021-07-31 16:35:00,0.751062851394353,-0.6661524301829804,0.024178671499581472,0.751062851394353,1.483979208053739,2.1653831988574828
TS1,2021-07-31 16:40:00,0.7277454455814532,-0.6733743026291386,0.013423978628314112,0.7277454455814532,1.49876031996099,2.1627707315237212
TS1,2021-07-31 16:45:00,0.7544004942277668,-0.6664983811966043,0.019583295704191553,0.7544004942277668,1.5046880388057413,2.167187555377293
TS1,2021-07-31 16:50:00,0.7362293113688813,-0.698208768468259,-0.0010800313290758035,0.7362293113688813,1.4749200295907734,2.1531877509964907
TS1,2021-07-31 16:55:00,0.7084907059101804,-0.7167370224477412,-0.0176403332921983,0.7084907059101804,1.4648772653127138,2.139356035465586
TS1,2021-07-31 17:00:00,0.6434327604469723,-0.7929369140794862,-0.09035372499274862,0.6434327604469723,1.3973926648394512,2.084736407217234
TS1,2021-07-31 17:05:00,0.6231143536115478,-0.7939061309114444,-0.10426690003958217,0.6231143536115478,1.3870915392350436,2.070215042546702
TS1,2021-07-31 17:10:00,0.6682463980546123,-0.7717436274211793,-0.07253740969734429,0.6682463980546123,1.414367569072652,2.1172749344849278
TS1,2021-07-31 17:15:00,0.6242991493528315,-0.7969325794326112,-0.10645757217813664,0.6242991493528315,1.3723483819160882,2.053452109936653
TS1,2021-07-31 17:20:00,0.6793815017008724,-0.7391419995835328,-0.06689726334026919,0.6793815017008724,1.4320153570556613,2.1122971761319045
TS1,2021-07-31 17:25:00,0.5863401397535842,-0.8454166951648713,-0.16262359020144623,0.5863401397535842,1.3504103681855857,2.0345981172772816
TS1,2021-07-31 17:30:00,0.64796196398054,-0.7859997424587938,-0.11501443438617298,0.64796196398054,1.3963279985708275,2.08927619979626
TS1,2021-07-31 17:35:00,0.6640367619787212,-0.7724048016284573,-0.08667797177589903,0.6640367619787212,1.4248451487917724,2.0968373288942073
TS1,2021-07-31 17:40:00,0.6291777152698437,-0.8001668938642186,-0.11411656107365177,0.6291777152698437,1.3805439578133287,2.10805668731752
TS1,2021-07-31 17:45:00,0.6490027049185209,-0.792906388290838,-0.10058883392493118,0.6490027049185209,1.4125435015436796,2.100482151130314
TS1,2021-07-31 17:50:00,0.5670059390917578,-0.8560889760829328,-0.19165070395852468,0.5670059390917578,1.3474050352001223,2.0471076011560454
TS1,2021-07-31 17:55:00,0.6192131691899025,-0.8260596841175962,-0.1437040686744022,0.6192131691899025,1.382313524013009,2.0959024018974475
TS1,2021-07-31 18:00:00,0.6121036444476947,-0.8431159395671051,-0.14827492655790125,0.6121036444476947,1.3651608620350095,2.0816891907897395
TS1,2021-07-31 18:05:00,0.6047221694374705,-0.8421938789068816,-0.14723861385172846,0.6047221694374705,1.3823697137095043,2.08501598352926
TS1,2021-07-31 18:10:00,0.5979802508059886,-0.8734744147935929,-0.16747372793374668,0.5979802508059886,1.372533692928123,2.076435051344741
TS1,2021-07-31 18:15:00,0.6220618988588239,-0.8515928599261202,-0.14465195408144593,0.6220618988588239,1.395194537754626,2.1045302944565867
TS1,2021-07-31 18:20:00,0.6373605283233198,-0.8234805433959762,-0.14214852494813726,0.6373605283233198,1.400992052872749,2.130520182563043
TS1,2021-07-31 18:25:00,0.5824190785858936,-0.8999565569126695,-0.1952612265794828,0.5824190785858936,1.372550819179338,2.063589563750225
TS1,2021-07-31 18:30:00,0.6142037782656071,-0.8520492905617167,-0.16489450154132063,0.6142037782656071,1.3808826132831655,2.112516120360298
TS1,2021-07-31 18:35:00,0.5517632954951877,-0.9131137679576737,-0.2076032851482829,0.5517632954951877,1.35948181460465,2.0453061735775693
TS1,2021-07-31 18:40:00,0.5624063222454475,-0.8903352718201445,-0.20449153279489682,0.5624063222454475,1.3539602052003215,2.041804332405486
TS1,2021-07-31 18:45:00,0.5806788910976407,-0.8940094153285678,-0.1866298275974868,0.5806788910976407,1.3825188038362148,2.0865629794154534
TS1,2021-07-31 18:50:00,0.5865869571275777,-0.8873320853282296,-0.17465540314878947,0.5865869571275777,1.3792787200752075,2.079945197893502
TS1,2021-07-31 18:55:00,0.5735785681212107,-0.8945666216818322,-0.1936863279385626,0.5735785681212107,1.3768913996668237,2.0856130857203623
TS1,2021-07-31 19:00:00,0.6336245954356203,-0.8531692544026268,-0.14204851877189636,0.6336245954356203,1.4163402325331589,2.135078831278947
TS1,2021-07-31 19:05:00,0.6468942288955083,-0.8579370238982202,-0.1408983370045126,0.6468942288955083,1.433780624303816,2.1436228715923624
TS1,2021-07-31 19:10:00,0.6089129721873836,-0.8778509711530986,-0.1680003235041183,0.6089129721873836,1.3992880544592583,2.12219885593154
TS1,2021-07-31 19:15:00,0.5862911888448791,-0.9259593310943955,-0.20171387438624488,0.5862911888448791,1.3746088590483871,2.1148926853144814
TS1,2021-07-31 19:20:00,0.6191473729318311,-0.884534886302367,-0.15800942166955506,0.6191473729318311,1.4147706387226933,2.13920936054074
TS1,2021-07-31 19:25:00,0.5599728278733271,-0.9349088779220216,-0.24302833305550237,0.5599728278733271,1.357999753548995,2.088335973149974
TS1,2021-07-31 19:30:00,0.5856048179764958,-0.9072733545558835,-0.19939283423352613,0.5856048179764958,1.4006287164527105,2.123514084198208
TS1,2021-07-31 19:35:00,0.5212954433674066,-0.9802561167277241,-0.2797717728826352,0.5212954433674066,1.3227650383661467,2.05356352034795
TS1,2021-07-31 19:40:00,0.5157783040082873,-0.9901179863654191,-0.2807157107970543,0.5157783040082873,1.3259466864367861,2.0754667842156236
TS1,2021-07-31 19:45:00,0.5014774061399182,-1.0121716715286655,-0.29627524470003314,0.5014774061399182,1.3044544500546407,2.053898143303385
TS1,2021-07-31 19:50:00,0.5000610220174063,-0.9930753481130818,-0.30108146519854034,0.5000610220174063,1.311809269600873,2.064542201507709
TS1,2021-07-31 19:55:00,0.6087448794625548,-0.9319435353133345,-0.20718202457833876,0.6087448794625548,1.4036451606852718,2.144453577512348
TS1,2021-07-31 20:00:00,0.5741420291028348,-0.9605271075424904,-0.2264330568087218,0.5741420291028348,1.3862345693570615,2.139202566728822
TS1,2021-07-31 20:05:00,0.5047448860520223,-1.018377140869229,-0.3017530922201185,0.5047448860520223,1.3144429141840948,2.0578715852305707
TS1,2021-07-31 20:10:00,0.5097353783990657,-1.00465522912285,-0.2846464341697669,0.5097353783990657,1.3436063797941262,2.087393069261362
TS1,2021-07-31 20:15:00,0.48462435339679194,-1.0575310974933223,-0.3352012552815335,0.48462435339679194,1.303733138663842,2.05434152416408
TS1,2021-07-31 20:20:00,0.5589287426742836,-0.9799191094689788,-0.24956127458500454,0.5589287426742836,1.369313593027238,2.1357396525308823
TS1,2021-07-31 20:25:00,0.5958202780822544,-0.9408031494929973,-0.20169258181034777,0.5958202780822544,1.4095678977996784,2.19441892798082
TS1,2021-07-31 20:30:00,0.5024171137162121,-1.0324384879234783,-0.29801543221750076,0.5024171137162121,1.3305740090050484,2.087053700027622
TS1,2021-07-31 20:35:00,0.4937499017557555,-1.0564647523755983,-0.32136558815516864,0.4937499017557555,1.318974382508281,2.1150959788951207
TS1,2021-07-31 20:40:00,0.4799837155236534,-1.0772323474202983,-0.31796033061802337,0.4799837155236534,1.3160826998001325,2.0854161506932627
TS1,2021-07-31 20:45:00,0.4891250384674135,-1.0393116225548458,-0.30991208409160415,0.4891250384674135,1.3427780435322845,2.1230429983499697
TS1,2021-07-31 20:50:00,0.520880122226999,-1.0194619671894,-0.28660534160297124,0.520880122226999,1.3654133370355537,2.1298750396990904
TS1,2021-07-31 20:55:00,0.4414548030598266,-1.107269529374027,-0.34706417768384046,0.4414548030598266,1.2915519915088878,2.0829529332068106
TS1,2021-07-31 21:00:00,0.44582383764901784,-1.107150031504715,-0.37440025503299773,0.44582383764901784,1.283261024996377,2.0649830415943704
TS1,2021-07-31 21:05:00,0.43141795381954534,-1.128500837775742,-0.38609060715365773,0.43141795381954534,1.2786838019216105,2.064183605036547
TS1,2021-07-31 21:10:00,0.4626309837141917,-1.0995389890751965,-0.36090305677026374,0.4626309837141917,1.3076223573612538,2.0862803899769142
TS1,2021-07-31 21:15:00,0.46847800830556197,-1.069981850415786,-0.33166465736611933,0.46847800830556197,1.3242377593996213,2.1123664592951528
TS1,2021-07-31 21:20:00,0.5017803300771965,-1.0681585579381645,-0.3360614133276284,0.5017803300771965,1.3493562911429942,2.1268512953498746
TS1,2021-07-31 21:25:00,0.4697774040286478,-1.0932814812286549,-0.35894009093469925,0.4697774040286478,1.3124551383909053,2.081658609224426
TS1,2021-07-31 21:30:00,0.5069466056436881,-1.0515338639539158,-0.3136659124436476,0.5069466056436881,1.3344823770087217,2.13564432673169
TS1,2021-07-31 21:35:00,0.46650807351616697,-1.103435722467963,-0.37401299944294775,0.46650807351616697,1.3124220713240908,2.108294976562947
TS1,2021-07-31 21:40:00,0.5093737702641004,-1.0765119589135554,-0.3485945207024392,0.5093737702641004,1.3395563668469268,2.126178723609201
TS1,2021-07-31 21:45:00,0.4529803190509767,-1.122869731468771,-0.3969142078709962,0.4529803190509767,1.3067155725151351,2.065011648546337
TS1,2021-07-31 21:50:00,0.48013017573580197,-1.0868286319767144,-0.3583818257094447,0.48013017573580197,1.324207488716344,2.113705243735592
TS1,2021-07-31 21:55:00,0.41915796380361015,-1.1694678281442885,-0.4231515767880776,0.41915796380361015,1.2777240134523087,2.0660037524566217
TS1,2021-07-31 22:00:00,0.444055326779871,-1.1688097702333848,-0.41141658075734716,0.444055326779871,1.2828998251246362,2.061343599922307
TS1,2021-07-31 22:05:00,0.5153450964541171,-1.066036012654038,-0.3267954911274503,0.5153450964541171,1.3739989397410006,2.155113505180361
TS1,2021-07-31 22:10:00,0.532995350040124,-1.077146874089754,-0.303085478628711,0.532995350040124,1.399752487593637,2.161110763064343
TS1,2021-07-31 22:15:00,0.52696246457182,-1.0692000946326823,-0.3207787861686267,0.52696246457182,1.3900200666627982,2.171657403455255
TS1,2021-07-31 22:20:00,0.5176340255380053,-1.0740821177376099,-0.34591475712494063,0.5176340255380053,1.3764031979118028,2.148286759961997
TS1,2021-07-31 22:25:00,0.5295892584177327,-1.068234679639466,-0.32174519891662684,0.5295892584177327,1.3998321000867022,2.167743810139765
TS1,2021-07-31 22:30:00,0.48226977673014326,-1.1226862052282254,-0.35799083668620424,0.48226977673014326,1.3596490290009196,2.1494516778605
TS1,2021-07-31 22:35:00,0.5419354865476207,-1.0661999876683375,-0.3101936007309294,0.5419354865476207,1.4255887882260372,2.2123930157644356
TS1,2021-07-31 22:40:00,0.5569125389563854,-1.0532939782931816,-0.27549635503816233,0.5569125389563854,1.4466923196961563,2.2379703368090165
TS1,2021-07-31 22:45:00,0.4992221633754866,-1.1066602121161657,-0.34653785884287913,0.4992221633754866,1.378509169199662,2.177565837729274
TS1,2021-07-31 22:50:00,0.43851613963646663,-1.2119270683688943,-0.42636687095944303,0.43851613963646663,1.3197581074655755,2.098338585460258
TS1,2021-07-31 22:55:00,0.504883730428572,-1.1187247497979622,-0.34482756991994057,0.504883730428572,1.377692499923078,2.183649529689545
TS1,2021-07-31 23:00:00,0.4968818645110695,-1.1481698305751165,-0.3749951120701167,0.4968818645110695,1.362094339476938,2.155291966732725
TS1,2021-07-31 23:05:00,0.48939537816332784,-1.1233037045942558,-0.3734279515935475,0.48939537816332784,1.3763612461287624,2.1581064473661433
TS1,2021-07-31 23:10:00,0.5051276922654776,-1.1142124097228372,-0.36767351293361134,0.5051276922654776,1.4063032476791455,2.1903013800618685
TS1,2021-07-31 23:15:00,0.4612100386211668,-1.18803406159392,-0.4108414679137471,0.4612100386211668,1.3431682593771617,2.101292092587599
TS1,2021-07-31 23:20:00,0.3701708425092027,-1.2516909722655438,-0.48984368459037375,0.3701708425092027,1.2448489050371137,2.030087377461657
TS1,2021-07-31 23:25:00,0.26088261722637746,-1.3704362722345813,-0.6174499638872584,0.26088261722637746,1.1477541238441231,1.9504926107282863
TS1,2021-07-31 23:30:00,0.23436331319592468,-1.4194056983871226,-0.6422136361183226,0.23436331319592468,1.1116582385172888,1.9268598851670082
TS1,2021-07-31 23:35:00,0.2955733823224619,-1.3517111964150312,-0.5923828081428433,0.2955733823224619,1.1865976371384468,1.9514290462142472
TS1,2021-07-31 23:40:00,0.27245232613651804,-1.388944872222989,-0.6231715348664045,0.27245232613651804,1.1469685328838837,1.9468043000362505
TS1,2021-07-31 23:45:00,0.25975031309517865,-1.4106526060310656,-0.6369844755360978,0.25975031309517865,1.1383739627291474,1.9255086972960418
TS1,2021-07-31 23:50:00,0.2434849333666844,-1.3935700746665514,-0.6456914205284334,0.2434849333666844,1.136989074235962,1.9575442422297962
TS1,2021-07-31 23:55:00,0.23941141246239808,-1.4825393593636882,-0.6703678008088672,0.23941141246239808,1.1746437207101574,1.9938701574079214
TS10,2021-07-31 00:00:00,0.8427268416905804,0.18823735789580318,0.4944622002360553,0.8427268416905804,1.1907073431356276,1.5040286153093263
TS10,2021-07-31 00:05:00,0.7733185296577201,-0.0456909325282428,0.3396935810952326,0.7733185296577201,1.2080243080947861,1.6016510461803226
TS10,2021-07-31 00:10:00,0.8053126698179706,-0.14649273473148644,0.30292249958673173,0.8053126698179706,1.3100402146502288,1.7628680589018175
TS10,2021-07-31 00:15:00,0.9933421765855238,-0.038837779554237194,0.4516981727696618,0.9933421765855238,1.5595189186216463,2.0539345038091987
TS10,2021-07-31 00:20:00,0.9420032966387806,-0.19482634634184176,0.33885994149362364,0.9420032966387806,1.5507342748458417,2.10518354697436
TS10,2021-07-31 00:25:00,0.9638103053480562,-0.27807962340054243,0.2931849494961155,0.9638103053480562,1.6033756434648718,2.2033170789633036
TS10,2021-07-31 00:30:00,0.6006998721912309,-0.7173274950815058,-0.09580835273654845,0.6006998721912309,1.3034695966503083,1.9220774961884977
TS10,2021-07-31 00:35:00,0.511938896330911,-0.8938307082683146,-0.23734065593675863,0.511938896330911,1.2232978414568791,1.9063881759519403
TS10,2021-07-31 00:40:00,0.5529900073917315,-0.9340290820745244,-0.23050760418721744,0.5529900073917315,1.3057158406801501,2.0165659460504117
TS10,2021-07-31 00:45:00,0.6995477570042332,-0.845442578324731,-0.12239366057898177,0.6995477570042332,1.4881646686780683,2.2236628509501846
TS10,2021-07-31 00:50:00,0.7477445220766996,-0.8694133190305684,-0.09985816254647381,0.7477445220766996,1.57432124312343,2.31724886217891
TS10,2021-07-31 00:55:00,0.7266339368985542,-0.9312349044293555,-0.14358090298780335,0.7266339368985542,1.605632690305357,2.3718310668677844
TS10,2021-07-31 01:00:00,0.6688284138420436,-1.0415556282189087,-0.22669690642379875,0.6688284138420436,1.5698073594651805,2.385869878497273
TS10,2021-07-31 01:05:00,0.5876781180359402,-1.1896537498996558,-0.3608390205784832,0.5876781180359402,1.5048268602819919,2.3280086553775536
TS10,2021-07-31 01:10:00,0.5663407198890466,-1.2420627679419582,-0.3991333279581809,0.5663407198890466,1.5066386203557667,2.3711180642185856
TS10,2021-07-31 01:15:00,0.4672190102811806,-1.3899974923544989,-0.5354603888913835,0.4672190102811806,1.4650484182872967,2.323918444490567
TS10,2021-07-31 01:20:00,0.4862648606880113,-1.411777976973199,-0.5239132580439283,0.4862648606880113,1.507776139073488,2.4043340532538555
TS10,2021-07-31 01:25:00,0.46853785745608945,-1.5008244538931064,-0.5734565919140339,0.46853785745608945,1.5016040093122738,2.4411905494325614
TS10,2021-07-31 01:30:00,0.324959822882405,-1.7005200470487578,-0.7508097430746037,0.324959822882405,1.3763510431660708,2.334288682254302
TS10,2021-07-31 01:35:00,0.22425335180679545,-1.8314729912459413,-0.8625704361222507,0.22425335180679545,1.3173769729531406,2.2895508797417303
TS10,2021-07-31 01:40:00,0.12420790485928401,-1.9716226395738508,-1.0030028453018718,0.12420790485928401,1.2459602117407136,2.2595079081194718
TS10,2021-07-31 01:45:00,-0.06989614225220123,-2.2025961740450613,-1.2211647351653419,-0.06989614225220123,1.0704939581102617,2.097672924146949
TS10,2021-07-31 01:50:00,-0.1447411567034694,-2.297109530226386,-1.2985713578232387,-0.1447411567034694,1.0241799406593723,2.0711697785731342
TS10,2021-07-31 01:55:00,-0.17235174024558084,-2.3781025737483183,-1.3421268675551936,-0.17235174024558084,1.0228111614539426,2.091590719084923
TS10,2021-07-31 02:00:00,-0.25214802433952127,-2.5159571590052963,-1.467209740158251,-0.25214802433952127,0.9628084282402788,2.0235641067571675
TS10,2021-07-31 02:05:00,-0.29632659505811265,-2.5999522111946383,-1.5063101440870899,-0.29632659505811265,0.9657564008603714,2.034228580080493
TS10,2021-07-31 02:10:00,-0.29230200952555796,-2.6431972270896416,-1.5359098460228524,-0.29230200952555796,0.9541166987164671,2.069126243845388
TS10,2021-07-31 02:15:00,-0.42645404375524,-2.8255740196997174,-1.6901372201705325,-0.42645404375524,0.8481473463205107,1.9635501451772062
TS10,2021-07-31 02:20:00,-0.46315650372192246,-2.897844898038617,-1.7463135299365227,-0.46315650372192246,0.8280287367290174,1.955120082856617
TS10,2021-07-31 02:25:00,-0.4602479839017665,-2.912511424235005,-1.7485134178747432,-0.4602479839017665,0.8442175602079545,1.9910525196968933
TS10,2021-07-31 02:30:00,-0.28720514626767074,-2.7770815472868837,-1.6186472339306341,-0.28720514626767074,1.0512030137880433,2.2147432741562176
TS10,2021-07-31 02:35:00,-0.27280487881848714,-2.7904122563601925,-1.6187701743085778,-0.27280487881848714,1.09741355883889,2.2705409472741205
TS10,2021-07-31 02:40:00,-0.32101454746875807,-2.9079656474725093,-1.6928105201132877,-0.32101454746875807,1.0757349054022192,2.2660309668668193
TS10,2021-07-31 02:45:00,-0.5283399531491434,-3.1325544210809055,-1.9251333913718847,-0.5283399531491434,0.8776350736027021,2.09877482842427
TS10,2021-07-31 02:50:00,-0.599873338744488,-3.2466536069039695,-2.012873022663437,-0.599873338744488,0.823469661264137,2.04926333857979
TS10,2021-07-31 02:55:00,-0.641129724564647,-3.32269646850941,-2.061986075388481,-0.641129724564647,0.8213642702513697,2.0464923674144804
TS10,2021-07-31 03:00:00,-0.8252831302529225,-3.5239544541479066,-2.2363494923643934,-0.8252831302529225,0.6583949932389392,1.9377106741655041
TS10,2021-07-31 03:05:00,-0.8161496686522052,-3.553763527640525,-2.2503806896811276,-0.8161496686522052,0.6765406339390396,1.9605466039606827
TS10,2021-07-31 03:10:00,-0.7755382210805426,-3.5520897186751417,-2.239016077019152,-0.7755382210805426,0.7381223048538458,2.0323886243638913
TS10,2021-07-31 03:15:00,-0.6335051857533541,-3.4299792852236743,-2.12585144243902,-0.6335051857533541,0.8895962683596711,2.2199561020964147
TS10,2021-07-31 03:20:00,-0.5837635216134341,-3.4237487458463005,-2.086628426620157,-0.5837635216134341,0.9432613204130968,2.2901967092055298
TS10,2021-07-31 03:25:00,-0.6565044068277686,-3.549553681052811,-2.194763600218172,-0.6565044068277686,0.860982358164962,2.227043851975418
TS10,2021-07-31 03:30:00,-0.9969590744208684,-3.9207919488558445,-2.5557537081894415,-0.9969590744208684,0.5396116644930791,1.9222753519386642
TS10,2021-07-31 03:35:00,-1.0951186243748343,-4.0440170415982974,-2.6645405351232863,-1.0951186243748343,0.4594670525911362,1.840663393497255
TS10,2021-07-31 03:40:00,-0.9855337784522954,-4.00597367051587,-2.599199255650906,-0.9855337784522954,0.5790980454410772,1.9671161878866523
TS10,2021-07-31 03:45:00,-0.5539653772099019,-3.5814237950895214,-2.156079509461202,-0.5539653772099019,1.0481991399966326,2.444961550134097
TS10,2021-07-31 03:50:00,-0.3688828094759648,-3.4154194898083645,-1.9588764710081104,-0.3688828094759648,1.2545231074927221,2.676748013540452
TS10,2021-07-31 03:55:00,-0.43164257640173054,-3.533278769070254,-2.035621024780232,-0.43164257640173054,1.2034556652711947,2.640809327403117
TS10,2021-07-31 04:00:00,-0.5984450474846064,-3.755217635036662,-2.251447140485763,-0.5984450474846064,1.0147573940488943,2.4453955563380068
TS10,2021-07-31 04:05:00,-0.6835676193231691,-3.87384362754314,-2.376526168039833,-0.6835676193231691,0.9296780961268344,2.387789759744573
TS10,2021-07-31 04:10:00,-0.7163297577498463,-3.9593153386548527,-2.4222581397264737,-0.7163297577498463,0.9265448439353273,2.3934692840452296
TS10,2021-07-31 04:15:00,-0.9772328981561876,-4.23017963061103,-2.678716230037169,-0.9772328981561876,0.6898216189172233,2.1279410349561427
TS10,2021-07-31 04:20:00,-1.0348448055716004,-4.287906243160476,-2.746384718631666,-1.0348448055716004,0.6414417177163025,2.120802438921343
TS10,2021-07-31 04:25:00,-1.0503600995856235,-4.328758370592112,-2.7878904762633527,-1.0503600995856235,0.6305986010216742,2.125690414265229
TS10,2021-07-31 04:30:00,-1.0955468906228563,-4.403527367333939,-2.8330231038008056,-1.0955468906228563,0.5988431499686295,2.0998848900988243
TS10,2021-07-31 04:35:00,-1.1383788429964985,-4.4503090779838725,-2.8856548789962906,-1.1383788429964985,0.596850351749576,2.08588240348727
TS10,2021-07-31 04:40:00,-1.139647202608745,-4.500103140208311,-2.9049648789795204,-1.139647202608745,0.5770426605836572,2.1289956142062905
TS10,2021-07-31 04:45:00,-1.1414461765621131,-4.509971482483223,-2.9179040429700995,-1.1414461765621131,0.5976503193340708,2.1518498106138315
TS10,2021-07-31 04:50:00,-1.141183800331023,-4.544746779904521,-2.9740941010130726,-1.141183800331023,0.5878868070517674,2.169234513673767
TS10,2021-07-31 04:55:00,-1.0903888956650418,-4.553670095939411,-2.9028112155929544,-1.0903888956650418,0.6467725093109489,2.233879107273475
TS10,2021-07-31 05:00:00,-0.9181336863615255,-4.409954114786659,-2.739616020372726,-0.9181336863615255,0.8401405559597956,2.4068187321516468
TS10,2021-07-31 05:05:00,-0.8559115848305541,-4.348338520196739,-2.67044713981002,-0.8559115848305541,0.9178912948608147,2.5255189689023787
TS10,2021-07-31 05:10:00,-0.9095825653868812,-4.407332938098344,-2.734696437479788,-0.9095825653868812,0.8707891756164361,2.521566747370731
TS10,2021-07-31 05:15:00,-0.9948286333627474,-4.483060901912215,-2.8545527593727362,-0.9948286333627474,0.7908557497580667,2.4607569103536564
TS10,2021-07-31 05:20:00,-1.035501658578988,-4.517551757097106,-2.8887043503188394,-1.035501658578988,0.7873301718689779,2.4610570978685393
TS10,2021-07-31 05:25:00,-1.0400474116546796,-4.572041700955309,-2.9196291244629444,-1.0400474116546796,0.7925290312527234,2.483802027604457
TS10,2021-07-31 05:30:00,-1.16778071239528,-4.724517461892729,-3.0145864043693336,-1.16778071239528,0.7111438113511761,2.390097630070111
TS10,2021-07-31 05:35:00,-1.1761459563742054,-4.759741861681009,-3.056614649287249,-1.1761459563742054,0.6979258709095502,2.404029482460732
TS10,2021-07-31 05:40:00,-1.1897866203897913,-4.78824926131006,-3.0942810754511125,-1.1897866203897913,0.7191321840427388,2.4147506803261236
TS10,2021-07-31 05:45:00,-1.1211557554074774,-4.745712157168427,-3.0410389226242347,-1.1211557554074774,0.7834427970595783,2.486528171909991
TS10,2021-07-31 05:50:00,-1.1025236628998965,-4.754384602945966,-3.0160925805635928,-1.1025236628998965,0.8144064615797035,2.4978144753476617
TS10,2021-07-31 05:55:00,-1.1115675182624325,-4.776532483776485,-3.021748731941261,-1.1115675182624325,0.8334073427142903,2.5538488974989826
TS10,2021-07-31 06:00:00,-1.0796666280411469,-4.801858601092322,-3.0115982976536753,-1.0796666280411469,0.8520884308545276,2.5871635530316297
TS10,2021-07-31 06:05:00,-1.0850066850720659,-4.816251457219525,-3.032485470818927,-1.0850066850720659,0.888174133373001,2.6117270755955437
TS10,2021-07-31 06:10:00,-1.0795323669150076,-4.840621662959511,-3.050861072191398,-1.0795323669150076,0.8786238641092102,2.6467064920341294
TS10,2021-07-31 06:15:00,-1.0785814516314653,-4.88083311347606,-3.052473662237531,-1.0785814516314653,0.9214799743148124,2.6858841955298534
TS10,2021-07-31 06:20:00,-1.0727861413953732,-4.873053752605245,-3.0883254798613513,-1.0727861413953732,0.9224651720303807,2.7005619658556705
TS10,2021-07-31 06:25:00,-1.113831388830736,-4.906550362964303,-3.133835443246382,-1.113831388830736,0.884779558581434,2.7265365462292777
TS10,2021-07-31 06:30:00,-1.2425722094684946,-5.067004569213682,-3.275480245747988,-1.2425722094684946,0.7759766829678649,2.578677386912751
TS10,2021-07-31 06:35:00,-1.2586025227331574,-5.103414313014219,-3.3112291162015155,-1.2586025227331574,0.7674362706460648,2.6066959646357093
TS10,2021-07-31 06:40:00,-1.2334574741404638,-5.104740541385367,-3.287938929978581,-1.2334574741404638,0.8033413460571296,2.6471029879851717
TS10,2021-07-31 06:45:00,-1.2088671569421914,-5.100872793403864,-3.265844688427049,-1.2088671569421914,0.8511004135408222,2.670903044860925
TS10,2021-07-31 06:50:00,-1.1965724643248439,-5.1412641073819785,-3.268021400889235,-1.1965724643248439,0.8855560360836076,2.7215105053838067
TS10,2021-07-31 06:55:00,-1.1836607731499116,-5.15899484432297,-3.293007904546499,-1.1836607731499116,0.9028821094828214,2.736660556015074
TS10,2021-07-31 07:00:00,-1.1987179591407375,-5.187587922744919,-3.2890654145481477,-1.1987179591407375,0.9032666668974376,2.7410486421616977
TS10,2021-07-31 07:05:00,-1.1898182692359156,-5.215037785245912,-3.3195697647303266,-1.1898182692359156,0.8846734412382881,2.755480256278284
TS10,2021-07-31 07:10:00,-1.209493534363626,-5.2456103980902435,-3.3264297545989554,-1.209493534363626,0.9155367381060312,2.81092218593736
TS10,2021-07-31 07:15:00,-1.187822425573176,-5.251280198340484,-3.318945512607383,-1.187822425573176,0.9437899509630946,2.8315740489386707
TS10,2021-07-31 07:20:00,-1.1842533348241477,-5.250545742223997,-3.3461497071529767,-1.1842533348241477,0.9482257869748514,2.8602036052486284
TS10,2021-07-31 07:25:00,-1.1670765453243364,-5.284035692782718,-3.3583755392268992,-1.1670765453243364,0.9454183750146852,2.867282577324725
TS10,2021-07-31 07:30:00,-1.135499880575052,-5.225269757365947,-3.2995570099725366,-1.135499880575052,1.0042414406296398,2.9175358880378313
TS10,2021-07-31 07:35:00,-1.1241765239751296,-5.27049166271411,-3.2824589487953113,-1.1241765239751296,1.0344614375242405,2.950845834083023
TS10,2021-07-31 07:40:00,-1.1218145088424551,-5.339299074857667,-3.303328874831496,-1.1218145088424551,1.0430041537779973,2.954307834179527
TS10,2021-07-31 07:45:00,-1.1539440844707074,-5.351611693172949,-3.328177580870354,-1.1539440844707074,1.0413317129230775,2.9595729904404875
TS10,2021-07-31 07:50:00,-1.1745409183742384,-5.369008802932462,-3.3668122922439827,-1.1745409183742384,1.0544288744229862,2.98635803756883
TS10,2021-07-31 07:55:00,-1.1962230024112608,-5.361239555530693,-3.3890052264322392,-1.1962230024112608,1.0299418793904227,3.00624217825478
TS10,2021-07-31 08:00:00,-1.2400921772389937,-5.452995605573007,-3.4486262137509875,-1.2400921772389937,1.0057615970176192,3.0032857558875667
TS10,2021-07-31 08:05:00,-1.2173388377818608,-5.441187562750718,-3.4357003827998427,-1.2173388377818608,1.012088693019158,3.0349436829091307
TS10,2021-07-31 08:10:00,-1.1829864358876936,-5.440038658227488,-3.4265774337455825,-1.1829864358876936,1.065147613632411,3.053191290773463
TS10,2021-07-31 08:15:00,-0.9956244448981563,-5.2415256645093535,-3.254958911257947,-0.9956244448981563,1.2414504413779939,3.2451428781496134
TS10,2021-07-31 08:20:00,-0.9819466912345303,-5.265857117963565,-3.2394612331926695,-0.9819466912345303,1.2662093728438892,3.298213317601313
TS10,2021-07-31 08:25:00,-0.984385184690578,-5.290895559174884,-3.2302173299099493,-0.984385184690578,1.2889145359467369,3.346010226744817
TS10,2021-07-31 08:30:00,-1.0110671496051375,-5.366690357163975,-3.2769675245789758,-1.0110671496051375,1.2720808246602142,3.2688163140430584
TS10,2021-07-31 08:35:00,-1.0243213081938687,-5.388811535800736,-3.2960280828425823,-1.0243213081938687,1.272418529653991,3.32923674907362
TS10,2021-07-31 08:40:00,-1.0182572466555402,-5.456086108367383,-3.3226723312509927,-1.0182572466555402,1.2437252654716953,3.3845681919400086
TS10,2021-07-31 08:45:00,-1.0894858115993933,-5.521649032955747,-3.4125829459260277,-1.0894858115993933,1.231554770024119,3.329444787955056
TS10,2021-07-31 08:50:00,-1.1090518938674763,-5.500463406828207,-3.4714584060231863,-1.1090518938674763,1.235525079460315,3.310541854489307
TS10,2021-07-31 08:55:00,-1.0048971234100823,-5.43558379545673,-3.3648247155967352,-1.0048971234100823,1.3542751098852563,3.412326212909931
TS10,2021-07-31 09:00:00,-0.7360168971662147,-5.17032819764985,-3.1165034059717796,-0.7360168971662147,1.6533836198373644,3.712774396080526
TS10,2021-07-31 09:05:00,-0.6525103704599328,-5.083144127423639,-3.01626060364871,-0.6525103704599328,1.759613030502171,3.8266107067947632
TS10,2021-07-31 09:10:00,-0.6514341748574237,-5.079037051489791,-3.0337958260400106,-0.6514341748574237,1.7537607173627383,3.8560201010472643
TS10,2021-07-31 09:15:00,-0.614354487064502,-5.049874641795063,-2.985684491700818,-0.614354487064502,1.8048229134917055,3.9137230436428982
TS10,2021-07-31 09:20:00,-0.6058426914479382,-5.08142207723024,-2.9766408525850747,-0.6058426914479382,1.8034499316794625,3.9118629583894533
TS10,2021-07-31 09:25:00,-0.6164928347342181,-5.0942190150834685,-2.962876430795639,-0.6164928347342181,1.8348214120842223,3.92973273321824
TS10,2021-07-31 09:30:00,-0.5711862217651277,-5.142513738992999,-2.9854909673471175,-0.5711862217651277,1.8308831207559488,3.9685369324923694
TS10,2021-07-31 09:35:00,-0.5871047864979665,-5.180119666085548,-2.9880350167323573,-0.5871047864979665,1.845611905646994,3.990445279926133
TS10,2021-07-31 09:40:00,-0.5316027549242227,-5.114295000776012,-2.927686280971577,-0.5316027549242227,1.9422427400575242,4.076988164088534
TS10,2021-07-31 09:45:00,-0.29145074803770504,-4.877850950380033,-2.691185664300507,-0.29145074803770504,2.1952780765327353,4.344836755565789
TS10,2021-07-31 09:50:00,-0.2248731579162175,-4.828375211442736,-2.6387764854600966,-0.2248731579162175,2.2624670819115016,4.450234300498592
TS10,2021-07-31 09:55:00,-0.25252427334310823,-4.8178183804474966,-2.6791939299841125,-0.25252427334310823,2.252255006376736,4.448386183576166
TS10,2021-07-31 10:00:00,-0.2769974142230953,-4.890900479464776,-2.7250025093999306,-0.2769974142230953,2.2079670030558383,4.382586076559096
TS10,2021-07-31 10:05:00,-0.33267371531140544,-4.934471744453852,-2.7751793694963527,-0.33267371531140544,2.1894595274443778,4.391415842004282
TS10,2021-07-31 10:10:00,-0.3047486795183767,-4.972328669508722,-2.75746314441002,-0.3047486795183767,2.217240627394244,4.438385261390695
TS10,2021-07-31 10:15:00,-0.28412716764053747,-4.955879704702988,-2.7014002466381566,-0.28412716764053747,2.2652537659646748,4.445719595586903
TS10,2021-07-31 10:20:00,-0.25962122248926583,-4.967972737206591,-2.7112435098297345,-0.25962122248926583,2.278119180569309,4.481822631439259
TS10,2021-07-31 10:25:00,-0.20838821099634133,-4.985956782927881,-2.672866893131385,-0.20838821099634133,2.336304555051562,4.542225475084728
TS10,2021-07-31 10:30:00,-0.055647148222969435,-4.803505287685801,-2.5408387284770835,-0.055647148222969435,2.4895255138903205,4.7148693542604265
TS10,2021-07-31 10:35:00,-0.059899990740868145,-4.837128927218877,-2.5280936499941475,-0.059899990740868145,2.4893358964872685,4.749059958667493
TS10,2021-07-31 10:40:00,-0.09062060180150469,-4.888120044179976,-2.596804494893948,-0.09062060180150469,2.473029245290194,4.711180005675135
TS10,2021-07-31 10:45:00,-0.05918239461623194,-4.860516165437633,-2.5633705081643727,-0.05918239461623194,2.493600084568895,4.7423570010268445
TS10,2021-07-31 10:50:00,-0.07855263020871783,-4.873569699952642,-2.5969055704168587,-0.07855263020871783,2.498478376873548,4.785497438941584
TS10,2021-07-31 10:55:00,-0.03140040577429036,-4.860963268874207,-2.546895052319828,-0.03140040577429036,2.542986740740913,4.821282199362929
TS10,2021-07-31 11:00:00,0.11349039896370057,-4.700086498057611,-2.4146965924648716,0.11349039896370057,2.718006762766681,5.0143290116240795
TS10,2021-07-31 11:05:00,0.16010542348881443,-4.696060603095046,-2.3672377346490774,0.16010542348881443,2.755353085575423,5.077941725266774
TS10,2021-07-31 11:10:00,0.17746037654816027,-4.651753868017328,-2.3732705267244523,0.17746037654816027,2.765542068712806,5.104924946873856
TS10,2021-07-31 11:15:00,0.40189078991632143,-4.416544595036618,-2.1094715865272224,0.40189078991632143,3.0339605303273007,5.3391279102646685
TS10,2021-07-31 11:20:00,0.40696362573100425,-4.413925888981652,-2.123249439931679,0.40696362573100425,3.03749203098769,5.352746188454337
TS10,2021-07-31 11:25:00,0.3782827501296265,-4.459945106722494,-2.171348842502476,0.3782827501296265,3.0458863030822587,5.317954531943067
TS10,2021-07-31 11:30:00,0.01727561208082178,-4.89570511148935,-2.5520729506584496,0.01727561208082178,2.690689093246239,4.942707309897098
TS10,2021-07-31 11:35:00,-0.04584741713690976,-4.952262879650348,-2.5907312911479443,-0.04584741713690976,2.6119168247047,4.9132730621446505
TS10,2021-07-31 11:40:00,-0.011209134191621537,-4.977483556139376,-2.555196007854434,-0.011209134191621537,2.6624622904057187,4.979525654447584
TS10,2021-07-31 11:45:00,0.302181188767793,-4.705778517025601,-2.238830478669119,0.302181188767793,2.9577682167585153,5.326160778708026
TS10,2021-07-31 11:50:00,0.3581507458966188,-4.669903727638475,-2.2151230435285973,0.3581507458966188,3.0347116371909584,5.393736494879306
TS10,2021-07-31 11:55:00,0.3724165894389132,-4.680651241474508,-2.273134632048366,0.3724165894389132,3.042664598363953,5.421790198149115
TS10,2021-07-31 12:00:00,1.097745785663088,-3.941365370014994,-1.5426998359278332,1.097745785663088,3.780607594908067,6.160904018474163
TS10,2021-07-31 12:05:00,1.1465709505623094,-3.9240102382422366,-1.4933257365776438,1.1465709505623094,3.8176782203607322,6.2294232051075555
TS10,2021-07-31 12:10:00,1.1037468955292051,-3.9246950689333193,-1.515725116205617,1.1037468955292051,3.825066159477839,6.254887445088341
TS10,2021-07-31 12:15:00,0.9636907869047662,-4.115767783013486,-1.631772738574599,0.9636907869047662,3.694273362766263,6.1181126340423075
TS10,2021-07-31 12:20:00,0.8981476868464521,-4.152787372457491,-1.7008733037075372,0.8981476868464521,3.6336000956699555,6.102358654195417
TS10,2021-07-31 12:25:00,0.9352176335534652,-4.1742223302001396,-1.739612670136248,0.9352176335534652,3.6482643073000887,6.1106441913262355
TS10,2021-07-31 12:30:00,0.7088737680427788,-4.4006600389638395,-1.9703349116060735,0.7088737680427788,3.4404526203588466,5.926386269603231
TS10,2021-07-31 12:35:00,0.7124606355238875,-4.4064117047761995,-1.981473741169476,0.7124606355238875,3.4501774772873777,5.947279442129144
TS10,2021-07-31 12:40:00,0.7057071305230178,-4.4469674665465995,-1.9801353567341526,0.7057071305230178,3.449495179476436,5.981860047151388
TS10,2021-07-31 12:45:00,0.671925107942868,-4.474678415718087,-2.036508279316263,0.671925107942868,3.4186610270045095,5.908131540849946
TS10,2021-07-31 12:50:00,0.6074660921303651,-4.5073962554242035,-2.0994163969333255,0.6074660921303651,3.37976375819463,5.895215703212769
TS10,2021-07-31 12:55:00,0.5784135683400088,-4.581494949531331,-2.129101174212928,0.5784135683400088,3.3356436316409646,5.873947541102509
TS10,2021-07-31 13:00:00,0.5607372704976854,-4.615035474329973,-2.1415747150677324,0.5607372704976854,3.3309903041222224,5.861243959149652
TS10,2021-07-31 13:05:00,0.5680459295260851,-4.663517996123323,-2.169804466672206,0.5680459295260851,3.2986226057529375,5.832501791650029
TS10,2021-07-31 13:10:00,0.6567050734398499,-4.618167589462031,-2.109089030250136,0.6567050734398499,3.4052229841257793,5.935208025023083
TS10,2021-07-31 13:15:00,1.3505972837693552,-3.9162435666477635,-1.391992072362445,1.3505972837693552,4.124219259607275,6.657648682265632
TS10,2021-07-31 13:20:00,1.4264042414533649,-3.872060832804652,-1.313018568707378,1.4264042414533649,4.199072030564792,6.772066490162819
TS10,2021-07-31 13:25:00,1.3804166026434124,-3.89369275290579,-1.3951522453553489,1.3804166026434124,4.176293558857046,6.7500483581753885
TS10,2021-07-31 13:30:00,1.1093822348702949,-4.218861558655751,-1.6858915659050984,1.1093822348702949,3.899723199768028,6.444505753048276
TS10,2021-07-31 13:35:00,1.063384746559394,-4.3091032143646775,-1.7722038046160795,1.063384746559394,3.8497286396783554,6.378240193115844
TS10,2021-07-31 13:40:00,1.0432224678307185,-4.273925603325491,-1.755450752112922,1.0432224678307185,3.8814122099980497,6.41558617434406
TS10,2021-07-31 13:45:00,1.1660024829447895,-4.151261125363692,-1.626211128794615,1.1660024829447895,4.0077589368253115,6.565331681858949
TS10,2021-07-31 13:50:00,1.1836987868869018,-4.160920259605339,-1.632093133400042,1.1836987868869018,4.014336817015089,6.590543243900891
TS10,2021-07-31 13:55:00,1.2172413322740818,-4.158752067235865,-1.6202535214629668,1.2172413322740818,4.059106836354997,6.643190798439136
TS10,2021-07-31 14:00:00,1.4400685447611596,-3.9549738422830263,-1.3742203166467364,1.4400685447611596,4.296194665398463,6.915250997521319
TS10,2021-07-31 14:05:00,1.4670327506025016,-3.9406382656236016,-1.3862765610762833,1.4670327506025016,4.361706549317451,6.909024020106005
TS10,2021-07-31 14:10:00,1.463953956245571,-3.9950530914129727,-1.4385560535799353,1.463953956245571,4.3267801027299875,6.948859483744957
TS10,2021-07-31 14:15:00,1.606245539329626,-3.884029423008572,-1.3040521243449732,1.606245539329626,4.482941686483105,7.106200448402068
TS10,2021-07-31 14:20:00,1.7069189499542459,-3.7978937821740866,-1.2166375224099655,1.7069189499542459,4.577127687516717,7.16988602707217
TS10,2021-07-31 14:25:00,1.6636952408039896,-3.855845751484792,-1.2624856394202817,1.6636952408039896,4.583845045692851,7.146932025892744
TS10,2021-07-31 14:30:00,1.2954905583660048,-4.227079388673113,-1.6350425443809533,1.2954905583660048,4.240920267937447,6.8595014303713135
TS10,2021-07-31 14:35:00,1.1851883496388032,-4.382569058514825,-1.764095524596465,1.1851883496388032,4.098267431943286,6.693340685587107
TS10,2021-07-31 14:40:00,1.2044099025718216,-4.39360925913229,-1.742552765340842,1.2044099025718216,4.139320264992912,6.711448643215395
TS10,2021-07-31 14:45:00,1.262851489696704,-4.310394459841222,-1.6579739697480336,1.262851489696704,4.210754984507546,6.837268750934829
TS10,2021-07-31 14:50:00,1.2819143539044164,-4.2862356491789315,-1.6721425636635128,1.2819143539044164,4.215474754411595,6.898427953691398
TS10,2021-07-31 14:55:00,1.3073884976525934,-4.308594397551047,-1.6784700423192622,1.3073884976525934,4.2494579237639165,6.907157615589879
TS10,2021-07-31 15:00:00,1.2986317243052645,-4.329066713220596,-1.7020062492663564,1.2986317243052645,4.234733952221688,6.904688911714845
TS10,2021-07-31 15:05:00,1.311615150095017,-4.343114091598806,-1.6686379591522216,1.311615150095017,4.236121074933539,6.9212122287295585
TS10,2021-07-31 15:10:00,1.2898229317030472,-4.338631241773185,-1.673646828934328,1.2898229317030472,4.241156146814446,6.937168587934641
TS10,2021-07-31 15:15:00,1.264788255301326,-4.378865562971959,-1.6905375960937048,1.264788255301326,4.241340333261706,6.942566814209667
TS10,2021-07-31 15:20:00,1.2869969180035312,-4.395891563891502,-1.690100866721441,1.2869969180035312,4.240229684284614,7.003556349224068
TS10,2021-07-31 15:25:00,1.2846253611022898,-4.395872174085266,-1.641676145003,1.2846253611022898,4.262555590409561,7.009092210646728
TS10,2021-07-31 15:30:00,1.5965682499527054,-4.07908585167693,-1.355908134343287,1.5965682499527054,4.569444354084462,7.339004296408766
TS10,2021-07-31 15:35:00,1.6938265669629382,-3.9945019352865536,-1.2392543599988524,1.6938265669629382,4.714156913700084,7.437818584211452
TS10,2021-07-31 15:40:00,1.659134874673123,-4.010281572317082,-1.2827880439028703,1.659134874673123,4.700700934639445,7.3935688362943
TS10,2021-07-31 15:45:00,1.4150609201448499,-4.301332124266526,-1.544654443960236,1.4150609201448499,4.416292369955061,7.141864962797237
TS10,2021-07-31 15:50:00,1.3239600438533878,-4.3964885312383855,-1.6554198633953212,1.3239600438533878,4.323373780285561,7.098341560048717
TS10,2021-07-31 15:55:00,1.3239047558168542,-4.4509565079755475,-1.6515060064474034,1.3239047558168542,4.3443536084939876,7.107099805315513
TS10,2021-07-31 16:00:00,1.0013933502315173,-4.779189513367919,-1.9584677656737923,1.0013933502315173,4.035891917940655,6.78818391406625
TS10,2021-07-31 16:05:00,1.0144005274318215,-4.788250970310156,-1.9618303440580247,1.0144005274318215,4.058278366281004,6.839042868739867
TS10,2021-07-31 16:10:00,1.0600863905125153,-4.75681473385855,-1.937895314721724,1.0600863905125153,4.1047020906941105,6.881450685343411
TS10,2021-07-31 16:15:00,1.4970842103334152,-4.326700358147561,-1.515293438178551,1.4970842103334152,4.544693865630762,7.332911730398254
TS10,2021-07-31 16:20:00,1.5749901648234563,-4.255655953557658,-1.4444316073910481,1.5749901648234563,4.629608312453947,7.422067016063758
TS10,2021-07-31 16:25:00,1.5234555553245246,-4.349838353094495,-1.4952389442532643,1.5234555553245246,4.601315271256316,7.373800666103951
TS10,2021-07-31 16:30:00,1.1431468197803616,-4.742812581854417,-1.8900086343413343,1.1431468197803616,4.240959014831764,7.034444261301661
TS10,2021-07-31 16:35:00,1.0536886685583657,-4.886235914500114,-2.006938795289908,1.0536886685583657,4.114508458642123,6.950121048168653
TS10,2021-07-31 16:40:00,1.0381071539104367,-4.864416938152649,-1.9904610208588709,1.0381071539104367,4.161365573279742,7.000184890860459
TS10,2021-07-31 16:45:00,0.9958240066468304,-4.916071648535487,-2.0411149998811897,0.9958240066468304,4.149147828195584,6.9467834610667785
TS10,2021-07-31 16:50:00,1.0126883688981578,-4.900264466084661,-2.022157374157446,1.0126883688981578,4.1592844274246294,6.961573479354328
TS10,2021-07-31 16:55:00,1.0069180583181458,-4.910387418135909,-2.012782328772701,1.0069180583181458,4.141272269732624,6.9855651585725465
TS10,2021-07-31 17:00:00,1.098633289800487,-4.870416787272276,-1.9663969026100152,1.098633289800487,4.2196557837195945,7.060733849455145
TS10,2021-07-31 17:05:00,1.0912536142744518,-4.872889553982127,-1.968772258332329,1.0912536142744518,4.186543155223042,7.086623795676615
TS10,2021-07-31 17:10:00,1.0636612757923334,-4.913942071028491,-2.0073452724219636,1.0636612757923334,4.167464868665866,7.08103704459651
TS10,2021-07-31 17:15:00,0.5002076138956444,-5.471154375316807,-2.5846681259616373,0.5002076138956444,3.628633098950681,6.481784981633842
TS10,2021-07-31 17:20:00,0.4092702394955597,-5.540899866268843,-2.6851213107035425,0.4092702394955597,3.563004050514982,6.410161284551491
TS10,2021-07-31 17:25:00,0.45687710823874056,-5.509605080737879,-2.6445195844780405,0.45687710823874056,3.6358670327311957,6.457145447561681
TS10,2021-07-31 17:30:00,0.7960460664106201,-5.182983285322337,-2.3074913673757034,0.7960460664106201,3.9504083685887386,6.787090945702191
TS10,2021-07-31 17:35:00,0.8375960248387879,-5.128797675040338,-2.2744947625431755,0.8375960248387879,4.017185470297577,6.861834957003563
TS10,2021-07-31 17:40:00,0.8424643071405676,-5.13924764386969,-2.2784832876112313,0.8424643071405676,4.036918308883245,6.9162718963340515
TS10,2021-07-31 17:45:00,0.7307779634341142,-5.258095470087906,-2.388340052100093,0.7307779634341142,3.9635619949035528,6.787614638337954
TS10,2021-07-31 17:50:00,0.6796890635279754,-5.359798693162296,-2.4662881082477734,0.6796890635279754,3.906927647510627,6.77471765334675
TS10,2021-07-31 17:55:00,0.6356264417327085,-5.398367668879692,-2.520991947601486,0.6356264417327085,3.8834754418339457,6.785508436691945
TS10,2021-07-31 18:00:00,0.589460498309366,-5.444066245611492,-2.57804652048805,0.589460498309366,3.8426714990348603,6.753254005159016
TS10,2021-07-31 18:05:00,0.5458634369043875,-5.534667159190194,-2.6297967052863007,0.5458634369043875,3.770702160735021,6.699013796051578
TS10,2021-07-31 18:10:00,0.5532743342792614,-5.561285317651018,-2.6304557374983517,0.5532743342792614,3.7855931372596086,6.732078514198664
TS10,2021-07-31 18:15:00,0.5765162304174237,-5.529431574632732,-2.6049454636815423,0.5765162304174237,3.8381738713821614,6.806710753977667
TS10,2021-07-31 18:20:00,0.5900815231244784,-5.539247304147788,-2.6322894740484646,0.5900815231244784,3.8422771970301226,6.820495702306965
TS10,2021-07-31 18:25:00,0.6104680574652528,-5.518432804198875,-2.620115122463362,0.6104680574652528,3.8861890417096188,6.859892878814903
TS10,2021-07-31 18:30:00,0.7379793570948832,-5.420616582799101,-2.495440658115547,0.7379793570948832,3.9999507556756893,7.008709759547948
TS10,2021-07-31 18:35:00,0.7389356293797332,-5.407349952468042,-2.4871715756343824,0.7389356293797332,4.063508996615827,7.019960748351682
TS10,2021-07-31 18:40:00,0.7664049222511198,-5.358533191265459,-2.4414092082875594,0.7664049222511198,4.107853855596606,7.098197098824736
TS10,2021-07-31 18:45:00,1.0051286729296605,-5.156688291354252,-2.216459743205793,1.0051286729296605,4.3304420656851565,7.350700045142222
TS10,2021-07-31 18:50:00,1.021180137972405,-5.151643719984261,-2.176108353953276,1.021180137972405,4.337582371048908,7.341287652842183
TS10,2021-07-31 18:55:00,0.9969932714157418,-5.166842702216593,-2.204505111546153,0.9969932714157418,4.347302848211505,7.327518090004625
TS10,2021-07-31 19:00:00,1.083646192453182,-5.040984855491196,-2.142712711271059,1.083646192453182,4.409502635628747,7.414299103691495
TS10,2021-07-31 19:05:00,1.0489608877778875,-5.192060112498102,-2.2143031933651915,1.0489608877778875,4.350744174738224,7.330918109038738
TS10,2021-07-31 19:10:00,1.0507153505353626,-5.19132789626334,-2.183616442724107,1.0507153505353626,4.366083815633859,7.374471054283749
TS10,2021-07-31 19:15:00,1.0653488157472693,-5.1606065786821596,-2.176021514213637,1.0653488157472693,4.410783687835118,7.440247533863597
TS10,2021-07-31 19:20:00,1.1235571478013189,-5.1275827229639,-2.128394127840313,1.1235571478013189,4.455488079415397,7.475130895138422
TS10,2021-07-31 19:25:00,1.1251868891075465,-5.144128098267719,-2.1876404567420504,1.1251868891075465,4.4688456146608715,7.503129739513647
TS10,2021-07-31 19:30:00,0.8521056759429229,-5.424921934939378,-2.4155367899611164,0.8521056759429229,4.237765456275269,7.259921501060644
TS10,2021-07-31 19:35:00,0.8869716004352255,-5.415313077216295,-2.446014315539312,0.8869716004352255,4.299868093471427,7.29381651427074
TS10,2021-07-31 19:40:00,0.9095702841527704,-5.4062505992868255,-2.4059551610779972,0.9095702841527704,4.300862236785062,7.326544836892216
TS10,2021-07-31 19:45:00,1.2090953692932738,-5.150585177946769,-2.1545555026164536,1.2090953692932738,4.549223687529291,7.679663662597376
TS10,2021-07-31 19:50:00,1.1743114054751718,-5.173552776731083,-2.187591468007223,1.1743114054751718,4.534769857338748,7.66507862578676
TS10,2021-07-31 19:55:00,1.1201369810596065,-5.280583704091949,-2.2441860462173464,1.1201369810596065,4.492738447898564,7.577224278318082
TS10,2021-07-31 20:00:00,0.5527776172242149,-5.863646241830767,-2.793074162400433,0.5527776172242149,3.9415443633516842,7.040709687679332
TS10,2021-07-31 20:05:00,0.5020850536086113,-5.922194388433595,-2.8976755438433615,0.5020850536086113,3.8926076093925315,7.01129398868456
TS10,2021-07-31 20:10:00,0.46213155183979826,-5.961091208668523,-2.9184917419834693,0.46213155183979826,3.878671976960626,6.981554291038669
TS10,2021-07-31 20:15:00,0.12386841761962873,-6.280730361228673,-3.266868613013408,0.12386841761962873,3.569875646132503,6.743876181766732
TS10,2021-07-31 20:20:00,-0.0066723597848576816,-6.428856439904819,-3.394641873475705,-0.0066723597848576816,3.4130803727493815,6.610095702779775
TS10,2021-07-31 20:25:00,0.051850520289769775,-6.387744998475477,-3.312004087316682,0.051850520289769775,3.5015930827919766,6.688730723753283
TS10,2021-07-31 20:30:00,0.36244581873676485,-6.062577184856636,-3.0088460516767057,0.36244581873676485,3.8217458171670637,7.011917464141675
TS10,2021-07-31 20:35:00,0.39916081990337277,-6.101382133645843,-2.9627506062125577,0.39916081990337277,3.884865348191787,7.10602424309054
TS10,2021-07-31 20:40:00,0.35881767168050693,-6.155946530983813,-3.023812685940543,0.35881767168050693,3.833391118085832,7.050956257397974
TS10,2021-07-31 20:45:00,0.07691312142712012,-6.419940544472561,-3.313768044515013,0.07691312142712012,3.5758124402082707,6.790132979558496
TS10,2021-07-31 20:50:00,-0.010371994168272333,-6.508613605903943,-3.444608759263727,-0.010371994168272333,3.465943831837878,6.702059323358642
TS10,2021-07-31 20:55:00,0.08977347955030193,-6.414978326196589,-3.289128196733248,0.08977347955030193,3.625992799976095,6.8831825725271685
TS10,2021-07-31 21:00:00,1.2005751584934266,-5.323862040028596,-2.2181807411530894,1.2005751584934266,4.728850804070073,8.026518216804092
TS10,2021-07-31 21:05:00,1.3398184312031467,-5.179478271234521,-2.1090009574935533,1.3398184312031467,4.879151181405561,8.169708578970596
TS10,2021-07-31 21:10:00,1.3323930011898346,-5.20714885854154,-2.1310198630947963,1.3323930011898346,4.891362061434453,8.13579662626567
TS10,2021-07-31 21:15:00,1.4780902333401449,-5.040414774535999,-1.9155763760410311,1.4780902333401449,5.050629341842562,8.330683483988404
TS10,2021-07-31 21:20:00,1.533457570093117,-5.066590139592293,-1.9087316401621095,1.533457570093117,5.085558552490318,8.342767921432484
TS10,2021-07-31 21:25:00,1.5663716475733414,-5.019833483372905,-1.8958302723478546,1.5663716475733414,5.098739236119967,8.338025307866467
TS10,2021-07-31 21:30:00,1.1522878484151706,-5.396470314019956,-2.2761299450941177,1.1522878484151706,4.704756592353985,7.985636268931572
TS10,2021-07-31 21:35:00,1.162587357420752,-5.379192598372902,-2.2816958384638735,1.162587357420752,4.71131430449115,8.029923556973008
TS10,2021-07-31 21:40:00,1.199983426269718,-5.394084933513984,-2.3124272364813137,1.199983426269718,4.766369016928716,8.010669569777964
TS10,2021-07-31 21:45:00,1.3710985694093132,-5.2782054862029355,-2.1549064535462046,1.3710985694093132,4.904727060542696,8.199695674049684
TS10,2021-07-31 21:50:00,1.3447411862087137,-5.291618017943999,-2.1580550002215957,1.3447411862087137,4.90616606388717,8.1912029680305
TS10,2021-07-31 21:55:00,1.3568487881676208,-5.298787344807228,-2.1642613616044644,1.3568487881676208,4.918600428175092,8.207543771063179
TS10,2021-07-31 22:00:00,1.579722592185982,-5.108924877005562,-2.023924083153811,1.579722592185982,5.14430155319655,8.396061702432483
TS10,2021-07-31 22:05:00,1.5748118421590265,-5.10137718803062,-1.9980825981902048,1.5748118421590265,5.153477535990664,8.402762233263982
TS10,2021-07-31 22:10:00,1.5785453573557695,-5.10643558627272,-1.9942013210081346,1.5785453573557695,5.167718392161676,8.429079712215241
TS10,2021-07-31 22:15:00,1.158857646184524,-5.551016133516216,-2.4168825540299337,1.158857646184524,4.7893263439817275,8.02669627815801
TS10,2021-07-31 22:20:00,1.1409920223042183,-5.587147524346465,-2.4598497504114003,1.1409920223042183,4.784525032256917,8.035979287004146
TS10,2021-07-31 22:25:00,1.146583352338681,-5.590873704242048,-2.4504716777583475,1.146583352338681,4.778921951547591,8.017610776807206
TS10,2021-07-31 22:30:00,1.3091440219799497,-5.469926450731133,-2.2810556208314647,1.3091440219799497,4.9646255859138115,8.221311755235133
TS10,2021-07-31 22:35:00,1.2912927532435357,-5.473452121672285,-2.2876393410135796,1.2912927532435357,4.970367777428063,8.257881639604
TS10,2021-07-31 22:40:00,1.2939749234137337,-5.54654047764894,-2.277987252151136,1.2939749234137337,4.975919195983873,8.265471612949698
TS10,2021-07-31 22:45:00,1.0418608090829133,-5.787995778972716,-2.517195731911364,1.0418608090829133,4.708397353250284,8.029319222439012
TS10,2021-07-31 22:50:00,1.0534237258446564,-5.78968050753354,-2.5258094960342214,1.0534237258446564,4.728159318534904,8.057088833702217
TS10,2021-07-31 22:55:00,1.0018973034765033,-5.815473217401372,-2.6019083656572266,1.0018973034765033,4.662634970966512,8.006343089411496
TS10,2021-07-31 23:00:00,0.7629374379966166,-6.104463875094816,-2.8776335162042876,0.7629374379966166,4.4234181044029715,7.757227458834992
TS10,2021-07-31 23:05:00,0.7248936887332667,-6.121588330123083,-2.9108864768813976,0.7248936887332667,4.387923256658406,7.709869883764837
TS10,2021-07-31 23:10:00,0.7752206669572742,-6.130720193119181,-2.873462716314242,0.7752206669572742,4.458606573873939,7.781717468316716
TS10,2021-07-31 23:15:00,1.228552318968008,-5.699290789178974,-2.427335438600083,1.228552318968008,4.913326404078554,8.238839309155221
TS10,2021-07-31 23:20:00,1.316706566625807,-5.633238484385669,-2.3805586489471944,1.316706566625807,4.960204519027624,8.273249362624956
TS10,2021-07-31 23:25:00,1.3007537169537422,-5.641203367869547,-2.3990759379205446,1.3007537169537422,4.98141953922099,8.287970764663244
TS10,2021-07-31 23:30:00,0.9980960556112716,-5.9294572275363615,-2.6662101018411137,0.9980960556112716,4.7310597348055925,8.063840544093855
TS10,2021-07-31 23:35:00,0.9773832586045496,-5.969416766401707,-2.74458832858728,0.9773832586045496,4.697634944435718,8.039850992995861
TS10,2021-07-31 23:40:00,1.0088621851398687,-5.9430707387274415,-2.756602316150291,1.0088621851398687,4.705591260699242,8.04120889548166
TS10,2021-07-31 23:45:00,0.9885463546071657,-5.998608750794394,-2.761626871927171,0.9885463546071657,4.705874375570224,8.067432607027987
TS10,2021-07-31 23:50:00,0.9803479460641188,-5.942570322354011,-2.771311795697758,0.9803479460641188,4.712336724538643,8.117351877278086
TS10,2021-07-31 23:55:00,0.8490748486958096,-6.2421842130810745,-2.9691541760374243,0.8490748486958096,4.644671343492402,8.028275804084739
TS11,2021-07-31 00:00:00,-0.5304422939665646,-0.9296849836209861,-0.7422872024604633,-0.5304422939665646,-0.31872597083540566,-0.12811676648347264
TS11,2021-07-31 00:05:00,-0.5257065742270283,-1.0048897955476825,-0.7790691553032145,-0.5257065742270283,-0.27185487745825676,-0.04230429600708514
TS11,2021-07-31 00:10:00,-0.5393062780432109,-1.0827965702855824,-0.8260044626246298,-0.5393062780432109,-0.2515503324698277,0.006786111986213587
TS11,2021-07-31 00:15:00,-0.6052516970037812,-1.1886652062095449,-0.9115824735337202,-0.6052516970037812,-0.28781885574797766,-0.008980427506515674
TS11,2021-07-31 00:20:00,-0.6131371050185593,-1.2470368856763556,-0.9489451448145076,-0.6131371050185593,-0.27480044014222654,0.032687383097916786
TS11,2021-07-31 00:25:00,-0.5933107560570835,-1.2775825322581784,-0.9611455092098067,-0.5933107560570835,-0.23953192014584754,0.08988254346798959
TS11,2021-07-31 00:30:00,-0.5615366759713201,-1.2828642821143168,-0.9424531705442754,-0.5615366759713201,-0.17778658233076883,0.16130709481345895
TS11,2021-07-31 00:35:00,-0.5540510842901947,-1.3175061965818897,-0.9601227254483515,-0.5540510842901947,-0.1651400677567727,0.2042811170767957
TS11,2021-07-31 00:40:00,-0.5679598868574341,-1.3704571216810213,-0.9907131074738621,-0.5679598868574341,-0.1591321521823072,0.22392838388488284
TS11,2021-07-31 00:45:00,-0.637711554518654,-1.468593423235994,-1.0789938558392203,-0.637711554518654,-0.21150994753170402,0.18372341376200885
TS11,2021-07-31 00:50:00,-0.6445784593668726,-1.5101642014881242,-1.098549926030462,-0.6445784593668726,-0.2001220993812925,0.1994421720422122
TS11,2021-07-31 00:55:00,-0.6466662803139505,-1.5326295565059358,-1.1118991428805274,-0.6466662803139505,-0.17745833874522293,0.23356252061584115
TS11,2021-07-31 01:00:00,-0.6432190201480411,-1.554821883194135,-1.1208923806916893,-0.6432190201480411,-0.16307769768982527,0.2713965652696252
TS11,2021-07-31 01:05:00,-0.6358414743178608,-1.5795443626365753,-1.1384449419431273,-0.6358414743178608,-0.14743348551684207,0.2911168503351187
TS11,2021-07-31 01:10:00,-0.6436311224462388,-1.6031353757194287,-1.1548241279632696,-0.6436311224462388,-0.14383135914187128,0.3142321359621769
TS11,2021-07-31 01:15:00,-0.6763584379653841,-1.659635593434709,-1.2052741720404088,-0.6763584379653841,-0.1496375199798976,0.3066846898482128
TS11,2021-07-31 01:20:00,-0.6871022432376852,-1.690486180639733,-1.2202699971167923,-0.6871022432376852,-0.1488058170345469,0.3253444129349531
TS11,2021-07-31 01:25:00,-0.6831262225987516,-1.720369025504533,-1.231525754491001,-0.6831262225987516,-0.13876712440632813,0.35560559883919685
TS11,2021-07-31 01:30:00,-0.6870585405437282,-1.751237330722898,-1.2515534353485713,-0.6870585405437282,-0.13359583497020622,0.3698112396927777
TS11,2021-07-31 01:35:00,-0.6941025953708191,-1.7734695490355157,-1.2643896911538015,-0.6941025953708191,-0.12096458357561268,0.3895957172379544
TS11,2021-07-31 01:40:00,-0.6962694376620058,-1.7952485509611702,-1.2856034641473633,-0.6962694376620058,-0.10940560503381852,0.42057120449336716
TS11,2021-07-31 01:45:00,-0.7032369573646566,-1.820329971396186,-1.3042101741645173,-0.7032369573646566,-0.10718669858837293,0.42963570874534024
TS11,2021-07-31 01:50:00,-0.7073908829346423,-1.8347815190537529,-1.3102585464152665,-0.7073908829346423,-0.09769401799700583,0.4487552106144691
TS11,2021-07-31 01:55:00,-0.7067384436293858,-1.8596534903591193,-1.3175411436093503,-0.7067384436293858,-0.08444677817256974,0.47251073084821665
TS11,2021-07-31 02:00:00,-0.706803793584895,-1.8873311958420962,-1.3388050245810685,-0.706803793584895,-0.07485022332443762,0.4791101347111541
TS11,2021-07-31 02:05:00,-0.7161929873659899,-1.9160510115787543,-1.3465866697811746,-0.7161929873659899,-0.06222218932889378,0.4958517019795957
TS11,2021-07-31 02:10:00,-0.7083441501963776,-1.9308806281284658,-1.354631585543358,-0.7083441501963776,-0.060784688534604434,0.5189589562768524
TS11,2021-07-31 02:15:00,-0.6921185396405323,-1.9377421548119158,-1.3481558662547335,-0.6921185396405323,-0.031140331239755126,0.5493797682638799
TS11,2021-07-31 02:20:00,-0.6804262463734246,-1.9433870944636027,-1.3459294641713333,-0.6804262463734246,-0.011289977542035944,0.5751075524590845
TS11,2021-07-31 02:25:00,-0.6803747395128222,-1.952508839567483,-1.348831724078231,-0.6803747395128222,-0.004586577534667881,0.5913235971597885
TS11,2021-07-31 02:30:00,-0.703060223850441,-1.9934154017254684,-1.3916877850287706,-0.703060223850441,-0.011280246259022478,0.5927580813676379
TS11,2021-07-31 02:35:00,-0.7149320479907114,-2.0190170638870417,-1.4107531973841687,-0.7149320479907114,-0.008135351013547988,0.6008007455778924
TS11,2021-07-31 02:40:00,-0.7114788658987777,-2.0481069159117133,-1.4196011720446002,-0.7114788658987777,0.007935902136380527,0.6251919115960454
TS11,2021-07-31 02:45:00,-0.7018117043963515,-2.0473968694943037,-1.4218488292262261,-0.7018117043963515,0.022380420005633776,0.6541367631622368
TS11,2021-07-31 02:50:00,-0.7019700025371363,-2.067945931778187,-1.4299347597078935,-0.7019700025371363,0.030675564838092646,0.665072291428867
TS11,2021-07-31 02:55:00,-0.7054439763674343,-2.0882741830360416,-1.4375494379413067,-0.7054439763674343,0.045504231182713906,0.6801265261249715
TS11,2021-07-31 03:00:00,-0.7305144949218874,-2.1221818048595464,-1.4587667897128709,-0.7305144949218874,0.030597582007598767,0.6902613921925209
TS11,2021-07-31 03:05:00,-0.7265897507692449,-2.136962134489366,-1.4658943923427585,-0.7265897507692449,0.03917013519032119,0.7014689678136424
TS11,2021-07-31 03:10:00,-0.7191164606068494,-2.1481774246599166,-1.4722185002752823,-0.7191164606068494,0.05669525033487283,0.7241431444764029
TS11,2021-07-31 03:15:00,-0.7185486507172437,-2.1576796332399253,-1.4852696380138288,-0.7185486507172437,0.0620902925868738,0.7463713961898061
TS11,2021-07-31 03:20:00,-0.7191276919042863,-2.1789902295984684,-1.4911566638381837,-0.7191276919042863,0.06383465050492054,0.7561100388457493
TS11,2021-07-31 03:25:00,-0.7085332392004516,-2.1934379318147834,-1.4971208858559235,-0.7085332392004516,0.07065405838953834,0.7720717857567403
TS11,2021-07-31 03:30:00,-0.7197017229067268,-2.2195535340954167,-1.51811732603985,-0.7197017229067268,0.06865673537195412,0.7780691867223863
TS11,2021-07-31 03:35:00,-0.7216289555705299,-2.233828434141128,-1.5253825887777737,-0.7216289555705299,0.07541069123992458,0.7846349476986795
TS11,2021-07-31 03:40:00,-0.7170887223395647,-2.2626568813893004,-1.5413871036365145,-0.7170887223395647,0.08501988237593136,0.7978016312462195
TS11,2021-07-31 03:45:00,-0.7286586204670109,-2.2783850634176464,-1.548246479629718,-0.7286586204670109,0.09095206799277358,0.808156170688456
TS11,2021-07-31 03:50:00,-0.7371979703089183,-2.2965298120185254,-1.5518121481392997,-0.7371979703089183,0.09253665923033733,0.8217238402773557
TS11,2021-07-31 03:55:00,-0.7336209784450438,-2.3188487803559448,-1.5550697575704513,-0.7336209784450438,0.10191078399607306,0.8383998371189807
TS11,2021-07-31 04:00:00,-0.7324892804061182,-2.343619911948067,-1.5766240300320788,-0.7324892804061182,0.09363450965204848,0.827535171369923
TS11,2021-07-31 04:05:00,-0.7288955074986481,-2.356129534872352,-1.5916077653637863,-0.7288955074986481,0.09774342186571969,0.8445230185930417
TS11,2021-07-31 04:10:00,-0.7258228845711944,-2.3778424125918907,-1.5948952489802743,-0.7258228845711944,0.11471505596380006,0.8659242488440722
TS11,2021-07-31 04:15:00,-0.7305625993516899,-2.3880131290217586,-1.598109242349231,-0.7305625993516899,0.12140367244409467,0.8600148395054202
TS11,2021-07-31 04:20:00,-0.7337967097392505,-2.392213580298737,-1.6063756042174373,-0.7337967097392505,0.12282859941298292,0.8805363739477398
TS11,2021-07-31 04:25:00,-0.7267637721298302,-2.3975524740712366,-1.6115811706889926,-0.7267637721298302,0.13245265448353513,0.8977082641851426
TS11,2021-07-31 04:30:00,-0.7297520500609319,-2.4148252721732977,-1.615017283201849,-0.7297520500609319,0.1360149454356519,0.9043883774575312
TS11,2021-07-31 04:35:00,-0.7373003376563629,-2.4250503899462963,-1.6274684186503865,-0.7373003376563629,0.14741606554418085,0.9107759096840057
TS11,2021-07-31 04:40:00,-0.7329991838096489,-2.4435905053212283,-1.6317957227175846,-0.7329991838096489,0.1437913259922388,0.9360429419756968
TS11,2021-07-31 04:45:00,-0.7403183044202346,-2.4554349837640115,-1.6446161376670316,-0.7403183044202346,0.1470719575165423,0.9407540548859759
TS11,2021-07-31 04:50:00,-0.7361762555606477,-2.4680150949806627,-1.666476979308415,-0.7361762555606477,0.14713286426686134,0.9535109405774078
TS11,2021-07-31 04:55:00,-0.735748093122908,-2.4954710765245527,-1.6572292318119926,-0.735748093122908,0.15167432820619728,0.9610655000130537
TS11,2021-07-31 05:00:00,-0.7349133352043974,-2.5084029924748226,-1.660942791605752,-0.7349133352043974,0.1625118205716043,0.9630618357416716
TS11,2021-07-31 05:05:00,-0.7430520330225974,-2.517661005696195,-1.6663824849399242,-0.7430520330225974,0.1618450562901059,0.9813265646828047
TS11,2021-07-31 05:10:00,-0.7455840314200524,-2.523440100247055,-1.6741425629368787,-0.7455840314200524,0.1627269530735065,1.0021324337346933
TS11,2021-07-31 05:15:00,-0.7484881729330399,-2.522868395577303,-1.6931468754007706,-0.7484881729330399,0.162664518146303,1.0111180259428094
TS11,2021-07-31 05:20:00,-0.7493694299971742,-2.521776866782302,-1.6915110578055168,-0.7493694299971742,0.17902817677462962,1.029603843613956
TS11,2021-07-31 05:25:00,-0.7475625549246072,-2.543390602203038,-1.7020727034928553,-0.7475625549246072,0.18567578891450068,1.0445794963097106
TS11,2021-07-31 05:30:00,-0.756142906785788,-2.5639803663457035,-1.6962480364328256,-0.756142906785788,0.19849745749638456,1.0522110725504374
TS11,2021-07-31 05:35:00,-0.7524219004443762,-2.5732206488227396,-1.7081854732418393,-0.7524219004443762,0.20044681838199654,1.0668286162805667
TS11,2021-07-31 05:40:00,-0.7596270172279719,-2.5879539887251264,-1.726684478201715,-0.7596270172279719,0.2094325666362897,1.071448825118792
TS11,2021-07-31 05:45:00,-0.7463057267876754,-2.5872358817303582,-1.7207454040921593,-0.7463057267876754,0.22121715752085014,1.0869889490667184
TS11,2021-07-31 05:50:00,-0.7459772014073474,-2.6000528500113456,-1.717974798237693,-0.7459772014073474,0.22754148441381877,1.084782096581483
TS11,2021-07-31 05:55:00,-0.7469992713174218,-2.6077884251374077,-1.7178761315933766,-0.7469992713174218,0.23962316125550298,1.1139942227364246
TS11,2021-07-31 06:00:00,-0.7573881209532716,-2.6448528493871573,-1.738517423215332,-0.7573881209532716,0.22366128379591627,1.1050232832982645
TS11,2021-07-31 06:05:00,-0.7574269042412485,-2.649761266606075,-1.7459987011171103,-0.7574269042412485,0.2427761171634665,1.1192898554190585
TS11,2021-07-31 06:10:00,-0.7513692598300558,-2.657977063082419,-1.7511381675083035,-0.7513692598300558,0.24243839917460366,1.139467337106566
TS11,2021-07-31 06:15:00,-0.7564372022148754,-2.6824350225644134,-1.7577673229746102,-0.7564372022148754,0.25673558588321926,1.1524609509647006
TS11,2021-07-31 06:20:00,-0.7550516132174672,-2.680909169825707,-1.7756275340174017,-0.7550516132174672,0.256343145621544,1.158623810796216
TS11,2021-07-31 06:25:00,-0.7602187893883984,-2.683412851207944,-1.7832113395035252,-0.7602187893883984,0.25309226876002133,1.1845383324562817
TS11,2021-07-31 06:30:00,-0.7529701261012555,-2.6912636875163294,-1.7821956865354718,-0.7529701261012555,0.26975733021452175,1.1838829970087794
TS11,2021-07-31 06:35:00,-0.7547683455421254,-2.7030274356643185,-1.7933084906742558,-0.7547683455421254,0.271739644059007,1.2027618210812017
TS11,2021-07-31 06:40:00,-0.7456220570566519,-2.7065988449922513,-1.7853902249984999,-0.7456220570566519,0.2861440652422978,1.2195531392930303
TS11,2021-07-31 06:45:00,-0.7505058228404154,-2.721594438834995,-1.7917898446994567,-0.7505058228404154,0.2921312761602613,1.2150456532156257
TS11,2021-07-31 06:50:00,-0.7484236808720198,-2.744084053268288,-1.7966404310456856,-0.7484236808720198,0.30462603508353586,1.2351952508822248
TS11,2021-07-31 06:55:00,-0.7395164214419715,-2.749768815621972,-1.8052652905874742,-0.7395164214419715,0.31591267329415684,1.24584027282335
TS11,2021-07-31 07:00:00,-0.748062556909305,-2.7651614664397646,-1.8055926457428992,-0.748062556909305,0.3147337588421537,1.246814923531689
TS11,2021-07-31 07:05:00,-0.7439233533641404,-2.778188259693377,-1.8196624332322937,-0.7439233533641404,0.30680845918974514,1.2541740814413513
TS11,2021-07-31 07:10:00,-0.7592898854403708,-2.7991986331661893,-1.8296044530080304,-0.7592898854403708,0.31468757569833805,1.2735134980030005
TS11,2021-07-31 07:15:00,-0.7528184904005081,-2.8058081536814847,-1.8299259968496808,-0.7528184904005081,0.324510584466501,1.2802318485129915
TS11,2021-07-31 07:20:00,-0.7509826202900978,-2.8059594212317136,-1.8423869076787802,-0.7509826202900978,0.32710918369022013,1.2941127640779362
TS11,2021-07-31 07:25:00,-0.7431963283666648,-2.8218021187104894,-1.8482750057032766,-0.7431963283666648,0.3262206149577114,1.2980299330180463
TS11,2021-07-31 07:30:00,-0.7514931577056597,-2.8184911540414634,-1.8446104549478326,-0.7514931577056597,0.3306203752575955,1.2988814088376714
TS11,2021-07-31 07:35:00,-0.7512624190953486,-2.8445423082126755,-1.8421310845919456,-0.7512624190953486,0.33976693908730654,1.3097545601787175
TS11,2021-07-31 07:40:00,-0.7499350268339954,-2.8761106714383264,-1.8516795380051603,-0.7499350268339954,0.34425379848953114,1.3122684065989902
TS11,2021-07-31 07:45:00,-0.7552714123042227,-2.873164365289793,-1.8540815546600333,-0.7552714123042227,0.35306128587393737,1.3245398401380244
TS11,2021-07-31 07:50:00,-0.7616265918919631,-2.878753029723903,-1.8689583544595176,-0.7616265918919631,0.36231256150447083,1.3403085971266695
TS11,2021-07-31 07:55:00,-0.7631173689155284,-2.867593937063743,-1.8710371131242571,-0.7631173689155284,0.35990932331845543,1.3583059205969024
TS11,2021-07-31 08:00:00,-0.7695378913072934,-2.89635974668423,-1.8849410127549564,-0.7695378913072934,0.3627538514821207,1.3710744491529818
TS11,2021-07-31 08:05:00,-0.7626582334440853,-2.8951040680581617,-1.8828617338366576,-0.7626582334440853,0.3625532290949244,1.382654845637669
TS11,2021-07-31 08:10:00,-0.7571475729076936,-2.90528699122793,-1.8891197723137618,-0.7571475729076936,0.37688056591997077,1.381545198906015
TS11,2021-07-31 08:15:00,-0.759243328315624,-2.903000587948365,-1.8986896031758769,-0.759243328315624,0.37012975008753546,1.3821906887619357
TS11,2021-07-31 08:20:00,-0.7562813253647609,-2.9179001726957123,-1.8952519217566985,-0.7562813253647609,0.3784541498861797,1.4036403252355414
TS11,2021-07-31 08:25:00,-0.7578307204190962,-2.93033449783123,-1.8918606625432637,-0.7578307204190962,0.3886293840199804,1.4254819833111032
TS11,2021-07-31 08:30:00,-0.7572439156692531,-2.95262778710316,-1.9006999420753266,-0.7572439156692531,0.39401733753390117,1.403864696310087
TS11,2021-07-31 08:35:00,-0.76113640054023,-2.96118403629746,-1.9075627875578376,-0.76113640054023,0.39661849984113523,1.4339639279060914
TS11,2021-07-31 08:40:00,-0.7537333230031503,-2.9876178320654803,-1.9153025524226654,-0.7537333230031503,0.3886335483830812,1.464310624784157
TS11,2021-07-31 08:45:00,-0.7538767560755727,-2.9858423269810777,-1.9242399101091354,-0.7538767560755727,0.4155556901011571,1.4721007278364968
TS11,2021-07-31 08:50:00,-0.760742986284862,-2.974908771903686,-1.949233159975081,-0.760742986284862,0.4196785827637065,1.4661764238478865
TS11,2021-07-31 08:55:00,-0.7577228802393651,-2.9903012728513088,-1.9454274454848566,-0.7577228802393651,0.4296400943775597,1.468762947341642
TS11,2021-07-31 09:00:00,-0.736658191079267,-2.9715127676768636,-1.9340013590618044,-0.736658191079267,0.4647190106441299,1.5047494316184402
TS11,2021-07-31 09:05:00,-0.7310936715512297,-2.964917390052575,-1.921196271734887,-0.7310936715512297,0.48089968666424987,1.5246725153864833
TS11,2021-07-31 09:10:00,-0.7302034811202047,-2.9632856507160454,-1.9290601670637413,-0.7302034811202047,0.4789862243901552,1.5390149568960276
TS11,2021-07-31 09:15:00,-0.7373032687625811,-2.974595955641053,-1.9314978679974761,-0.7373032687625811,0.47854422288378695,1.5418750310747757
TS11,2021-07-31 09:20:00,-0.7375335325677175,-2.9935792587251857,-1.9318162438115611,-0.7375335325677175,0.47416950791942974,1.5375761546647635
TS11,2021-07-31 09:25:00,-0.749605894235511,-3.0072450676560796,-1.933167297621943,-0.749605894235511,0.48144096125137564,1.5390319687676064
TS11,2021-07-31 09:30:00,-0.7313693020948159,-3.0319859282108244,-1.9459936653908647,-0.7313693020948159,0.47771812291310756,1.5549450685745407
TS11,2021-07-31 09:35:00,-0.7380404340529053,-3.0490880467256303,-1.9469366661160958,-0.7380404340529053,0.485240547434312,1.5660086833110702
TS11,2021-07-31 09:40:00,-0.7410432498535274,-3.048033268797057,-1.9480691831452217,-0.7410432498535274,0.5011732441697101,1.5776669079500378
TS11,2021-07-31 09:45:00,-0.7462619266151415,-3.055541252795202,-1.9552620709389017,-0.7462619266151415,0.5021064938450862,1.585593239308476
TS11,2021-07-31 09:50:00,-0.7531836945377683,-3.0708109202797433,-1.968915998245666,-0.7531836945377683,0.4957818036362262,1.5968477546118143
TS11,2021-07-31 09:55:00,-0.7544099470920371,-3.055352525033287,-1.9762385179200581,-0.7544099470920371,0.5027663238550024,1.6079044008117536
TS11,2021-07-31 10:00:00,-0.7295443416122066,-3.053088084382183,-1.9613458152249201,-0.7295443416122066,0.5189825572611195,1.614671284706369
TS11,2021-07-31 10:05:00,-0.7364103559113631,-3.0550768302966174,-1.966039465135266,-0.7364103559113631,0.5292529639312598,1.6375978200963603
TS11,2021-07-31 10:10:00,-0.7344698313414202,-3.0835040398217695,-1.9690335742619032,-0.7344698313414202,0.5314438118362197,1.6487556598249102
TS11,2021-07-31 10:15:00,-0.759389990946594,-3.110908568559487,-1.9782289077167563,-0.759389990946594,0.5192332118170293,1.6184188545876546
TS11,2021-07-31 10:20:00,-0.7503059216124508,-3.1189809231671553,-1.9850018129653746,-0.7503059216124508,0.5233619539832917,1.6333443887396992
TS11,2021-07-31 10:25:00,-0.7453306934390014,-3.145920743465023,-1.9861559834996672,-0.7453306934390014,0.5317946439560826,1.6430610629470674
TS11,2021-07-31 10:30:00,-0.7393465892676448,-3.1270803398874216,-1.9898552471043556,-0.7393465892676448,0.5383059246980803,1.658640946669335
TS11,2021-07-31 10:35:00,-0.746416037374622,-3.1480281374394696,-1.9895411794951765,-0.746416037374622,0.5333840178995235,1.6695555506604174
TS11,2021-07-31 10:40:00,-0.7392510410184897,-3.1506208356148946,-1.9998760138137976,-0.7392510410184897,0.5473795934080231,1.6740649092868716
TS11,2021-07-31 10:45:00,-0.6989551246326245,-3.112642242302058,-1.9589833753502417,-0.6989551246326245,0.5830638130991015,1.7148248763192058
TS11,2021-07-31 10:50:00,-0.7037226625373842,-3.1151311385506366,-1.9704663020346402,-0.7037226625373842,0.5895751966538945,1.7389259584582633
TS11,2021-07-31 10:55:00,-0.7073284168675686,-3.1349478985548647,-1.9730825106387604,-0.7073284168675686,0.5850770248797561,1.730754006138837
TS11,2021-07-31 11:00:00,-0.7249290640805074,-3.1458898539445035,-1.9967298109119036,-0.7249290640805074,0.5814140020371892,1.735521360423734
TS11,2021-07-31 11:05:00,-0.7291317354218809,-3.1699392005596714,-2.0008523946484376,-0.7291317354218809,0.5733185680745043,1.7395840014824808
TS11,2021-07-31 11:10:00,-0.7218534117918526,-3.1510351662734175,-2.0044587044328877,-0.7218534117918526,0.577654761345472,1.7517907132749577
TS11,2021-07-31 11:15:00,-0.6947001686120065,-3.119573207764479,-1.9597891225084811,-0.6947001686120065,0.6250139776049589,1.7839358131648455
TS11,2021-07-31 11:20:00,-0.6856460294799952,-3.112196760353524,-1.9595641916307003,-0.6856460294799952,0.6336689317352543,1.797424204010324
TS11,2021-07-31 11:25:00,-0.6831056769511532,-3.1180679741018937,-1.9661089481421583,-0.6831056769511532,0.653284796652101,1.7977637924371217
TS11,2021-07-31 11:30:00,-0.6722960158625636,-3.1416499751519322,-1.9645183061629832,-0.6722960158625636,0.6670198841673014,1.8026926948041408
TS11,2021-07-31 11:35:00,-0.6859303915335967,-3.1528742370256424,-1.9673764898383845,-0.6859303915335967,0.6465987314970477,1.804864783118473
TS11,2021-07-31 11:40:00,-0.6891792036299882,-3.1837706109303707,-1.9705135883361629,-0.6891792036299882,0.6508429886418986,1.8164817806691858
TS11,2021-07-31 11:45:00,-0.6872956424152012,-3.2013082662704466,-1.9675768065554555,-0.6872956424152012,0.6448356424303471,1.8339668865551944
TS11,2021-07-31 11:50:00,-0.6854495083601106,-3.209110730689705,-1.980622577273963,-0.6854495083601106,0.65646560628948,1.8416201448273144
TS11,2021-07-31 11:55:00,-0.6750034725311765,-3.210537245789719,-2.0031762886262388,-0.6750034725311765,0.6643456625712996,1.8588588509052508
TS11,2021-07-31 12:00:00,-0.4438949361991877,-2.9736642147405394,-1.7700472914782948,-0.4438949361991877,0.9014526798517054,2.09675683142018
TS11,2021-07-31 12:05:00,-0.4450335776767098,-2.9895934106841153,-1.7712265619242953,-0.4450335776767098,0.8952836851334903,2.1050798616627615
TS11,2021-07-31 12:10:00,-0.45563419798615507,-2.981671623378274,-1.7728721553880642,-0.45563419798615507,0.907693891198378,2.125929518437399
TS11,2021-07-31 12:15:00,-0.4241652788463738,-2.9738354480761062,-1.7308257888512213,-0.4241652788463738,0.9436420908215526,2.1594287449814384
TS11,2021-07-31 12:20:00,-0.4288654868543633,-2.9661713309462194,-1.7374218639560826,-0.4288654868543633,0.9414318143242174,2.1778041236434484
TS11,2021-07-31 12:25:00,-0.3545849165071567,-2.918908664075573,-1.6977332639861134,-0.3545849165071567,1.0058581538390992,2.239600087074693
TS11,2021-07-31 12:30:00,-0.1594542096931778,-2.7243600649394573,-1.504868148647152,-0.1594542096931778,1.2096595643831463,2.454316410605437
TS11,2021-07-31 12:35:00,-0.08995127117327444,-2.659621673307764,-1.4423126868315261,-0.08995127117327444,1.2822234350465156,2.532189582913678
TS11,2021-07-31 12:40:00,-0.14577561134497308,-2.7312792505518364,-1.4947573529951983,-0.14577561134497308,1.2294289280667328,2.4956065590765926
TS11,2021-07-31 12:45:00,-0.32793056677189303,-2.911221807322079,-1.687417139421682,-0.32793056677189303,1.0488894100052695,2.295908900123309
TS11,2021-07-31 12:50:00,-0.41459521695543217,-2.984055447637444,-1.7736602571206046,-0.41459521695543217,0.9740729971435738,2.2331031028399297
TS11,2021-07-31 12:55:00,-0.43090747044683314,-3.021283808285417,-1.7905384409762561,-0.43090747044683314,0.9512217687615535,2.220845200053942
TS11,2021-07-31 13:00:00,-0.22456605210944125,-2.822651321467851,-1.5821212104059066,-0.22456605210944125,1.1637354483749287,2.4299665634881737
TS11,2021-07-31 13:05:00,-0.20825438553307163,-2.8321153211780334,-1.5821700933907341,-0.20825438553307163,1.1623694712579096,2.4304913385561333
TS11,2021-07-31 13:10:00,-0.20504615056356926,-2.8490324231448816,-1.5918842975579666,-0.20504615056356926,1.1739740530186908,2.4405828978405775
TS11,2021-07-31 13:15:00,-0.20951786570267564,-2.8503938421677235,-1.5861309997563902,-0.20951786570267564,1.1811390619718725,2.449555093984874
TS11,2021-07-31 13:20:00,-0.20717707274131922,-2.862887493146148,-1.5826326572978953,-0.20717707274131922,1.183323330256809,2.4698916187682536
TS11,2021-07-31 13:25:00,-0.20483468320133025,-2.850044193764516,-1.5969220943455793,-0.20483468320133025,1.1964431494495016,2.4836029216236684
TS11,2021-07-31 13:30:00,-0.15523274643664559,-2.8254602231986667,-1.5565110164629719,-0.15523274643664559,1.2438132449037087,2.518107965661128
TS11,2021-07-31 13:35:00,-0.14919586844016608,-2.839963594062659,-1.568990845558005,-0.14919586844016608,1.2483142619696737,2.51549086504667
TS11,2021-07-31 13:40:00,-0.16837955872430876,-2.834620329475777,-1.5717408929672922,-0.16837955872430876,1.2528646138253319,2.522848605716602
TS11,2021-07-31 13:45:00,-0.20999724566301836,-2.876805225914832,-1.6107062277092719,-0.20999724566301836,1.2131320192067285,2.493948796801636
TS11,2021-07-31 13:50:00,-0.2063750030273721,-2.88607597081851,-1.6180243981198321,-0.2063750030273721,1.2119929357037538,2.501485430898263
TS11,2021-07-31 13:55:00,-0.2088692937968173,-2.9032803768896436,-1.6306096320658927,-0.2088692937968173,1.2148489132992502,2.508149080184417
TS11,2021-07-31 14:00:00,-0.13771013433885257,-2.8412522926052666,-1.5492174228215965,-0.13771013433885257,1.2927301745862565,2.6020982847640592
TS11,2021-07-31 14:05:00,-0.13418871525045523,-2.843954420171355,-1.5636221063807052,-0.13418871525045523,1.3139637601713676,2.5911083244900084
TS11,2021-07-31 14:10:00,-0.13536112351825855,-2.8688660396015035,-1.5873268514107644,-0.13536112351825855,1.2986462189756585,2.6098638058962047
TS11,2021-07-31 14:15:00,-0.131903838930881,-2.8800644317182966,-1.587660069899676,-0.131903838930881,1.3086466123303384,2.620637334459893
TS11,2021-07-31 14:20:00,-0.1278970752568024,-2.883140957920302,-1.5899190412696314,-0.1278970752568024,1.3099830074804315,2.608410158980411
TS11,2021-07-31 14:25:00,-0.1308010844197939,-2.8932130732018746,-1.5942753443176092,-0.1308010844197939,1.3299441330111572,2.6151821166252787
TS11,2021-07-31 14:30:00,-0.14118823648793552,-2.9054725105160712,-1.606896182814436,-0.14118823648793552,1.3312608572820372,2.641849881537099
TS11,2021-07-31 14:35:00,-0.13141243959414797,-2.9166463640496834,-1.6058690584374335,-0.13141243959414797,1.326659971190401,2.626847513460035
TS11,2021-07-31 14:40:00,-0.12705773577072385,-2.9264849936053494,-1.600726350641584,-0.12705773577072385,1.3411563618275548,2.6311971233473312
TS11,2021-07-31 14:45:00,-0.07898909809902374,-2.867702569128035,-1.5410912673539405,-0.07898909809902374,1.3953669214953,2.710254484863316
TS11,2021-07-31 14:50:00,-0.05687832695151325,-2.8437814889877444,-1.5342798942352895,-0.05687832695151325,1.411248007879319,2.751911418206144
TS11,2021-07-31 14:55:00,-0.054658184211252014,-2.863702524168524,-1.5467116714006868,-0.054658184211252014,1.4175787406243363,2.7470483281784257
TS11,2021-07-31 15:00:00,-0.11668120206509487,-2.9315203703813126,-1.61568256319301,-0.11668120206509487,1.353114902864994,2.6883641096188446
TS11,2021-07-31 15:05:00,-0.1329662707173104,-2.9605296750185826,-1.6230014663382948,-0.1329662707173104,1.3318407318963539,2.674172943958946
TS11,2021-07-31 15:10:00,-0.14792626139756626,-2.9640895402295087,-1.6306244439457909,-0.14792626139756626,1.3292794206386616,2.6767859774881533
TS11,2021-07-31 15:15:00,-0.11186314624807074,-2.935394054520059,-1.5911333012110358,-0.11186314624807074,1.3770127525137592,2.7271103040195976
TS11,2021-07-31 15:20:00,-0.09641280740896423,-2.938186554223439,-1.5857923299755246,-0.09641280740896423,1.3821668274889405,2.760598409251018
TS11,2021-07-31 15:25:00,-0.1021517408669776,-2.943329806174363,-1.5688000306435275,-0.1021517408669776,1.387860282775701,2.7589242082118215
TS11,2021-07-31 15:30:00,-0.06645133267788766,-2.905922937915281,-1.5452001595062572,-0.06645133267788766,1.4215289035450793,2.803241607269684
TS11,2021-07-31 15:35:00,-0.0630680489194326,-2.9087592217593876,-1.533294134528624,-0.0630680489194326,1.4466417189085632,2.8078127896344647
TS11,2021-07-31 15:40:00,-0.06400460135577282,-2.9016199323961804,-1.538486090013765,-0.06400460135577282,1.4555691884985817,2.803033475906338
TS11,2021-07-31 15:45:00,-0.0687580249936902,-2.928113203877048,-1.551544425952343,-0.0687580249936902,1.4328162081101938,2.795308841598143
TS11,2021-07-31 15:50:00,-0.07377366971397131,-2.935443994032181,-1.5657116722226685,-0.07377366971397131,1.4272307335524812,2.812304013807898
TS11,2021-07-31 15:55:00,-0.06865823491021505,-2.955431281487979,-1.5590522175293196,-0.06865823491021505,1.4421175200834218,2.8218861282418297
TS11,2021-07-31 16:00:00,-0.04657750321574234,-2.9364176632250945,-1.53018618806463,-0.04657750321574234,1.4708072063711348,2.8460718463947265
TS11,2021-07-31 16:05:00,-0.04347959827887829,-2.9437827995299797,-1.534746753913337,-0.04347959827887829,1.4784004569520128,2.866775619021343
TS11,2021-07-31 16:10:00,-0.054854252571092256,-2.962080924807587,-1.5562146098143799,-0.054854252571092256,1.467609687858701,2.8543926379515723
TS11,2021-07-31 16:15:00,-0.11758562907348727,-3.028401410581131,-1.6257099518206004,-0.11758562907348727,1.4064823559034167,2.798679914548716
TS11,2021-07-31 16:20:00,-0.13869075219750188,-3.05308428601242,-1.6502516897626809,-0.13869075219750188,1.388797867807642,2.78313811491533
TS11,2021-07-31 16:25:00,-0.1335821069904742,-3.067746819631809,-1.6450619546872893,-0.1335821069904742,1.4046726670642995,2.7901971210703262
TS11,2021-07-31 16:30:00,-0.1358661025491453,-3.0762327112568952,-1.6541377068572507,-0.1358661025491453,1.4116652667634977,2.8069163114237328
TS11,2021-07-31 16:35:00,-0.12984969150488682,-3.0951066872908157,-1.660800212006976,-0.12984969150488682,1.4011878833762175,2.8157258097865228
TS11,2021-07-31 16:40:00,-0.0881873343633262,-3.036987329156762,-1.6048760773075854,-0.0881873343633262,1.4713523194800837,2.887563220850503
TS11,2021-07-31 16:45:00,0.0346112907765057,-2.9188964269155413,-1.48611121227117,0.0346112907765057,1.6080025864798504,3.005797187692406
TS11,2021-07-31 16:50:00,0.10413614195600088,-2.850315283890337,-1.4158840442947769,0.10413614195600088,1.6747280571084695,3.0748489983358747
TS11,2021-07-31 16:55:00,0.055493898518491167,-2.9013918439893933,-1.4579169946117718,0.055493898518491167,1.6207900001003586,3.0401393251639264
TS11,2021-07-31 17:00:00,-0.008796520937893508,-2.9895623220930974,-1.5429647575877774,-0.008796520937893508,1.5507104458921104,2.968824361063155
TS11,2021-07-31 17:05:00,-0.07897522139179826,-3.057982195581365,-1.6111220980597805,-0.07897522139179826,1.469129582405539,2.9141632609011046
TS11,2021-07-31 17:10:00,-0.08423212785775092,-3.0697916208436333,-1.6215908600810072,-0.08423212785775092,1.4679684251857739,2.919326158167109
TS11,2021-07-31 17:15:00,-0.14573032482762882,-3.128925224736814,-1.6896074259458838,-0.14573032482762882,1.4178546283899411,2.8420877256198054
TS11,2021-07-31 17:20:00,-0.16919601010311316,-3.1432594976227195,-1.7176210186751875,-0.16919601010311316,1.4060833325763258,2.8278207366432806
TS11,2021-07-31 17:25:00,-0.15573074724179675,-3.137633553614203,-1.7075666373880705,-0.15573074724179675,1.4312191439832547,2.8414621264126776
TS11,2021-07-31 17:30:00,-0.09164185025325436,-3.0796794688948506,-1.6446868887912003,-0.09164185025325436,1.4844033826504115,2.901833613595464
TS11,2021-07-31 17:35:00,-0.08310573362684073,-3.0658811005935487,-1.640261289092988,-0.08310573362684073,1.5045956511296736,2.9258469500284963
TS11,2021-07-31 17:40:00,-0.09394097170602508,-3.0841026964710077,-1.6553438485650496,-0.09394097170602508,1.5007263123453678,2.9378978017536137
TS11,2021-07-31 17:45:00,-0.16725395312458174,-3.161109914391109,-1.7280673065846806,-0.16725395312458174,1.4449979100353272,2.857358100787981
TS11,2021-07-31 17:50:00,-0.1962125628379933,-3.213426286863658,-1.769418767559482,-0.1962125628379933,1.4137679181343117,2.846135470129065
TS11,2021-07-31 17:55:00,-0.2077909486164959,-3.222970063668953,-1.7860502613407412,-0.2077909486164959,1.4117540311824814,2.859831793713014
TS11,2021-07-31 18:00:00,-0.15890793697544697,-3.1743254513366015,-1.7423319624039448,-0.15890793697544697,1.4633007733581376,2.915460463480134
TS11,2021-07-31 18:05:00,-0.13912527956024512,-3.1762634396213203,-1.7264753702050508,-0.13912527956024512,1.470480269112044,2.9308763216463936
TS11,2021-07-31 18:10:00,-0.12663337665717522,-3.1796190328462113,-1.7178714870237877,-0.12663337665717522,1.4865928785495395,2.9554254024296407
TS11,2021-07-31 18:15:00,-0.15227437921345538,-3.2018102817726377,-1.7427213016294363,-0.15227437921345538,1.4744642458866755,2.953487688381848
TS11,2021-07-31 18:20:00,-0.1658793907703952,-3.2264418167515188,-1.7750741863305939,-0.1658793907703952,1.4568123092778733,2.940428545863569
TS11,2021-07-31 18:25:00,-0.13598825925449148,-3.196802145853399,-1.7491335002174477,-0.13598825925449148,1.4975838668996815,2.9793683624556984
TS11,2021-07-31 18:30:00,-0.07414525711180799,-3.1488420961536034,-1.6888083556769904,-0.07414525711180799,1.5534383072674363,3.0512967382296248
TS11,2021-07-31 18:35:00,-0.03301482893387734,-3.1025836629027506,-1.644601716935883,-0.03301482893387734,1.6231320692427993,3.0975294940194362
TS11,2021-07-31 18:40:00,0.046006859962598595,-3.0143437063606737,-1.557534668475864,0.046006859962598595,1.7100231202370353,3.1999673975965894
TS11,2021-07-31 18:45:00,0.2399032691028422,-2.837577699742982,-1.3701036559618982,0.2399032691028422,1.8968496389967646,3.400540004401317
TS11,2021-07-31 18:50:00,0.24939374991735427,-2.8335084153402876,-1.3498482497547653,0.24939374991735427,1.9025391052453735,3.3989475984308464
TS11,2021-07-31 18:55:00,0.1978221285145943,-2.881452036863103,-1.4035559770845387,0.1978221285145943,1.8665434030617973,3.3525296262665885
TS11,2021-07-31 19:00:00,0.021427590410064028,-3.040542877012846,-1.5914315458809525,0.021427590410064028,1.6793135317285024,3.1766310531764694
TS11,2021-07-31 19:05:00,-0.08711934481325512,-3.202198000685605,-1.7169098096252027,-0.08711934481325512,1.5601028617361499,3.0464851550815464
TS11,2021-07-31 19:10:00,-0.022678272899718053,-3.1386563383881185,-1.6396052116353232,-0.022678272899718053,1.630921174696096,3.1302778828289766
TS11,2021-07-31 19:15:00,0.047941882332779726,-3.0611912427480887,-1.5723994819097054,0.047941882332779726,1.7153767643842937,3.22447803206413
TS11,2021-07-31 19:20:00,0.10849918365731384,-3.0124654462715093,-1.516858942841884,0.10849918365731384,1.7700515829446857,3.274913949472088
TS11,2021-07-31 19:25:00,0.05881787956731953,-3.0708054000801597,-1.5943178291005837,0.05881787956731953,1.7259058434842465,3.237599443390626
TS11,2021-07-31 19:30:00,-0.017130886748215352,-3.150676762241772,-1.6500460989951986,-0.017130886748215352,1.6691920864865664,3.1756018161636574
TS11,2021-07-31 19:35:00,-0.062369846203954575,-3.2077774733634303,-1.7250828327509073,-0.062369846203954575,1.636506091249407,3.1303557684205177
TS11,2021-07-31 19:40:00,-0.05515179389229003,-3.2071157917994224,-1.7101898811417209,-0.05515179389229003,1.6341738839355187,3.1425882558004146
TS11,2021-07-31 19:45:00,-0.0698348364802636,-3.2420768597443024,-1.7468779962924839,-0.0698348364802636,1.5965633589069959,3.1525885612761906
TS11,2021-07-31 19:50:00,-0.07378451245857087,-3.2411081147357015,-1.7502623312433065,-0.07378451245857087,1.6020399130288543,3.1582087465721
TS11,2021-07-31 19:55:00,0.009614784784570405,-3.1820567695876676,-1.6681836017240383,0.009614784784570405,1.691159565944661,3.226794522325886
TS11,2021-07-31 20:00:00,0.14438135255435228,-3.054823710515345,-1.5252830320818358,0.14438135255435228,1.8334665361931304,3.3759464425466197
TS11,2021-07-31 20:05:00,0.1710655865364321,-3.0321206894821735,-1.523218763269933,0.1710655865364321,1.8611699358537808,3.412685778578017
TS11,2021-07-31 20:10:00,0.12370690852936875,-3.079426531501211,-1.5621412141524826,0.12370690852936875,1.8258090828333582,3.3703748997438097
TS11,2021-07-31 20:15:00,0.004289924319989546,-3.190840742769895,-1.6863586218419102,0.004289924319989546,1.719950397730373,3.2969013113324115
TS11,2021-07-31 20:20:00,-0.0576148251975445,-3.261126911750858,-1.7472337098929671,-0.0576148251975445,1.6463875593787494,3.233954619074915
TS11,2021-07-31 20:25:00,-0.03198237289794232,-3.243796394186816,-1.7109108484891524,-0.03198237289794232,1.6858139698298438,3.269111386208167
TS11,2021-07-31 20:30:00,0.028940771706451488,-3.176700840673605,-1.6535755559523062,0.028940771706451488,1.751284408824298,3.3361546931439037
TS11,2021-07-31 20:35:00,0.0675038548437554,-3.172734641231145,-1.6109889877954733,0.0675038548437554,1.802018453919435,3.4011106916062355
TS11,2021-07-31 20:40:00,0.07860981940810036,-3.1684848555580247,-1.609480645603929,0.07860981940810036,1.8083081986208782,3.405973154310601
TS11,2021-07-31 20:45:00,0.10486772575964892,-3.1345406640085516,-1.5870864275928622,0.10486772575964892,1.845795439445412,3.4421907457742993
TS11,2021-07-31 20:50:00,0.11649313990169587,-3.1239621335507493,-1.595392346854274,0.11649313990169587,1.8474210927178907,3.4538775320735873
TS11,2021-07-31 20:55:00,0.10353918201116365,-3.140279764190217,-1.5835247647676536,0.10353918201116365,1.8617959075266928,3.477987360917902
TS11,2021-07-31 21:00:00,0.12017677171404843,-3.1329680001693236,-1.5851422112251121,0.12017677171404843,1.8750578411951777,3.5097650781267733
TS11,2021-07-31 21:05:00,0.1254863236734426,-3.12574806015033,-1.5936565058792824,0.1254863236734426,1.8855903469773077,3.517277168188
TS11,2021-07-31 21:10:00,0.16285493615470936,-3.09795674842988,-1.5631107527088406,0.16285493615470936,1.932063519041557,3.543074870881591
TS11,2021-07-31 21:15:00,0.3176454652407376,-2.934060415180974,-1.3769751839558049,0.3176454652407376,2.093213700290029,3.720540091505808
TS11,2021-07-31 21:20:00,0.37349482193947076,-2.9155265324879784,-1.3433020909043218,0.37349482193947076,2.140031661477651,3.757215466079481
TS11,2021-07-31 21:25:00,0.3330742407552634,-2.9500953313598632,-1.3929966536908958,0.3330742407552634,2.0908979714747997,3.7001667666483926
TS11,2021-07-31 21:30:00,0.09879224652598478,-3.167842849000277,-1.6122067382114167,0.09879224652598478,1.8659296347077914,3.494216326879495
TS11,2021-07-31 21:35:00,0.07431018515740526,-3.189579034713778,-1.6440850923111923,0.07431018515740526,1.83997045509864,3.4855259709664117
TS11,2021-07-31 21:40:00,0.06896916049175167,-3.218992731613034,-1.6804726146857132,0.06896916049175167,1.8428368156877037,3.4549587914894255
TS11,2021-07-31 21:45:00,0.030815473909097533,-3.282552861162305,-1.724993916814128,0.030815473909097533,1.7900745602884216,3.4253205360263177
TS11,2021-07-31 21:50:00,-0.0016990150024015459,-3.309617526073143,-1.7472209370480247,-0.0016990150024015459,1.7703544999523337,3.4012992363398507
TS11,2021-07-31 21:55:00,-0.03700815012307379,-3.3540589661131373,-1.7910325314135778,-0.03700815012307379,1.7354079811124616,3.3683146198404144
TS11,2021-07-31 22:00:00,-0.1140458369893589,-3.446442950879873,-1.9056357916239337,-0.1140458369893589,1.6598640643938807,3.2761360703642524
TS11,2021-07-31 22:05:00,-0.1626790693705144,-3.4898446413593147,-1.9405663048257364,-0.1626790693705144,1.6178199295907583,3.2331644375866135
TS11,2021-07-31 22:10:00,-0.15823700586746284,-3.489787126312163,-1.9362708535504949,-0.15823700586746284,1.627230621083949,3.248232830711366
TS11,2021-07-31 22:15:00,-0.1641831771019775,-3.507403299522513,-1.9437847582022996,-0.1641831771019775,1.6401856132467152,3.250522506091925
TS11,2021-07-31 22:20:00,-0.1682717264116378,-3.5201619985534167,-1.9594458571290594,-0.1682717264116378,1.6422215881609554,3.259124434335833
TS11,2021-07-31 22:25:00,-0.16835624555826845,-3.524866863964654,-1.9580289296070914,-0.16835624555826845,1.6372838305502482,3.2486007495337534
TS11,2021-07-31 22:30:00,-0.24032874868966145,-3.61607364523753,-2.027111221291927,-0.24032874868966145,1.5759964142126839,3.1956484137442613
TS11,2021-07-31 22:35:00,-0.2553134499695205,-3.6249780333595374,-2.037208198249519,-0.2553134499695205,1.5719004677111643,3.2056935952477863
TS11,2021-07-31 22:40:00,-0.23990322350497376,-3.644257742877424,-2.018855089549283,-0.23990322350497376,1.5888201783667886,3.2237262577296955
TS11,2021-07-31 22:45:00,-0.1713127941103611,-3.57124521324661,-1.944635309038659,-0.1713127941103611,1.6506487195619362,3.2999399818315287
TS11,2021-07-31 22:50:00,-0.14182083840584458,-3.548148275572528,-1.9244844670121743,-0.14182083840584458,1.6840617188478133,3.3371665634946517
TS11,2021-07-31 22:55:00,-0.1566615122871687,-3.5517418119416524,-1.950655440612501,-0.1566615122871687,1.6630962522898476,3.323078225902707
TS11,2021-07-31 23:00:00,-0.32277974369608037,-3.740900396015339,-2.133621253725249,-0.32277974369608037,1.4970716417800054,3.1527626710206684
TS11,2021-07-31 23:05:00,-0.3371862112418012,-3.7462376290957278,-2.146069018659406,-0.3371862112418012,1.4840278549955674,3.13453922574775
TS11,2021-07-31 23:10:00,-0.3235522732900286,-3.7599073472631157,-2.138483180350547,-0.3235522732900286,1.5070830472649217,3.1583085811673617
TS11,2021-07-31 23:15:00,-0.3117075426938606,-3.7583705462678134,-2.130107097162487,-0.3117075426938606,1.5197646317299898,3.1722655797276746
TS11,2021-07-31 23:20:00,-0.2901627582445799,-3.7472238388362076,-2.1274958530840395,-0.2901627582445799,1.522838221145779,3.1698841106004645
TS11,2021-07-31 23:25:00,-0.3095267531607698,-3.7633679056405844,-2.1482284769240594,-0.3095267531607698,1.520501938956435,3.1647958757580947
TS11,2021-07-31 23:30:00,-0.39024967722452625,-3.8379671891300093,-2.2130828651282495,-0.39024967722452625,1.463653447201715,3.120004465541251
TS11,2021-07-31 23:35:00,-0.39320253796197907,-3.8500225436838553,-2.2423381382922347,-0.39320253796197907,1.4551551283972857,3.1159623334439472
TS11,2021-07-31 23:40:00,-0.3738788786884952,-3.8334153734270364,-2.2429038370717187,-0.3738788786884952,1.4640405828975112,3.1220472607992398
TS11,2021-07-31 23:45:00,-0.41318629877513224,-3.8890542758491438,-2.2754977608307723,-0.41318629877513224,1.434261008671655,3.1041935925406245
TS11,2021-07-31 23:50:00,-0.418021656578497,-3.865211266565993,-2.2812117536666854,-0.418021656578497,1.4362664652686394,3.126050224313907
TS11,2021-07-31 23:55:00,-0.39376263934026773,-3.9547233967468096,-2.30686226856282,-0.39376263934026773,1.5090950117425224,3.206995975936813
TS12,2021-07-31 00:00:00,-0.5883155890275097,-0.8433860349325077,-0.7237748372864207,-0.5883155890275097,-0.4529470520361963,-0.3310702931392517
TS12,2021-07-31 00:05:00,-0.5976672006383871,-0.9166189566084326,-0.766355683316809,-0.5976672006383871,-0.42863365931054587,-0.2757390224230977
TS12,2021-07-31 00:10:00,-0.6026006394991363,-0.972663061833289,-0.7978294741473749,-0.6026006394991363,-0.4066255866550171,-0.2307025127406887
TS12,2021-07-31 00:15:00,-0.6376176165356036,-1.040687059650191,-0.8492452401093371,-0.6376176165356036,-0.4181578315080369,-0.22547742777190835
TS12,2021-07-31 00:20:00,-0.6426378312165443,-1.085590035715129,-0.8773061204338036,-0.6426378312165443,-0.40618567596794264,-0.191273106004843
TS12,2021-07-31 00:25:00,-0.6296563042239121,-1.1120013894070737,-0.8889484126209413,-0.6296563042239121,-0.3802802173042691,-0.14807204159541937
TS12,2021-07-31 00:30:00,-0.6031929669027066,-1.1152266717665453,-0.8735805820741356,-0.6031929669027066,-0.3308063320524611,-0.09008965079972178
TS12,2021-07-31 00:35:00,-0.5928828129338891,-1.1379375281140565,-0.8827541267337495,-0.5928828129338891,-0.3151177950278729,-0.051442152858724326
TS12,2021-07-31 00:40:00,-0.6027362029362598,-1.1784346229398197,-0.9060077780072617,-0.6027362029362598,-0.3092886332808986,-0.034522082523488734
TS12,2021-07-31 00:45:00,-0.6648869640812773,-1.2635425756966194,-0.9827737322023942,-0.6648869640812773,-0.3576391574613108,-0.07289586298604304
TS12,2021-07-31 00:50:00,-0.6729418034077452,-1.2988693232445467,-1.001248463055879,-0.6729418034077452,-0.3513477538636092,-0.06222782480864804
TS12,2021-07-31 00:55:00,-0.6779218933276511,-1.320890340416112,-1.0155758430607897,-0.6779218933276511,-0.33746363733731044,-0.03899892263559021
TS12,2021-07-31 01:00:00,-0.6840421019843625,-1.3476547851175942,-1.031817834308833,-0.6840421019843625,-0.3345252917743219,-0.01830402867194507
TS12,2021-07-31 01:05:00,-0.6814447220031182,-1.3701627488732622,-1.0481024672327377,-0.6814447220031182,-0.32480145242216024,-0.004539506432953221
TS12,2021-07-31 01:10:00,-0.6843634273018671,-1.3866021483099993,-1.0583299291619956,-0.6843634273018671,-0.3184345073020394,0.01671762328305612
TS12,2021-07-31 01:15:00,-0.6922162809108314,-1.4135215156876462,-1.079893754783471,-0.6922162809108314,-0.30608718849316513,0.028923863649771852
TS12,2021-07-31 01:20:00,-0.6944578440282768,-1.4321725576231683,-1.0863058863561204,-0.6944578440282768,-0.2989916697813536,0.049650360495816184
TS12,2021-07-31 01:25:00,-0.6916886629704432,-1.4554500797189285,-1.0954192189402172,-0.6916886629704432,-0.29080849016173144,0.07312317203431934
TS12,2021-07-31 01:30:00,-0.7049293629463825,-1.4897942626813105,-1.1211205049080122,-0.7049293629463825,-0.29652109604004284,0.07477926909386565
TS12,2021-07-31 01:35:00,-0.7137916123978891,-1.5114177534640887,-1.1351460461006528,-0.7137916123978891,-0.29042596501908596,0.08689017471440912
TS12,2021-07-31 01:40:00,-0.7153691458981885,-1.52882691285088,-1.1512110288649744,-0.7153691458981885,-0.2812699052593658,0.11068943419629171
TS12,2021-07-31 01:45:00,-0.7242710917281198,-1.55245660116291,-1.169349791879559,-0.7242710917281198,-0.28266539049450146,0.11504648622580294
TS12,2021-07-31 01:50:00,-0.7273259124600996,-1.564681123750199,-1.1747437052430738,-0.7273259124600996,-0.2750902812668282,0.1303154596092863
TS12,2021-07-31 01:55:00,-0.7269172652723965,-1.5841433187248126,-1.1809140922730326,-0.7269172652723965,-0.2648153067547871,0.14888670569266058
TS12,2021-07-31 02:00:00,-0.7180616031600764,-1.5965929695236034,-1.1879741962154817,-0.7180616031600764,-0.2481826070167334,0.1642697859491579
TS12,2021-07-31 02:05:00,-0.7203273193453994,-1.6142853447352767,-1.1900476822122292,-0.7203273193453994,-0.23397402039157003,0.1822279944059931
TS12,2021-07-31 02:10:00,-0.714730249318123,-1.626442618438632,-1.1965870420560507,-0.714730249318123,-0.23197607418294577,0.20034484036082836
TS12,2021-07-31 02:15:00,-0.7113699960829514,-1.641092821585277,-1.2010119306229423,-0.7113699960829514,-0.2182423862252651,0.21544256183077026
TS12,2021-07-31 02:20:00,-0.7084518103498209,-1.6520981629907792,-1.2056625671369696,-0.7084518103498209,-0.20867808830748635,0.22995500561507537
TS12,2021-07-31 02:25:00,-0.7084990361246302,-1.6602806034650381,-1.208669167061213,-0.7084990361246302,-0.20315694409308752,0.24297510051182197
TS12,2021-07-31 02:30:00,-0.7315183117165092,-1.697790488205608,-1.2467793434869776,-0.7315183117165092,-0.21403333011151587,0.23860797866161731
TS12,2021-07-31 02:35:00,-0.7383479548617103,-1.7159161903391271,-1.2595312646115442,-0.7383479548617103,-0.20942178344456508,0.24743740509506945
TS12,2021-07-31 02:40:00,-0.735914230468919,-1.7380256688517284,-1.2666098066843003,-0.735914230468919,-0.19725214949587472,0.26622732506370284
TS12,2021-07-31 02:45:00,-0.7195302418361044,-1.7295219025891446,-1.2594530566935112,-0.7195302418361044,-0.17667613230767365,0.2977724258306377
TS12,2021-07-31 02:50:00,-0.715798986117171,-1.7417141032920096,-1.2621241951400108,-0.715798986117171,-0.16617158857148648,0.31086844968122196
TS12,2021-07-31 02:55:00,-0.7178122652009615,-1.7571341329733243,-1.267856839756413,-0.7178122652009615,-0.15447472955362976,0.32344282392881574
TS12,2021-07-31 03:00:00,-0.7376303456743223,-1.7846822711763692,-1.2857438442630933,-0.7376303456743223,-0.16633528296706285,0.3299567938037459
TS12,2021-07-31 03:05:00,-0.7349440541712304,-1.7966673918532177,-1.2916312405678585,-0.7349440541712304,-0.15959349515455978,0.33925654182532605
TS12,2021-07-31 03:10:00,-0.7297183936710012,-1.8060823909508443,-1.2969057090151415,-0.7297183936710012,-0.14651010384589894,0.3566622328164071
TS12,2021-07-31 03:15:00,-0.7429935620775747,-1.8278993066108533,-1.320545307928848,-0.7429935620775747,-0.15562308564219132,0.36010563765773773
TS12,2021-07-31 03:20:00,-0.7477859615402876,-1.8487371278298972,-1.329829640147148,-0.7477859615402876,-0.15802912735931787,0.3640118982938245
TS12,2021-07-31 03:25:00,-0.7405973254315001,-1.8606177053682549,-1.3350608590191755,-0.7405973254315001,-0.15276539097709785,0.3763897609190755
TS12,2021-07-31 03:30:00,-0.7442970879696039,-1.8762482299887346,-1.346423499672073,-0.7442970879696039,-0.14926568356033004,0.3861859907869552
TS12,2021-07-31 03:35:00,-0.7454670314933389,-1.8874991609024483,-1.3520803015809044,-0.7454670314933389,-0.14359023014028466,0.39237771908985913
TS12,2021-07-31 03:40:00,-0.7422221982954412,-1.9091494617163187,-1.3640420662348776,-0.7422221982954412,-0.1360564727185306,0.4030629052842896
TS12,2021-07-31 03:45:00,-0.7476306508551283,-1.918831117928881,-1.3668324686788775,-0.7476306508551283,-0.1284126823270295,0.4144610349785517
TS12,2021-07-31 03:50:00,-0.7536947755080506,-1.9329966560131988,-1.3700852150874672,-0.7536947755080506,-0.12663727254302673,0.42531791360169435
TS12,2021-07-31 03:55:00,-0.7513497289416412,-1.9502316122639027,-1.37325186458968,-0.7513497289416412,-0.11951245986514394,0.43821500219644405
TS12,2021-07-31 04:00:00,-0.7585724703002238,-1.9770255144217839,-1.3971617709812265,-0.7585724703002238,-0.13268934739964808,0.42382656067248864
TS12,2021-07-31 04:05:00,-0.7560738728174116,-1.987171716937535,-1.408444969290663,-0.7560738728174116,-0.12915136937465277,0.43705880114331463
TS12,2021-07-31 04:10:00,-0.7536822900883315,-2.0035371029981244,-1.4112094826703532,-0.7536822900883315,-0.11628525354075664,0.4536521741117112
TS12,2021-07-31 04:15:00,-0.7566729677204352,-2.011618344668043,-1.413786525906232,-0.7566729677204352,-0.11055092398186228,0.45109540211501375
TS12,2021-07-31 04:20:00,-0.7587997104444117,-2.015673833781873,-1.4201197602204738,-0.7587997104444117,-0.10873446247598281,0.46697467634615447
TS12,2021-07-31 04:25:00,-0.7538546801966028,-2.020692187179478,-1.4244588544926449,-0.7538546801966028,-0.10131131290459308,0.4803078839653678
TS12,2021-07-31 04:30:00,-0.7579035986555411,-2.036042369463763,-1.4294678266737029,-0.7579035986555411,-0.1000947653891464,0.48430369064192086
TS12,2021-07-31 04:35:00,-0.7632763483894581,-2.0445165145854967,-1.4389377905986334,-0.7632763483894581,-0.09146093825398172,0.4899750760352962
TS12,2021-07-31 04:40:00,-0.7602253891157442,-2.0587814793869743,-1.44260661964432,-0.7602253891157442,-0.09336870537125923,0.5090190315645243
TS12,2021-07-31 04:45:00,-0.7664528102974553,-2.069393174248245,-1.4533422107083314,-0.7664528102974553,-0.0914911984027045,0.5124702794172293
TS12,2021-07-31 04:50:00,-0.7635755306646903,-2.0794942559860607,-1.4694309805278354,-0.7635755306646903,-0.0908711903361186,0.5226065123508272
TS12,2021-07-31 04:55:00,-0.7634191305349685,-2.1001806570937407,-1.4636692227934494,-0.7634191305349685,-0.08719651223175681,0.528961752167709
TS12,2021-07-31 05:00:00,-0.7590073814024373,-2.106642728155126,-1.4630775623024825,-0.7590073814024373,-0.0751166941020192,0.5353546787605944
TS12,2021-07-31 05:05:00,-0.7646732772790878,-2.1142504596032423,-1.467445780757536,-0.7646732772790878,-0.0749049029921184,0.5494678906628306
TS12,2021-07-31 05:10:00,-0.766413269421784,-2.1194241807420853,-1.473475694513406,-0.766413269421784,-0.07363500050327065,0.5653349737714803
TS12,2021-07-31 05:15:00,-0.7723843569479906,-2.1240770638240862,-1.4914017463867446,-0.7723843569479906,-0.07700450931464164,0.5688857289249888
TS12,2021-07-31 05:20:00,-0.7729821405439481,-2.1244082751136433,-1.4908159627805713,-0.7729821405439481,-0.06484432651848364,0.5830759235382311
TS12,2021-07-31 05:25:00,-0.7717595379656921,-2.1408246299761737,-1.4989065252239626,-0.7717595379656921,-0.05961914964536383,0.5947052254384944
TS12,2021-07-31 05:30:00,-0.7776919013093715,-2.156337340942126,-1.4952598359665081,-0.7776919013093715,-0.04986980474857772,0.6013180493076887
TS12,2021-07-31 05:35:00,-0.7751447785709557,-2.1640338400804042,-1.5043381010558021,-0.7751447785709557,-0.04799371803705045,0.6126521006411884
TS12,2021-07-31 05:40:00,-0.7802488857713686,-2.1755406759484925,-1.5179843242042166,-0.7802488857713686,-0.04110102192389521,0.616982132187855
TS12,2021-07-31 05:45:00,-0.7688539904861953,-2.174120863995818,-1.5123678308437472,-0.7688539904861953,-0.030219787065520524,0.6310262662131684
TS12,2021-07-31 05:50:00,-0.7688836854956218,-2.1845004796728174,-1.511241049395811,-0.7688836854956218,-0.02545323763169342,0.6302841277526703
TS12,2021-07-31 05:55:00,-0.7696603918735816,-2.1910819656432965,-1.511789527052147,-0.7696603918735816,-0.016423162025766026,0.6519053929643442
TS12,2021-07-31 06:00:00,-0.7729714177348278,-2.214273128769643,-1.522891973393878,-0.7729714177348278,-0.02310727392235222,0.6506558673016215
TS12,2021-07-31 06:05:00,-0.773067498614954,-2.2188585287113805,-1.5287931786953128,-0.773067498614954,-0.009136338648437062,0.6617057809367521
TS12,2021-07-31 06:10:00,-0.7687995414068448,-2.22570699566129,-1.5329753575631289,-0.7687995414068448,-0.00882908859312189,0.6769818760312678
TS12,2021-07-31 06:15:00,-0.7823238743708236,-2.2539504284715766,-1.5481484974705564,-0.7823238743708236,-0.008144631946165604,0.6772392241482644
TS12,2021-07-31 06:20:00,-0.7812726040654903,-2.2538331897405426,-1.5612182992809382,-0.7812726040654903,-0.007803950266900159,0.6826938311812498
TS12,2021-07-31 06:25:00,-0.7849187413447495,-2.256626842466417,-1.5671094957363505,-0.7849187413447495,-0.00955799702257077,0.7020013038973938
TS12,2021-07-31 06:30:00,-0.7734835647303616,-2.2568635094157505,-1.5606082957895746,-0.7734835647303616,0.009056908467633733,0.7088803336148204
TS12,2021-07-31 06:35:00,-0.7750647411413657,-2.2664886032650635,-1.5692939962685608,-0.7750647411413657,0.010676180616953548,0.7228995969655494
TS12,2021-07-31 06:40:00,-0.768698675148765,-2.270101552607983,-1.5643242525223438,-0.768698675148765,0.021281739136853894,0.7356661889211409
TS12,2021-07-31 06:45:00,-0.7785093121376531,-2.288046613058609,-1.575731106811471,-0.7785093121376531,0.019667074620474772,0.7271219068253127
TS12,2021-07-31 06:50:00,-0.7770391815234405,-2.3049059709550335,-1.5796753847839031,-0.7770391815234405,0.029006579768954443,0.7423329429461191
TS12,2021-07-31 06:55:00,-0.7706592001624756,-2.309809189312766,-1.5861842461402094,-0.7706592001624756,0.03758564832700184,0.7509278664756222
TS12,2021-07-31 07:00:00,-0.7745378778876308,-2.3195008554984207,-1.5847821738109227,-0.7745378778876308,0.03942164735733614,0.7547486734101492
TS12,2021-07-31 07:05:00,-0.771692235544808,-2.3297425219671752,-1.5952966730064737,-0.771692235544808,0.03427050964039692,0.7608431417192887
TS12,2021-07-31 07:10:00,-0.7826011197366979,-2.3456045140832043,-1.602890248977853,-0.7826011197366979,0.0402719814472211,0.7753897819358662
TS12,2021-07-31 07:15:00,-0.7818620533552924,-2.355059841868212,-1.6074517003636246,-0.7818620533552924,0.043883888521693115,0.7772691257405273
TS12,2021-07-31 07:20:00,-0.7806174863943625,-2.3561776738878537,-1.6167986430562253,-0.7806174863943625,0.04617211540057172,0.7879716055428929
TS12,2021-07-31 07:25:00,-0.7751999566012687,-2.3683847737477275,-1.6215306971522185,-0.7751999566012687,0.045972505036297864,0.7916146908021919
TS12,2021-07-31 07:30:00,-0.7811455685342726,-2.3670913179849675,-1.6195377483709792,-0.7811455685342726,0.04948385173756323,0.7930727444371062
TS12,2021-07-31 07:35:00,-0.780954439260639,-2.386385702115227,-1.618257405600496,-0.780954439260639,0.05646203586671776,0.8017165308857932
TS12,2021-07-31 07:40:00,-0.7800328794816436,-2.409610772009928,-1.625502991616657,-0.7800328794816436,0.06010693864178264,0.8044145933155005
TS12,2021-07-31 07:45:00,-0.7837197011276359,-2.4083887883080615,-1.6276115379178104,-0.7837197011276359,0.06689001718695758,0.8140841042238749
TS12,2021-07-31 07:50:00,-0.7882242874494657,-2.413282207266687,-1.638617098297347,-0.7882242874494657,0.07388455312860318,0.8261166333597605
TS12,2021-07-31 07:55:00,-0.7892961101430828,-2.406354510827993,-1.6405903941539903,-0.7892961101430828,0.07265567681203587,0.8397179539241162
TS12,2021-07-31 08:00:00,-0.793040366663994,-2.426782348975685,-1.650097753526226,-0.793040366663994,0.07593182639185411,0.8504309924061347
TS12,2021-07-31 08:05:00,-0.7880823217345558,-2.4267072154009135,-1.6490081223639577,-0.7880823217345558,0.0763764501391066,0.8596202412708094
TS12,2021-07-31 08:10:00,-0.7842416700000286,-2.4348482724134457,-1.6539490735553883,-0.7842416700000286,0.08691626931807175,0.8597007459127466
TS12,2021-07-31 08:15:00,-0.7883402661434389,-2.4367613703679503,-1.6637972330484354,-0.7883402661434389,0.08001037648526543,0.8584419467575689
TS12,2021-07-31 08:20:00,-0.7863069403751191,-2.4482301360954835,-1.6619026355401068,-0.7863069403751191,0.08630116460904655,0.874418982159791
TS12,2021-07-31 08:25:00,-0.78744120794233,-2.4579403645207707,-1.6600235286189338,-0.78744120794233,0.09391029169927931,0.8906834109843135
TS12,2021-07-31 08:30:00,-0.7884421794819627,-2.47597490180117,-1.6681439909404285,-0.7884421794819627,0.09676620349343609,0.874910573199017
TS12,2021-07-31 08:35:00,-0.791220419395994,-2.4829317526701598,-1.6734853566498569,-0.791220419395994,0.09903629857555782,0.8970006833293593
TS12,2021-07-31 08:40:00,-0.7860445013313697,-2.502510586685501,-1.6794573245958044,-0.7860445013313697,0.09382169424494419,0.919246560805962
TS12,2021-07-31 08:45:00,-0.7861121047664716,-2.5021041646620543,-1.6861918999638354,-0.7861121047664716,0.11331114598681916,0.9256554861280762
TS12,2021-07-31 08:50:00,-0.79097948062221,-2.495289958947685,-1.7043080957076664,-0.79097948062221,0.11665704313038557,0.9223282570730801
TS12,2021-07-31 08:55:00,-0.7888960924251093,-2.507067620654212,-1.7021292224366555,-0.7888960924251093,0.12409602656435187,0.9249772825357081
TS12,2021-07-31 09:00:00,-0.7777133574594475,-2.498358236729983,-1.6982027792310068,-0.7777133574594475,0.14562191752017123,0.9475544187064391
TS12,2021-07-31 09:05:00,-0.7753821186013081,-2.4961630584689924,-1.6912179604185789,-0.7753821186013081,0.15589705974873924,0.9608787088035855
TS12,2021-07-31 09:10:00,-0.7746110464008578,-2.4957286031244585,-1.6970750698399653,-0.7746110464008578,0.15514264232935782,0.9719995504650323
TS12,2021-07-31 09:15:00,-0.7722161516172754,-2.49715968828988,-1.6918416377216638,-0.7722161516172754,0.16268482577645865,0.9822767550971423
TS12,2021-07-31 09:20:00,-0.7686766627159527,-2.5077019115215724,-1.6888126796833625,-0.7686766627159527,0.1637488366783877,0.983797650022706
TS12,2021-07-31 09:25:00,-0.776618593917956,-2.5176161306470735,-1.6896375691206653,-0.776618593917956,0.1698997772756996,0.9862476330491035
TS12,2021-07-31 09:30:00,-0.7721523089958133,-2.544313647434728,-1.7075295432075404,-0.7721523089958133,0.1593188576204892,0.9899192223923272
TS12,2021-07-31 09:35:00,-0.7806482918153947,-2.5610090718161467,-1.7124270968443027,-0.7806482918153947,0.16127852714423602,0.9947753311863896
TS12,2021-07-31 09:40:00,-0.7820904469700378,-2.5604258803114592,-1.7129904783438947,-0.7820904469700378,0.17363535988351492,1.0045132703072983
TS12,2021-07-31 09:45:00,-0.7759489935120364,-2.5567333150911247,-1.7086803779212234,-0.7759489935120364,0.18455549254293063,1.0207617850929702
TS12,2021-07-31 09:50:00,-0.7785520416556984,-2.5660556848181426,-1.7164696754683815,-0.7785520416556984,0.1828105908521745,1.0318115931088967
TS12,2021-07-31 09:55:00,-0.7781946233225524,-2.554753955380531,-1.7208480069945633,-0.7781946233225524,0.18939551967772633,1.0416608545537462
TS12,2021-07-31 10:00:00,-0.762658420687665,-2.555985755595531,-1.71278047990663,-0.762658420687665,0.19926298980985763,1.0452520189972503
TS12,2021-07-31 10:05:00,-0.767193386221748,-2.557899620206661,-1.7162145992451405,-0.767193386221748,0.20724880277401547,1.0625546001762596
TS12,2021-07-31 10:10:00,-0.7676982425858595,-2.580644211250443,-1.7206303149055662,-0.7676982425858595,0.20735007716375245,1.0693686423074205
TS12,2021-07-31 10:15:00,-0.7860744365963771,-2.6015861181386244,-1.728341141444521,-0.7860744365963771,0.19836815439445127,1.0479842892632767
TS12,2021-07-31 10:20:00,-0.7799799889108746,-2.6084048869082244,-1.733859392385243,-0.7799799889108746,0.20139300489543305,1.0590097298241996
TS12,2021-07-31 10:25:00,-0.7786960970970828,-2.630442578530885,-1.737324103402167,-0.7786960970970828,0.20554050193079088,1.064445014447127
TS12,2021-07-31 10:30:00,-0.7832146110478316,-2.626695052608004,-1.7490968187403009,-0.7832146110478316,0.20181692449727728,1.0674994944389822
TS12,2021-07-31 10:35:00,-0.7913424279401748,-2.6454135945278896,-1.752436958875139,-0.7913424279401748,0.19562534321289418,1.072859013661475
TS12,2021-07-31 10:40:00,-0.7861929856148308,-2.6479450214316724,-1.7600525458364327,-0.7861929856148308,0.20601283256340264,1.0769322895124023
TS12,2021-07-31 10:45:00,-0.7513342679249165,-2.615515444321404,-1.7251908521011754,-0.7513342679249165,0.23803616723327287,1.1129123581058011
TS12,2021-07-31 10:50:00,-0.753875293012497,-2.617239730276877,-1.732885783984668,-0.753875293012497,0.24386842506900883,1.1315282917093277
TS12,2021-07-31 10:55:00,-0.7546781001602639,-2.6302669723313703,-1.733405309395427,-0.7546781001602639,0.24285057991186074,1.128291713700575
TS12,2021-07-31 11:00:00,-0.7486709205791688,-2.6203473174268086,-1.7320768742636776,-0.7486709205791688,0.25910364383212164,1.1508641110103806
TS12,2021-07-31 11:05:00,-0.7479667857127712,-2.6344264089613834,-1.7317279708244313,-0.7479667857127712,0.2574731200110124,1.1581813334935485
TS12,2021-07-31 11:10:00,-0.7414715023389221,-2.620508943518526,-1.7333214030616837,-0.7414715023389221,0.26230278584457106,1.1689326748965385
TS12,2021-07-31 11:15:00,-0.7227370320004082,-2.5995111168313096,-1.702638309384608,-0.7227370320004082,0.29570048233063295,1.1919647343972142
TS12,2021-07-31 11:20:00,-0.7143013066434968,-2.5930323152748165,-1.7008383299732392,-0.7143013066434968,0.3042618194301984,1.2043022225035402
TS12,2021-07-31 11:25:00,-0.7136742105753162,-2.5991096728949388,-1.7070260511949256,-0.7136742105753162,0.31734057707855445,1.2041476879769077
TS12,2021-07-31 11:30:00,-0.7085544029488244,-2.619019882564644,-1.708814137166515,-0.7085544029488244,0.3249283512939122,1.2058862732985525
TS12,2021-07-31 11:35:00,-0.7193595964685717,-2.6288899860863015,-1.7124197985127374,-0.7193595964685717,0.309737997502463,1.2069971073859023
TS12,2021-07-31 11:40:00,-0.7180660093907699,-2.6478631826441736,-1.7114485432344904,-0.7180660093907699,0.3167188399718924,1.2195401369911703
TS12,2021-07-31 11:45:00,-0.676395319992963,-2.620653328916889,-1.669434438300882,-0.676395319992963,0.353222548350805,1.2729771598379676
TS12,2021-07-31 11:50:00,-0.6685210376755146,-2.6203427027251753,-1.6724645550080481,-0.6685210376755146,0.368397433768049,1.285705077020877
TS12,2021-07-31 11:55:00,-0.6534177230713879,-2.614369593704601,-1.6810385260952794,-0.6534177230713879,0.38208752778564536,1.3063547488757723
TS12,2021-07-31 12:00:00,-0.45072284362346926,-2.4083595216819753,-1.4773138681488234,-0.45072284362346926,0.5894097271145066,1.5145908822334695
TS12,2021-07-31 12:05:00,-0.44798763138306497,-2.4168077858246946,-1.4750016836748507,-0.44798763138306497,0.5889904518179717,1.5247500447995814
TS12,2021-07-31 12:10:00,-0.46140796942147366,-2.4179077700962113,-1.4824973058150235,-0.46140796942147366,0.5921965351620789,1.5342638193843163
TS12,2021-07-31 12:15:00,-0.436793835757956,-2.410709797925583,-1.4508126412164157,-0.436793835757956,0.6203621423190481,1.561054315087172
TS12,2021-07-31 12:20:00,-0.44137894319528115,-2.4073136091670317,-1.4571256057784798,-0.44137894319528115,0.6179238221750731,1.5734896022151226
TS12,2021-07-31 12:25:00,-0.42063932826213696,-2.4063733547396753,-1.4611785310526608,-0.42063932826213696,0.6321005948673228,1.586160997906659
TS12,2021-07-31 12:30:00,-0.43910204541437314,-2.4259834843952177,-1.4816271195226902,-0.43910204541437314,0.6201425107251571,1.582251992940714
TS12,2021-07-31 12:35:00,-0.43748248066228046,-2.4284591857926054,-1.48529521353508,-0.43748248066228046,0.6243078803668825,1.5905105926675884
TS12,2021-07-31 12:40:00,-0.4504452848930315,-2.4533236544520713,-1.4962589733747607,-0.4504452848930315,0.6138676357889525,1.5918539387059476
TS12,2021-07-31 12:45:00,-0.38675568694451357,-2.3888024575912943,-1.4403640886458924,-0.38675568694451357,0.6790806349214102,1.6438969475491956
TS12,2021-07-31 12:50:00,-0.39486416477226294,-2.3878805323857075,-1.448557690977287,-0.39486416477226294,0.6797133869605313,1.6533469151008648
TS12,2021-07-31 12:55:00,-0.40074064039341684,-2.4092374351354375,-1.4552147572061,-0.40074064039341684,0.6696052425211496,1.6510550790360015
TS12,2021-07-31 13:00:00,-0.21888286917066901,-2.2335403057078915,-1.2722727343930968,-0.21888286917066901,0.8561974623695446,1.8355963426420943
TS12,2021-07-31 13:05:00,-0.2070857275752697,-2.2406471331793725,-1.2723964085765291,-0.2070857275752697,0.85590267459892,1.8369764187465258
TS12,2021-07-31 13:10:00,-0.2044594203588941,-2.252936448725532,-1.2792642786901811,-0.2044594203588941,0.8648300938007539,1.8451764659278274
TS12,2021-07-31 13:15:00,-0.22373208492668825,-2.270730278362978,-1.291699950793192,-0.22373208492668825,0.8541433411159756,1.8361035948915918
TS12,2021-07-31 13:20:00,-0.22609586817830696,-2.28427269559689,-1.293622515543477,-0.22609586817830696,0.8520443585347725,1.8471483820611372
TS12,2021-07-31 13:25:00,-0.2286865605675596,-2.2801663452401377,-1.3083206304152095,-0.2286865605675596,0.8574310181599705,1.8532893106622463
TS12,2021-07-31 13:30:00,-0.1731500575657629,-2.2429879724622546,-1.2596411699654753,-0.1731500575657629,0.9117662512862625,1.8988839682055023
TS12,2021-07-31 13:35:00,-0.1681591217167378,-2.2531943530731406,-1.268085246548359,-0.1681591217167378,0.9160453961938826,1.898476592419478
TS12,2021-07-31 13:40:00,-0.18177933189262352,-2.250215871802006,-1.270482634276177,-0.18177933189262352,0.9195397833211081,1.9042852021404706
TS12,2021-07-31 13:45:00,-0.1869613292507947,-2.2565005404329734,-1.2741632291583065,-0.1869613292507947,0.9160573209533441,1.9087776478836207
TS12,2021-07-31 13:50:00,-0.17880243758593986,-2.2581374987835856,-1.2740910600993318,-0.17880243758593986,0.9212258960110137,1.9203982295290274
TS12,2021-07-31 13:55:00,-0.178105591435525,-2.268516432783837,-1.2808802867938696,-0.178105591435525,0.926064734472055,1.9282538402258824
TS12,2021-07-31 14:00:00,-0.12586318275126826,-2.223411779857606,-1.2217851275091287,-0.12586318275126826,0.9834156874998556,1.9972703051113319
TS12,2021-07-31 14:05:00,-0.1267604503466267,-2.2293936471654794,-1.235694213215532,-0.1267604503466267,0.995379156757986,1.9868295256304844
TS12,2021-07-31 14:10:00,-0.12713294069617637,-2.2472054591681263,-1.2523266536094058,-0.12713294069617637,0.9853919169980508,2.0012076801688665
TS12,2021-07-31 14:15:00,-0.16520533025400766,-2.2963072711678256,-1.293436409887723,-0.16520533025400766,0.9522985650151131,1.9689866389630255
TS12,2021-07-31 14:20:00,-0.16445410069369656,-2.3012410534172885,-1.2974674042079946,-0.16445410069369656,0.9515279367919788,1.9589733783303485
TS12,2021-07-31 14:25:00,-0.1680588349466387,-2.3105883242374263,-1.3024579117697372,-0.1680588349466387,0.9644149141847727,1.9628807279347147
TS12,2021-07-31 14:30:00,-0.14997912490722545,-2.29451351580634,-1.286313950647019,-0.14997912490722545,0.9911114936801669,2.007785555313237
TS12,2021-07-31 14:35:00,-0.13536720007489123,-2.2953631261389447,-1.2782329181730834,-0.13536720007489123,0.9959400456312302,2.005599257475765
TS12,2021-07-31 14:40:00,-0.13545135871176117,-2.306140340815068,-1.2781191844850455,-0.13545135871176117,1.0033686928086891,2.0061917439815713
TS12,2021-07-31 14:45:00,-0.10134177998871122,-2.265150761413791,-1.2362067761481483,-0.10134177998871122,1.0421680138865224,2.0628411359868264
TS12,2021-07-31 14:50:00,-0.09001976169229647,-2.2532278796094674,-1.2360339168292773,-0.09001976169229647,1.049451073099093,2.0886286593839216
TS12,2021-07-31 14:55:00,-0.08386746779063979,-2.263369843403494,-1.240573183722204,-0.08386746779063979,1.058858192711075,2.0904584394671044
TS12,2021-07-31 15:00:00,-0.10604775047787499,-2.2903107638832507,-1.2680088827662683,-0.10604775047787499,1.0353099332989122,2.0713061470097895
TS12,2021-07-31 15:05:00,-0.11377087016995706,-2.307681430075915,-1.2697596035605199,-0.11377087016995706,1.024420380201524,2.0657309789575233
TS12,2021-07-31 15:10:00,-0.10915502414599669,-2.295691777595509,-1.260319633148277,-0.10915502414599669,1.038135040218535,2.083412859324393
TS12,2021-07-31 15:15:00,-0.08972425061460503,-2.2821260440440327,-1.2388218154549533,-0.08972425061460503,1.066149690168663,2.113571642015887
TS12,2021-07-31 15:20:00,-0.07194153301617877,-2.2778783133024816,-1.2285209073808692,-0.07194153301617877,1.077019083732905,2.144744707973043
TS12,2021-07-31 15:25:00,-0.09228693519330665,-2.2984668428640918,-1.2331793384134144,-0.09228693519330665,1.065088040984495,2.1279303310946864
TS12,2021-07-31 15:30:00,-0.10100213444676104,-2.3066399465534917,-1.2507792273106197,-0.10100213444676104,1.0552877281506647,2.125955850624778
TS12,2021-07-31 15:35:00,-0.10320840384033508,-2.313893589320859,-1.2473204303686183,-0.10320840384033508,1.0687583195017845,2.125247534489538
TS12,2021-07-31 15:40:00,-0.09302201726515327,-2.2986682554005817,-1.2404824433397992,-0.09302201726515327,1.0862498745094815,2.133380869979529
TS12,2021-07-31 15:45:00,-0.06665438501974301,-2.288293544497381,-1.220319316914797,-0.06665438501974301,1.1002646019329745,2.158308907974689
TS12,2021-07-31 15:50:00,-0.06386669434145884,-2.2877940940155135,-1.2243322835216166,-0.06386669434145884,1.1029949543690258,2.177279327287456
TS12,2021-07-31 15:55:00,-0.07188780046737098,-2.314177353992701,-1.2316078130781372,-0.07188780046737098,1.1022107382680046,2.173062299303304
TS12,2021-07-31 16:00:00,-0.09724456831693623,-2.3423487125571345,-1.2525202695431772,-0.09724456831693623,1.0818593995241959,2.1498418494616907
TS12,2021-07-31 16:05:00,-0.11514107455787367,-2.3682761990037218,-1.276161525494941,-0.11514107455787367,1.0674761757930356,2.145015203004775
TS12,2021-07-31 16:10:00,-0.11491727729562955,-2.373584813081356,-1.283399262188835,-0.11491727729562955,1.0684527485882904,2.145175465007696
TS12,2021-07-31 16:15:00,-0.1370969861248147,-2.398943173393102,-1.3106909856051459,-0.1370969861248147,1.047744883789278,2.128593450822854
TS12,2021-07-31 16:20:00,-0.13651941411104523,-2.401533760491694,-1.3128771332159996,-0.13651941411104523,1.051074750007208,2.133740582227835
TS12,2021-07-31 16:25:00,-0.13726948973408865,-2.416874673062592,-1.3139083823670472,-0.13726948973408865,1.0582581334995256,2.1350095766878234
TS12,2021-07-31 16:30:00,-0.14413246655802425,-2.4287545394383443,-1.325900277299823,-0.14413246655802425,1.0582773303298052,2.1421937114467124
TS12,2021-07-31 16:35:00,-0.14179301392079577,-2.444614168483187,-1.3328420493297433,-0.14179301392079577,1.0493176139119238,2.1471435244562116
TS12,2021-07-31 16:40:00,-0.10613057273429749,-2.3979796532933277,-1.2874541923342937,-0.10613057273429749,1.1054232717163646,2.204731713893025
TS12,2021-07-31 16:45:00,0.01441585039210418,-2.281391561773804,-1.1700886477410906,0.01441585039210418,1.2360764104791078,2.322694328309054
TS12,2021-07-31 16:50:00,0.07202674654876917,-2.2250810702713464,-1.1123165933246149,0.07202674654876917,1.2920465600167268,2.38060637893774
TS12,2021-07-31 16:55:00,0.03702805056427702,-2.262430771949686,-1.1429858352949336,0.03702805056427702,1.2536453699635561,2.3560702339110975
TS12,2021-07-31 17:00:00,-0.03577531464537386,-2.3527124746288077,-1.2307654605368916,-0.03577531464537386,1.1770903633159822,2.278943069761204
TS12,2021-07-31 17:05:00,-0.0677113938417365,-2.3840379641800187,-1.2616071886997957,-0.0677113938417365,1.1374423625882577,2.2585846878733515
TS12,2021-07-31 17:10:00,-0.05611216172446132,-2.3776898606516936,-1.254015756883259,-0.05611216172446132,1.1522619817423756,2.278163600421221
TS12,2021-07-31 17:15:00,-0.07948758619066815,-2.4000250218123997,-1.2823198670933453,-0.07948758619066815,1.1372481660727325,2.244311219687786
TS12,2021-07-31 17:20:00,-0.08723734014127708,-2.4019583836887,-1.2936073788111788,-0.08723734014127708,1.138077763418004,2.2436765670543424
TS12,2021-07-31 17:25:00,-0.0973341703138275,-2.4182102559048926,-1.3064392435791108,-0.0973341703138275,1.1365426636966771,2.234328269962642
TS12,2021-07-31 17:30:00,-0.08649310532627426,-2.4123200387187964,-1.2967789599850452,-0.08649310532627426,1.140018409036131,2.2431695222529067
TS12,2021-07-31 17:35:00,-0.09139220134199921,-2.4141279248697454,-1.304904642271631,-0.09139220134199921,1.1436695592340775,2.249810388920263
TS12,2021-07-31 17:40:00,-0.09992558348202829,-2.4284919307241237,-1.3167607708403168,-0.09992558348202829,1.1403766505449908,2.258042691731046
TS12,2021-07-31 17:45:00,-0.15229095237142773,-2.48408204475841,-1.3690357170300804,-0.15229095237142773,1.1007420435394129,2.2011973452488416
TS12,2021-07-31 17:50:00,-0.1736115326393604,-2.522497597553018,-1.399423809764844,-0.1736115326393604,1.0781438241128272,2.193005966740188
TS12,2021-07-31 17:55:00,-0.18190420038535626,-2.5299702452125983,-1.4116053048935038,-0.18190420038535626,1.0769226089455615,2.20315941951237
TS12,2021-07-31 18:00:00,-0.14293001280441148,-2.491778558102392,-1.3765977886756446,-0.14293001280441148,1.1180991330615708,2.247506647611205
TS12,2021-07-31 18:05:00,-0.13004946064700146,-2.494833752103374,-1.3668093766481757,-0.13004946064700146,1.1224111245279074,2.2579189642471142
TS12,2021-07-31 18:10:00,-0.13020453119548767,-2.5067801921043276,-1.370028976611116,-0.13020453119548767,1.1251321192521213,2.266881528624059
TS12,2021-07-31 18:15:00,-0.19481323528015998,-2.569565031847843,-1.4344004011858416,-0.19481323528015998,1.0703769793982187,2.2196045349048923
TS12,2021-07-31 18:20:00,-0.19960605185933175,-2.582745485994197,-1.4527396033792765,-0.19960605185933175,1.063049476671593,2.2158051948983393
TS12,2021-07-31 18:25:00,-0.17877935567800796,-2.562703197007511,-1.435019185456032,-0.17877935567800796,1.0918713404122498,2.2436224855570006
TS12,2021-07-31 18:30:00,-0.0791961988759807,-2.4735197495939767,-1.3368259468266093,-0.0791961988759807,1.1875486374915172,2.3509264978278144
TS12,2021-07-31 18:35:00,-0.06127796123263245,-2.4525882256635723,-1.3170558446471854,-0.06127796123263245,1.2259355726971897,2.3730485404342376
TS12,2021-07-31 18:40:00,-0.08075500283789953,-2.466164952815075,-1.3311742057377849,-0.08075500283789953,1.2123275875673907,2.3706940773386616
TS12,2021-07-31 18:45:00,-0.0971975752266816,-2.4952943525935236,-1.3524948087710718,-0.0971975752266816,1.191213881912834,2.3595631592304227
TS12,2021-07-31 18:50:00,-0.11311298198486808,-2.515634598900581,-1.3611318152233194,-0.11311298198486808,1.1729331392193811,2.3364296775133453
TS12,2021-07-31 18:55:00,-0.12258596442920484,-2.523147326848472,-1.3724272284255954,-0.12258596442920484,1.1747637375166766,2.331191348071209
TS12,2021-07-31 19:00:00,-0.1287105159993855,-2.517662659919468,-1.3869657685711592,-0.1287105159993855,1.1613098327312548,2.3260148633796227
TS12,2021-07-31 19:05:00,-0.11259441187826572,-2.5396092509414014,-1.383108041434083,-0.11259441187826572,1.1702167833560675,2.3274895001610396
TS12,2021-07-31 19:10:00,-0.0984598007978857,-2.5267041687634038,-1.3602119814105293,-0.0984598007978857,1.189163620763814,2.3558711928757865
TS12,2021-07-31 19:15:00,-0.07048910095118341,-2.494498375428048,-1.3349625222073132,-0.07048910095118341,1.2272074681568215,2.40107089486655
TS12,2021-07-31 19:20:00,-0.05775712683143651,-2.490705792643714,-1.3260818642835026,-0.05775712683143651,1.2361014533738446,2.4072553592567565
TS12,2021-07-31 19:25:00,-0.06210449942396432,-2.5017529972133183,-1.3503364661631159,-0.06210449942396432,1.2359704605803623,2.4122236869684346
TS12,2021-07-31 19:30:00,-0.09367086532333456,-2.5366770466972612,-1.3679484485541336,-0.09367086532333456,1.2182841955487425,2.391089615237391
TS12,2021-07-31 19:35:00,-0.08585535636596578,-2.537818043116169,-1.3814642120243876,-0.08585535636596578,1.235265419026446,2.3994885695743964
TS12,2021-07-31 19:40:00,-0.05502142086890861,-2.5121972979879494,-1.3455251938551256,-0.05502142086890861,1.2596712785383246,2.4344478201889803
TS12,2021-07-31 19:45:00,-0.010062950498569513,-2.4821303141674598,-1.3163992412991854,-0.010062950498569513,1.288763728126691,2.497406033230885
TS12,2021-07-31 19:50:00,0.01640669707161829,-2.452776062858766,-1.2898386324907956,0.01640669707161829,1.3221912037358108,2.5312119769891774
TS12,2021-07-31 19:55:00,0.05821214752830651,-2.428731276964946,-1.249272405764238,0.05821214752830651,1.368339293572687,2.563150674455832
TS12,2021-07-31 20:00:00,0.1721805031265128,-2.3206601876927655,-1.1298720902301354,0.1721805031265128,1.4879339982270383,2.6878505634103442
TS12,2021-07-31 20:05:00,0.19365259538324,-2.3025781861710106,-1.1260749659970102,0.19365259538324,1.5104310884182712,2.716997646469844
TS12,2021-07-31 20:10:00,0.1405166002798264,-2.3562571967931065,-1.1735645916419217,0.1405166002798264,1.4660646170663414,2.6680027088791385
TS12,2021-07-31 20:15:00,-0.055761635781031244,-2.547468566252315,-1.3735340233489617,-0.055761635781031244,1.2796563090296031,2.5047154482414697
TS12,2021-07-31 20:20:00,-0.1317837875365511,-2.629981766944708,-1.449134101453747,-0.1317837875365511,1.1957137747866529,2.4285356440652683
TS12,2021-07-31 20:25:00,-0.07055079578321727,-2.575182434834634,-1.3806628703220025,-0.07055079578321727,1.2669814060037576,2.4970644492160394
TS12,2021-07-31 20:30:00,0.09526254236546304,-2.4055901536802033,-1.2176835934201327,0.09526254236546304,1.4363057906458376,2.667770903659403
TS12,2021-07-31 20:35:00,0.1387135772524701,-2.387120587726533,-1.1716964109912422,0.1387135772524701,1.4886451763766548,2.7304158200266624
TS12,2021-07-31 20:40:00,0.1278373970826557,-2.403406657035944,-1.189645025235684,0.1278373970826557,1.4746731608253172,2.7157084202744475
TS12,2021-07-31 20:45:00,0.11718294658631151,-2.409210556069435,-1.2033264482477994,0.11718294658631151,1.472241557610439,2.712652238176604
TS12,2021-07-31 20:50:00,0.10921784696889078,-2.418485388009121,-1.225652848606606,0.10921784696889078,1.457522635226916,2.705301788228449
TS12,2021-07-31 20:55:00,0.10433675307211425,-2.426308862973531,-1.213323047428118,0.10433675307211425,1.4722209209668513,2.7271377705084783
TS12,2021-07-31 21:00:00,0.13897542059297832,-2.3988179394458156,-1.1918621526681201,0.13897542059297832,1.504777282427744,2.7730253900543866
TS12,2021-07-31 21:05:00,0.14896961431710154,-2.388044135280582,-1.1919190291100674,0.14896961431710154,1.5187548394400108,2.7851410155632497
TS12,2021-07-31 21:10:00,0.14615581403746927,-2.398180400735254,-1.1998440258797967,0.14615581403746927,1.522662040769082,2.7747307349623154
TS12,2021-07-31 21:15:00,0.13632224276296045,-2.4021557662144084,-1.1878622018468474,0.13632224276296045,1.5176126508614276,2.7814588230525557
TS12,2021-07-31 21:20:00,0.15587198444308542,-2.409495125822566,-1.1842540801459502,0.15587198444308542,1.5310879841969747,2.7880460901465423
TS12,2021-07-31 21:25:00,0.13456646203401668,-2.4272354148643065,-1.2123985239036748,0.13456646203401668,1.5039320282285265,2.755573192518743
TS12,2021-07-31 21:30:00,0.03767064138156184,-2.513028727995106,-1.2989571983242423,0.03767064138156184,1.4139025761786685,2.6792263089521033
TS12,2021-07-31 21:35:00,0.026882661470911992,-2.522439962620307,-1.3152583877290027,0.026882661470911992,1.402367884676726,2.680139835560219
TS12,2021-07-31 21:40:00,-0.01042388017117835,-2.577289292108423,-1.3747620109527063,-0.01042388017117835,1.371145723613875,2.625597073726081
TS12,2021-07-31 21:45:00,-0.07321762087974487,-2.658564924025729,-1.4423417373161802,-0.07321762087974487,1.298340398802731,2.5693693514685614
TS12,2021-07-31 21:50:00,-0.12780997765677743,-2.709870589287685,-1.4899701599557988,-0.12780997765677743,1.253067439035444,2.5213266764481643
TS12,2021-07-31 21:55:00,-0.12409411992356877,-2.7131538110605895,-1.4925456107619322,-0.12409411992356877,1.2573320812643716,2.5272385352543685
TS12,2021-07-31 22:00:00,-0.15271831734165203,-2.7531600748482408,-1.547963743926176,-0.15271831734165203,1.2300541522292707,2.488489154810322
TS12,2021-07-31 22:05:00,-0.16892955980390378,-2.7662354795593975,-1.5547998605157858,-0.16892955980390378,1.2187832425597884,2.4768261979694324
TS12,2021-07-31 22:10:00,-0.16132342355273158,-2.762275465707466,-1.5475884846291512,-0.16132342355273158,1.23018597301997,2.4924821058006144
TS12,2021-07-31 22:15:00,-0.17982138628469954,-2.789558646531508,-1.5674831564429226,-0.17982138628469954,1.2253131278615608,2.480347035865582
TS12,2021-07-31 22:20:00,-0.17975043605401797,-2.7961559284902386,-1.5758664060971452,-0.17975043605401797,1.2299948584540217,2.489922398018952
TS12,2021-07-31 22:25:00,-0.1880525784589048,-2.8082679208754033,-1.5833993483269746,-0.1880525784589048,1.2185585127248844,2.4748057232995393
TS12,2021-07-31 22:30:00,-0.28786342633221007,-2.922197490596903,-1.681460182845312,-0.28786342633221007,1.1265747563408541,2.388962820790502
TS12,2021-07-31 22:35:00,-0.29785739672634465,-2.9284507296723903,-1.688294879560714,-0.29785739672634465,1.1245510868713318,2.3971745584760606
TS12,2021-07-31 22:40:00,-0.2855063940475309,-2.9411194519728494,-1.6741557884188538,-0.2855063940475309,1.1382551629942494,2.4119233425569204
TS12,2021-07-31 22:45:00,-0.27892413817998124,-2.9319642277452376,-1.6638896462657602,-0.27892413817998124,1.1403548102286736,2.4244303709133637
TS12,2021-07-31 22:50:00,-0.26695621288803595,-2.9250530862886315,-1.658798652633737,-0.26695621288803595,1.1553757635107473,2.4423998886329272
TS12,2021-07-31 22:55:00,-0.26139856391138905,-2.912105143891926,-1.661520711003227,-0.26139856391138905,1.1568993287653275,2.4490323285871645
TS12,2021-07-31 23:00:00,-0.3139916212413198,-2.981496101599587,-1.7262851216673585,-0.3139916212413198,1.1046581759538263,2.3940217004362037
TS12,2021-07-31 23:05:00,-0.3083082311015068,-2.969957100290971,-1.7195053707371812,-0.3083082311015068,1.1115883543735554,2.3975548040168095
TS12,2021-07-31 23:10:00,-0.31818536202141934,-2.9996375980193513,-1.7339343252664814,-0.31818536202141934,1.1086425707654453,2.395369945993585
TS12,2021-07-31 23:15:00,-0.33864248404799036,-3.02790716855229,-1.757122987072355,-0.33864248404799036,1.0890601013212566,2.376942827393072
TS12,2021-07-31 23:20:00,-0.3363791413119864,-3.033518728504129,-1.768500588902682,-0.3363791413119864,1.0785767344684578,2.362866583328203
TS12,2021-07-31 23:25:00,-0.3392733306790728,-3.0346798700314688,-1.7726435052379572,-0.3392733306790728,1.087978531940342,2.370582174849
TS12,2021-07-31 23:30:00,-0.3965991302811047,-3.0882232786180235,-1.8190575531456064,-0.3965991302811047,1.047778451151262,2.339142760617246
TS12,2021-07-31 23:35:00,-0.3933435001671124,-3.0919260500053247,-1.8346406040601226,-0.3933435001671124,1.047404238486927,2.3421660172230094
TS12,2021-07-31 23:40:00,-0.38277753631283973,-3.0838120678147845,-1.8383877460953506,-0.38277753631283973,1.050888264076269,2.3439289446331517
TS12,2021-07-31 23:45:00,-0.41491766828730803,-3.128008371470418,-1.8660727818533909,-0.41491766828730803,1.0257513538028857,2.32745843822788
TS12,2021-07-31 23:50:00,-0.4149866864767669,-3.108379134906896,-1.8670425470836527,-0.4149866864767669,1.0307893063144349,2.3467536940105704
TS12,2021-07-31 23:55:00,-0.38670048646542715,-3.142391512446962,-1.8645116684797707,-0.38670048646542715,1.0838850700626572,2.3970661794016994
TS2,2021-07-31 00:00:00,0.006906531133041496,-0.27366580296183335,-0.14445978512014654,0.006906531133041496,0.15799640966130027,0.2941065077617817
TS2,2021-07-31 00:05:00,-0.08826701956020837,-0.40034702107714965,-0.2511033402911503,-0.08826701956020837,0.0713100032167028,0.22486285307109613
TS2,2021-07-31 00:10:00,-0.1507552908980989,-0.4957507649436674,-0.33291110700917714,-0.1507552908980989,0.026457372357032292,0.19111907017147084
TS2,2021-07-31 00:15:00,-0.17910924310277423,-0.5302965010585469,-0.36409688395761564,-0.17910924310277423,0.007699311750544675,0.174393776522571
TS2,2021-07-31 00:20:00,-0.2024342216018385,-0.576046115847309,-0.39684521758326424,-0.2024342216018385,-0.007876212290096787,0.17372456085647364
TS2,2021-07-31 00:25:00,-0.22386468096493164,-0.6180806838608698,-0.4295745072586137,-0.22386468096493164,-0.011382359493394612,0.1729913669074362
TS2,2021-07-31 00:30:00,-0.25069632907922695,-0.6724707372976837,-0.47214338326982014,-0.25069632907922695,-0.03699902986901978,0.16015045713693837
TS2,2021-07-31 00:35:00,-0.31623271313280155,-0.7357508465379877,-0.535274952902893,-0.31623271313280155,-0.08709112159754864,0.12758614252958528
TS2,2021-07-31 00:40:00,-0.33877895254092383,-0.7858535557707517,-0.5779224206315016,-0.33877895254092383,-0.10386033599829961,0.09296015899430421
TS2,2021-07-31 00:45:00,-0.3527351936628714,-0.810272818747548,-0.5934524818580423,-0.3527351936628714,-0.11812450258102253,0.09148577482655196
TS2,2021-07-31 00:50:00,-0.37601297750332957,-0.8578604305782292,-0.6321727353975265,-0.37601297750332957,-0.1353965221078009,0.08565534398039362
TS2,2021-07-31 00:55:00,-0.40612117375159806,-0.8842602949688849,-0.6630332269985436,-0.40612117375159806,-0.15426626510056865,0.0811563431657988
TS2,2021-07-31 01:00:00,-0.4377922943576409,-0.9302264467451458,-0.6986083401294273,-0.4377922943576409,-0.17528440572180015,0.051813441186111225
TS2,2021-07-31 01:05:00,-0.4732436974122351,-0.9821020354842597,-0.7453915100276195,-0.4732436974122351,-0.21862847130964597,0.0203309300694616
TS2,2021-07-31 01:10:00,-0.5294683985801629,-1.029280199408065,-0.7939202432831906,-0.5294683985801629,-0.2483647633329243,-0.010609955776260671
TS2,2021-07-31 01:15:00,-0.5872271063467936,-1.1084219953435361,-0.8697784522710914,-0.5872271063467936,-0.3063512872023141,-0.049612276091333216
TS2,2021-07-31 01:20:00,-0.6074683893764772,-1.1330581742442931,-0.8944519497181421,-0.6074683893764772,-0.3188195032667895,-0.06864975963047597
TS2,2021-07-31 01:25:00,-0.6297066208164328,-1.1860053321731614,-0.91490547152709,-0.6297066208164328,-0.3355219807701396,-0.08485205764759995
TS2,2021-07-31 01:30:00,-0.6493194023832775,-1.2267645293262908,-0.9501250385060269,-0.6493194023832775,-0.3565744266981749,-0.09162451981715311
TS2,2021-07-31 01:35:00,-0.6917680757056538,-1.2481944825545492,-0.9872277109805866,-0.6917680757056538,-0.3889085560976277,-0.11347179959585563
TS2,2021-07-31 01:40:00,-0.733854857246638,-1.3220043512800352,-1.0468885713750533,-0.733854857246638,-0.42894288637788264,-0.14602806907958363
TS2,2021-07-31 01:45:00,-0.7520992019238134,-1.3246716438647603,-1.0673920033226774,-0.7520992019238134,-0.4324073421944592,-0.1625747718660619
TS2,2021-07-31 01:50:00,-0.750112818804335,-1.343039701563047,-1.0572864664428538,-0.750112818804335,-0.431931256464676,-0.152683693385675
TS2,2021-07-31 01:55:00,-0.7484698174355249,-1.3567267073048612,-1.0741890507455432,-0.7484698174355249,-0.43202168464803054,-0.12673796695897008
TS2,2021-07-31 02:00:00,-0.7773064997857936,-1.3957346358672114,-1.1043686264815367,-0.7773064997857936,-0.4457515924699751,-0.1643561512586395
TS2,2021-07-31 02:05:00,-0.7940839722436861,-1.4391576251294385,-1.1324414136419094,-0.7940839722436861,-0.46325614468791,-0.16570569217208952
TS2,2021-07-31 02:10:00,-0.8179499970601309,-1.446352895247103,-1.148992026461576,-0.8179499970601309,-0.48431188484204485,-0.1914043312743289
TS2,2021-07-31 02:15:00,-0.8363333957303449,-1.4842962744585906,-1.1703440046571945,-0.8363333957303449,-0.47705065583730893,-0.1949777579432502
TS2,2021-07-31 02:20:00,-0.8587458947789163,-1.5006259025428592,-1.1949083052579685,-0.8587458947789163,-0.5132782484486219,-0.20714508643135204
TS2,2021-07-31 02:25:00,-0.8873289091049563,-1.5442825311373702,-1.2337432992463406,-0.8873289091049563,-0.5451965416889588,-0.23652603059940924
TS2,2021-07-31 02:30:00,-0.8987849214738775,-1.5618832936470097,-1.2496483280388608,-0.8987849214738775,-0.5528781326807554,-0.22151444318122177
TS2,2021-07-31 02:35:00,-0.9175981751510738,-1.5981645428994624,-1.2823348952185447,-0.9175981751510738,-0.5607287607465794,-0.2480304279982438
TS2,2021-07-31 02:40:00,-0.9584174875765656,-1.650622115324255,-1.3175456187974852,-0.9584174875765656,-0.5797914820842072,-0.269322482405027
TS2,2021-07-31 02:45:00,-0.9603958376391188,-1.6503856071502374,-1.3340864851032985,-0.9603958376391188,-0.5988435069642447,-0.2539970884507081
TS2,2021-07-31 02:50:00,-0.9674370395736638,-1.661678145407243,-1.3419286457001145,-0.9674370395736638,-0.5949707998152768,-0.26630248217436525
TS2,2021-07-31 02:55:00,-0.9823805076277069,-1.6767208228437067,-1.3441114201177544,-0.9823805076277069,-0.6014260487303504,-0.2718960867991936
TS2,2021-07-31 03:00:00,-0.9887598059304137,-1.6946062363138454,-1.3643766114083915,-0.9887598059304137,-0.6050348369979893,-0.2534617074281262
TS2,2021-07-31 03:05:00,-1.0027709544374348,-1.7346578677437126,-1.3879532604878126,-1.0027709544374348,-0.6117356618559722,-0.2712118451335746
TS2,2021-07-31 03:10:00,-1.0132917861320903,-1.7468867667688759,-1.3971426619579381,-1.0132917861320903,-0.6188077576547428,-0.288165142439425
TS2,2021-07-31 03:15:00,-1.031239331799121,-1.768024282920157,-1.4228368455059788,-1.031239331799121,-0.6332284333588333,-0.2890998973063277
TS2,2021-07-31 03:20:00,-1.0542679424018142,-1.7925655803377967,-1.4418156429638613,-1.0542679424018142,-0.6494028534086317,-0.31739598638433214
TS2,2021-07-31 03:25:00,-1.0545634520644558,-1.8031956038838581,-1.45974619081639,-1.0545634520644558,-0.6679057351140332,-0.3171202966936276
TS2,2021-07-31 03:30:00,-1.0667488746419564,-1.8296107068240959,-1.487277835020571,-1.0667488746419564,-0.6705155457003994,-0.31915111758357806
TS2,2021-07-31 03:35:00,-1.075821675274421,-1.8458489594055185,-1.4911713603767114,-1.075821675274421,-0.6725747860042592,-0.3349782442826837
TS2,2021-07-31 03:40:00,-1.0916006126710434,-1.8870589074582098,-1.5108871541681244,-1.0916006126710434,-0.6971593219327427,-0.3259189760196014
TS2,2021-07-31 03:45:00,-1.098569652049434,-1.882572760758943,-1.5156246111270106,-1.098569652049434,-0.6803141412436889,-0.32234969444371425
TS2,2021-07-31 03:50:00,-1.0978121504108884,-1.9039291814808244,-1.512179065219342,-1.0978121504108884,-0.68401774755117,-0.3256454340925432
TS2,2021-07-31 03:55:00,-1.1188681556314202,-1.9097389123262891,-1.5322409779077302,-1.1188681556314202,-0.699092447297636,-0.32266193124179776
TS2,2021-07-31 04:00:00,-1.1354999385523368,-1.954389680105185,-1.5824543623016156,-1.1354999385523368,-0.726245616536265,-0.3751186433094279
TS2,2021-07-31 04:05:00,-1.1373479313592987,-1.9757045898960581,-1.584962815121359,-1.1373479313592987,-0.7231722256618834,-0.33588302767382294
TS2,2021-07-31 04:10:00,-1.1536150636188627,-1.985165050579943,-1.5900258605926196,-1.1536150636188627,-0.7189097102887678,-0.3629042051951328
TS2,2021-07-31 04:15:00,-1.159151386819248,-1.9891115999690077,-1.5892880649423342,-1.159151386819248,-0.7442940243775044,-0.3696510612631138
TS2,2021-07-31 04:20:00,-1.1607059721914275,-2.008338928010058,-1.6093227253221294,-1.1607059721914275,-0.7290075239644047,-0.3463949791207445
TS2,2021-07-31 04:25:00,-1.1564156410200828,-1.9949866928446494,-1.6039124297945313,-1.1564156410200828,-0.7293830589210835,-0.34781339848705717
TS2,2021-07-31 04:30:00,-1.1541488669517255,-2.0058901049454674,-1.6000141766471065,-1.1541488669517255,-0.729299434003384,-0.35404014272812157
TS2,2021-07-31 04:35:00,-1.166534041980642,-2.0088246798504352,-1.6160735764611998,-1.166534041980642,-0.7220121744316962,-0.3456067825437087
TS2,2021-07-31 04:40:00,-1.1785113735317145,-2.019579702910496,-1.6336270670769528,-1.1785113735317145,-0.7446494280988905,-0.33795246221535014
TS2,2021-07-31 04:45:00,-1.18276379060155,-2.040438462352979,-1.6402470311554735,-1.18276379060155,-0.7384753785550379,-0.3559443727275305
TS2,2021-07-31 04:50:00,-1.181923177155263,-2.039672500432815,-1.6392761180689308,-1.181923177155263,-0.7362913471779842,-0.3536498366880704
TS2,2021-07-31 04:55:00,-1.1783504486748737,-2.0600427014190164,-1.6334386687254265,-1.1783504486748737,-0.7524550655121861,-0.34438269540338373
TS2,2021-07-31 05:00:00,-1.1803719651699502,-2.0591284174223756,-1.645646101556501,-1.1803719651699502,-0.7308535216618012,-0.3416499212283348
TS2,2021-07-31 05:05:00,-1.1939604303870066,-2.062337055347243,-1.6562923430457455,-1.1939604303870066,-0.7444275207663291,-0.33131468344093234
TS2,2021-07-31 05:10:00,-1.1897578441089556,-2.064544172543332,-1.6546893816358788,-1.1897578441089556,-0.7479142016421921,-0.3323252798868542
TS2,2021-07-31 05:15:00,-1.1912599964066948,-2.0753866690302933,-1.6604806474530018,-1.1912599964066948,-0.7441894442788201,-0.3336459113562507
TS2,2021-07-31 05:20:00,-1.1983552680590603,-2.0817437292015644,-1.655928771066487,-1.1983552680590603,-0.7377415475601157,-0.30768828812489774
TS2,2021-07-31 05:25:00,-1.1952311701687677,-2.0885308047920894,-1.669573321273188,-1.1952311701687677,-0.7348861939535555,-0.30147093799586955
TS2,2021-07-31 05:30:00,-1.209471640810173,-2.1047433184537723,-1.6671549029092887,-1.209471640810173,-0.7355219882093222,-0.31800465345865664
TS2,2021-07-31 05:35:00,-1.196010258316507,-2.104383802502139,-1.6761461453360718,-1.196010258316507,-0.7292270031013973,-0.29823379046071585
TS2,2021-07-31 05:40:00,-1.2072424720056494,-2.1011641404205577,-1.6727359856156834,-1.2072424720056494,-0.7305401857363137,-0.30381560349194486
TS2,2021-07-31 05:45:00,-1.1943558073634706,-2.1110267065228943,-1.6792121504354174,-1.1943558073634706,-0.726889991302206,-0.3060752721938708
TS2,2021-07-31 05:50:00,-1.1966873745116302,-2.1294814917656213,-1.6830716459728217,-1.1966873745116302,-0.7098349232873569,-0.29434342173945655
TS2,2021-07-31 05:55:00,-1.2037940919909274,-2.1234369218304407,-1.669114197294275,-1.2037940919909274,-0.7122924087695384,-0.2811800155641889
TS2,2021-07-31 06:00:00,-1.2040789506469354,-2.1486643566131836,-1.6861967882263398,-1.2040789506469354,-0.7286017433816802,-0.3068641366199008
TS2,2021-07-31 06:05:00,-1.218029796740278,-2.1458672242582355,-1.706053102824786,-1.218029796740278,-0.7267831310709616,-0.2814427490547145
TS2,2021-07-31 06:10:00,-1.2131257403893523,-2.173686280635316,-1.6987206918063436,-1.2131257403893523,-0.7143241012950238,-0.2757734229778491
TS2,2021-07-31 06:15:00,-1.2049011562328686,-2.156948406981919,-1.7049241784804132,-1.2049011562328686,-0.7107131078850385,-0.2564053786202257
TS2,2021-07-31 06:20:00,-1.2152783408665502,-2.139093667241385,-1.710870219102375,-1.2152783408665502,-0.7139996998094816,-0.2648296065082799
TS2,2021-07-31 06:25:00,-1.2207250939230099,-2.1652305690553475,-1.71366897436219,-1.2207250939230099,-0.7187377181447461,-0.2557707456614362
TS2,2021-07-31 06:30:00,-1.2035064313779054,-2.1625633806978852,-1.7141489722541006,-1.2035064313779054,-0.7108063198087056,-0.27462598359056034
TS2,2021-07-31 06:35:00,-1.2092224133477905,-2.170707420644291,-1.7249258929098887,-1.2092224133477905,-0.7064899021484885,-0.2433520637190354
TS2,2021-07-31 06:40:00,-1.1940147288514513,-2.1540055860789282,-1.6973982179036258,-1.1940147288514513,-0.6944887849050845,-0.24202644322400357
TS2,2021-07-31 06:45:00,-1.201176066451692,-2.166691854062289,-1.7052668366292587,-1.201176066451692,-0.6853114575788518,-0.23384293386820826
TS2,2021-07-31 06:50:00,-1.2007052616228797,-2.172188998470237,-1.7150511244132256,-1.2007052616228797,-0.6918067366179322,-0.22692053737388185
TS2,2021-07-31 06:55:00,-1.192886662956628,-2.185190317350006,-1.7194843454065234,-1.192886662956628,-0.6780318926498422,-0.2314710699143371
TS2,2021-07-31 07:00:00,-1.195020294133248,-2.176559565728094,-1.7205827362420845,-1.195020294133248,-0.6841550992653284,-0.2217650771451959
TS2,2021-07-31 07:05:00,-1.2011853354337816,-2.2001353663533667,-1.7181104504692406,-1.2011853354337816,-0.675749555036183,-0.2203289307692091
TS2,2021-07-31 07:10:00,-1.2119503565212288,-2.224500309859119,-1.743383247385695,-1.2119503565212288,-0.6843689827940371,-0.20991951189816582
TS2,2021-07-31 07:15:00,-1.2022366425968602,-2.2191069780655384,-1.72771447451497,-1.2022366425968602,-0.6760152502755241,-0.20928127731643803
TS2,2021-07-31 07:20:00,-1.2121245605188111,-2.2116929099632143,-1.7476954991956628,-1.2121245605188111,-0.6717425851833855,-0.2005250360039102
TS2,2021-07-31 07:25:00,-1.2054162662405852,-2.224419477276258,-1.7356708427147107,-1.2054162662405852,-0.6795791569555817,-0.19078391299807654
TS2,2021-07-31 07:30:00,-1.2097823518327953,-2.2256822983790836,-1.7318907011484312,-1.2097823518327953,-0.6785111621622852,-0.20082657606025367
TS2,2021-07-31 07:35:00,-1.2144370537896285,-2.226596038622263,-1.735339067326938,-1.2144370537896285,-0.6712891010147939,-0.19404895274123132
TS2,2021-07-31 07:40:00,-1.2034963590178187,-2.2420979488335178,-1.746688694686017,-1.2034963590178187,-0.6715787007928373,-0.19805317736135206
TS2,2021-07-31 07:45:00,-1.2047382807768587,-2.2175445557192197,-1.7472771026698308,-1.2047382807768587,-0.6644789308040836,-0.18882164143186442
TS2,2021-07-31 07:50:00,-1.210789345662725,-2.2321841263271933,-1.7448993976432652,-1.210789345662725,-0.6572568810454165,-0.17719209716603615
TS2,2021-07-31 07:55:00,-1.1677315993850712,-2.1936324799254616,-1.7025231061824937,-1.1677315993850712,-0.6189837948151724,-0.14220058042304737
TS2,2021-07-31 08:00:00,-1.1132620198648355,-2.1453055802758723,-1.6517181302690735,-1.1132620198648355,-0.554827306853031,-0.061272895341767275
TS2,2021-07-31 08:05:00,-1.158431974415553,-2.1857341510984236,-1.7101799830870439,-1.158431974415553,-0.6151189881441481,-0.10467288384207382
TS2,2021-07-31 08:10:00,-1.1828004057283925,-2.2359817494040817,-1.7227169621067426,-1.1828004057283925,-0.641881667624713,-0.16651729054291275
TS2,2021-07-31 08:15:00,-1.1902218636524848,-2.235891643759615,-1.7324495236225985,-1.1902218636524848,-0.6322781904418437,-0.14703193956678767
TS2,2021-07-31 08:20:00,-1.1884596040193507,-2.238614020779924,-1.73038054706875,-1.1884596040193507,-0.619576470462545,-0.12490784191694507
TS2,2021-07-31 08:25:00,-1.1748413834159819,-2.2281642512679083,-1.716377395027975,-1.1748413834159819,-0.6266287017747683,-0.10807479089660457
TS2,2021-07-31 08:30:00,-1.166259836047371,-2.233238007160727,-1.7154020629215732,-1.166259836047371,-0.6029312365741991,-0.10116733004337358
TS2,2021-07-31 08:35:00,-1.1522070425457875,-2.2252013960666535,-1.720050937477338,-1.1522070425457875,-0.6017746266449838,-0.07769805485806625
TS2,2021-07-31 08:40:00,-1.1472651272133327,-2.2461089737088447,-1.7357649843814489,-1.1472651272133327,-0.5965274135709493,-0.07769317433400363
TS2,2021-07-31 08:45:00,-1.150607001191118,-2.2220577976150127,-1.7197591041859797,-1.150607001191118,-0.5741428545926119,-0.05962107716192294
TS2,2021-07-31 08:50:00,-1.1290656908992682,-2.226882553682245,-1.722796035457299,-1.1290656908992682,-0.5641143488985553,-0.06702311106580808
TS2,2021-07-31 08:55:00,-1.099503987897961,-2.1802528256262717,-1.6758935895935378,-1.099503987897961,-0.5263497650997184,-0.02764362603585377
TS2,2021-07-31 09:00:00,-1.0829607441065539,-2.15001385303904,-1.6662682299692606,-1.0829607441065539,-0.4834374063767921,0.011435482944884612
TS2,2021-07-31 09:05:00,-1.075960767094209,-2.143135873847841,-1.6534393909911307,-1.075960767094209,-0.49208761076668506,0.007348528997991766
TS2,2021-07-31 09:10:00,-1.0855660920372305,-2.1540717133661524,-1.6567486228142858,-1.0855660920372305,-0.5040889596696563,0.013772443725256794
TS2,2021-07-31 09:15:00,-1.0758843951219261,-2.157328806771512,-1.6666371719527124,-1.0758843951219261,-0.48237915353279537,0.024566989063206673
TS2,2021-07-31 09:20:00,-1.0639097613549626,-2.1600353604187865,-1.640902009912789,-1.0639097613549626,-0.47262199080821027,0.03292201946484638
TS2,2021-07-31 09:25:00,-1.0536498666112886,-2.146387561842909,-1.6222047299576765,-1.0536498666112886,-0.46532129449626325,0.04605800353615061
TS2,2021-07-31 09:30:00,-1.0280240248759795,-2.1465026628102515,-1.6109783353812317,-1.0280240248759795,-0.43639861377150735,0.08391003067411426
TS2,2021-07-31 09:35:00,-1.042434321906139,-2.1352527854236873,-1.6094329504047815,-1.042434321906139,-0.4290911269904685,0.07166986862112543
TS2,2021-07-31 09:40:00,-1.0351380959121204,-2.1449234344704307,-1.6166947894979775,-1.0351380959121204,-0.43512112400551994,0.08534411853365244
TS2,2021-07-31 09:45:00,-1.0285205028735913,-2.131215363201893,-1.6050305810448189,-1.0285205028735913,-0.4045025138590084,0.10839086798612463
TS2,2021-07-31 09:50:00,-0.9960584068610134,-2.1278457798881396,-1.5869847848172431,-0.9960584068610134,-0.404251653938886,0.1346196961507179
TS2,2021-07-31 09:55:00,-0.98556909537428,-2.0572374085835263,-1.5694541009159166,-0.98556909537428,-0.3668872429143307,0.165053652517054
TS2,2021-07-31 10:00:00,-0.9328894742166706,-2.0656552317086874,-1.532854423648521,-0.9328894742166706,-0.33798367295855464,0.17486269786873218
TS2,2021-07-31 10:05:00,-0.9182302078843916,-2.0417097660656314,-1.525294293739487,-0.9182302078843916,-0.3055380992264147,0.23017171144094858
TS2,2021-07-31 10:10:00,-0.9355787891184318,-2.0520736280352616,-1.5215669755799353,-0.9355787891184318,-0.3033670397728849,0.22992468121738419
TS2,2021-07-31 10:15:00,-0.9117430644430231,-2.0258379605269754,-1.4896282718680045,-0.9117430644430231,-0.2770121245359588,0.23104795530412997
TS2,2021-07-31 10:20:00,-0.8818024869061404,-2.015655707238427,-1.4665501152221345,-0.8818024869061404,-0.25999425455213754,0.2732127300262861
TS2,2021-07-31 10:25:00,-0.8763232455453525,-2.0185669719579034,-1.470721109491175,-0.8763232455453525,-0.2509251530681408,0.27909911364362006
TS2,2021-07-31 10:30:00,-0.8118310275657542,-1.9580972153083913,-1.4084746977313718,-0.8118310275657542,-0.21991194218929794,0.3356101316740854
TS2,2021-07-31 10:35:00,-0.8329446776822539,-1.9850171772466896,-1.4206244815202753,-0.8329446776822539,-0.21151929630779898,0.33183984752457696
TS2,2021-07-31 10:40:00,-0.8108622639340286,-1.955043005703072,-1.4123326177406725,-0.8108622639340286,-0.1730075480732266,0.35194133710619036
TS2,2021-07-31 10:45:00,-0.7734867500433069,-1.931581866859432,-1.3814045970080975,-0.7734867500433069,-0.16532753945546066,0.3986136510534802
TS2,2021-07-31 10:50:00,-0.7575081791243194,-1.902487987182641,-1.360733828760092,-0.7575081791243194,-0.13641297852937323,0.3956923156526445
TS2,2021-07-31 10:55:00,-0.7069492274960069,-1.8781619737402995,-1.3129242941349513,-0.7069492274960069,-0.08486381028845201,0.46992683884730047
TS2,2021-07-31 11:00:00,-0.6017613328105341,-1.736702456250688,-1.2091362019072622,-0.6017613328105341,0.01568583580110236,0.5921150363216315
TS2,2021-07-31 11:05:00,-0.5574704195630129,-1.7468886690654755,-1.160555488808939,-0.5574704195630129,0.05697117615252289,0.6064925226252548
TS2,2021-07-31 11:10:00,-0.5546544357436903,-1.6994191663772094,-1.156163053411247,-0.5546544357436903,0.08284281473786002,0.6208620297182033
TS2,2021-07-31 11:15:00,-0.540796124761248,-1.7129604653084547,-1.1537996377311077,-0.540796124761248,0.09549536026246136,0.6372066543313237
TS2,2021-07-31 11:20:00,-0.5023663883993311,-1.672306608834621,-1.1177755308150341,-0.5023663883993311,0.11649100910720014,0.6848244707334794
TS2,2021-07-31 11:25:00,-0.4722739329849223,-1.651796186510325,-1.0796013230566572,-0.4722739329849223,0.1740934394573959,0.7099358839196073
TS2,2021-07-31 11:30:00,-0.4204020841220064,-1.6070962628058751,-1.0368040479481664,-0.4204020841220064,0.22265000865758167,0.7547660264862687
TS2,2021-07-31 11:35:00,-0.39169330095380284,-1.5783361560832256,-0.9847402319478691,-0.39169330095380284,0.23541479047255037,0.7951170535684855
TS2,2021-07-31 11:40:00,-0.31249373705512096,-1.5055858922882854,-0.9146207029246406,-0.31249373705512096,0.33203978205985113,0.8932536625686919
TS2,2021-07-31 11:45:00,-0.24962786039438065,-1.4883086388777036,-0.884422074182295,-0.24962786039438065,0.3806004081617629,0.9559439693612544
TS2,2021-07-31 11:50:00,-0.21582339523571245,-1.4175308681109413,-0.827184902794806,-0.21582339523571245,0.41412544521551176,0.9894913919618846
TS2,2021-07-31 11:55:00,-0.14883722634105126,-1.3676847501352802,-0.7935693443080597,-0.14883722634105126,0.4750376979728333,1.0706109637815446
TS2,2021-07-31 12:00:00,-0.02899013277801878,-1.257110121022634,-0.6609537798066882,-0.02899013277801878,0.6006457284570935,1.1878133749879882
TS2,2021-07-31 12:05:00,0.0735523322938573,-1.1221490588165424,-0.551212462387448,0.0735523322938573,0.7218994820607882,1.3018658868790178
TS2,2021-07-31 12:10:00,0.16322766056582252,-1.0298924196650618,-0.4385985233773385,0.16322766056582252,0.8312991763306551,1.415546662643763
TS2,2021-07-31 12:15:00,0.18380084701331967,-1.0310484871240528,-0.42338081420745466,0.18380084701331967,0.8446845323262512,1.4221110691515482
TS2,2021-07-31 12:20:00,0.2216257785329177,-0.9639844213788971,-0.4038652463702814,0.2216257785329177,0.8752445570270799,1.4806811526504666
TS2,2021-07-31 12:25:00,0.31022856910742674,-0.8988836856924588,-0.3398633339645351,0.31022856910742674,0.9554600186024618,1.5470591103928695
TS2,2021-07-31 12:30:00,0.36228674481324813,-0.8736649245634183,-0.28019947994972805,0.36228674481324813,1.0171243704571529,1.6229459337671248
TS2,2021-07-31 12:35:00,0.3776829183687013,-0.8577407609257521,-0.2678611259015204,0.3776829183687013,1.026622969590772,1.6255441564117905
TS2,2021-07-31 12:40:00,0.42140889221640127,-0.8188515659061021,-0.2302352993897376,0.42140889221640127,1.0814582198792333,1.6807258944417223
TS2,2021-07-31 12:45:00,0.46643232095770054,-0.7539997781864384,-0.19518862856305963,0.46643232095770054,1.1238628714923797,1.7177656188911372
TS2,2021-07-31 12:50:00,0.5132952508142113,-0.700748710104292,-0.12432175669336093,0.5132952508142113,1.1641953228882465,1.7944608619574232
TS2,2021-07-31 12:55:00,0.5713843837508402,-0.6557626991401435,-0.06589588086386376,0.5713843837508402,1.237605502667916,1.8560876566154942
TS2,2021-07-31 13:00:00,0.7326408603118939,-0.5161079712059562,0.08624330607769823,0.7326408603118939,1.3799097698211633,1.9978146875623386
TS2,2021-07-31 13:05:00,0.7699042165677806,-0.4871419093660705,0.10434676237836492,0.7699042165677806,1.4324689513453461,2.035896281769606
TS2,2021-07-31 13:10:00,0.7959483063208063,-0.47530516119730193,0.1326122485056045,0.7959483063208063,1.4515652258354457,2.0596881718866262
TS2,2021-07-31 13:15:00,0.8345906051788649,-0.4256635248424833,0.17573034853083258,0.8345906051788649,1.4928347103015833,2.098825967197025
TS2,2021-07-31 13:20:00,0.8421322007074487,-0.4152762170851989,0.19351396031279605,0.8421322007074487,1.5066660295442027,2.1199526331223826
TS2,2021-07-31 13:25:00,0.8513473184599287,-0.4209261073042583,0.17365772425490394,0.8513473184599287,1.5010345311606532,2.1134263519551992
TS2,2021-07-31 13:30:00,0.8663026041590537,-0.41715968742996096,0.19993906434907704,0.8663026041590537,1.5233523082626932,2.129365477400497
TS2,2021-07-31 13:35:00,0.9055629338693753,-0.38027288302584117,0.22450626193685988,0.9055629338693753,1.5693509795356757,2.162986806069326
TS2,2021-07-31 13:40:00,0.9118410394351525,-0.3584837280527398,0.26009518058908393,0.9118410394351525,1.5883072080098206,2.1976911979387066
TS2,2021-07-31 13:45:00,0.9350213138057141,-0.3167672119037661,0.2784790248669912,0.9350213138057141,1.6056042897424596,2.2181670982889066
TS2,2021-07-31 13:50:00,0.9508270030491448,-0.33121103146712383,0.28344434127749707,0.9508270030491448,1.6297312914885969,2.2461607437743436
TS2,2021-07-31 13:55:00,1.0078973287660185,-0.2846280199060489,0.3217930045465092,1.0078973287660185,1.6784089443404306,2.3009704688271833
TS2,2021-07-31 14:00:00,1.0998006101371702,-0.1871752030570389,0.420273982765416,1.0998006101371702,1.7965660655819897,2.415334309029905
TS2,2021-07-31 14:05:00,1.095000417029695,-0.21599916796741192,0.3991308905827601,1.095000417029695,1.7724331701218812,2.366679882780859
TS2,2021-07-31 14:10:00,1.1388194030171057,-0.16815632016193843,0.44366302963595816,1.1388194030171057,1.8178377739423006,2.453651241499993
TS2,2021-07-31 14:15:00,1.1423127834832496,-0.1654493196765388,0.44822380897434727,1.1423127834832496,1.8321088763597264,2.447016742659634
TS2,2021-07-31 14:20:00,1.121567418414295,-0.18516494543910023,0.4224631034818372,1.121567418414295,1.8069589365265368,2.415341182120029
TS2,2021-07-31 14:25:00,1.1392447266443013,-0.17793367677383384,0.4439487188056798,1.1392447266443013,1.8320214773855643,2.45721444017747
TS2,2021-07-31 14:30:00,1.170884445742827,-0.13039034675049724,0.4646486403445904,1.170884445742827,1.866826258254003,2.4968472969686544
TS2,2021-07-31 14:35:00,1.1871215720100339,-0.13484118470682696,0.48689694541302,1.1871215720100339,1.884924862605387,2.5105649040815967
TS2,2021-07-31 14:40:00,1.2107850368617254,-0.1304688156767896,0.5206078123062876,1.2107850368617254,1.9029789062971596,2.5212990948184717
TS2,2021-07-31 14:45:00,1.208601400962794,-0.11972553310442763,0.5075770571295597,1.208601400962794,1.907462041612935,2.544369118059595
TS2,2021-07-31 14:50:00,1.1959410894176636,-0.12835286982564836,0.48290621707990194,1.1959410894176636,1.8916232945558653,2.527465686682422
TS2,2021-07-31 14:55:00,1.2008647261309164,-0.13400886265443201,0.4887892260679053,1.2008647261309164,1.8995223847537037,2.5241962773200792
TS2,2021-07-31 15:00:00,1.240741725154507,-0.10553408208040796,0.5051503895499692,1.240741725154507,1.9150681623554642,2.5657477050982322
TS2,2021-07-31 15:05:00,1.2058880375174734,-0.13864567016304702,0.5109972590762546,1.2058880375174734,1.9021969971712436,2.5458041819847836
TS2,2021-07-31 15:10:00,1.2039338995358828,-0.13174317923203277,0.49127904147817814,1.2039338995358828,1.9081362315355284,2.5415672662278634
TS2,2021-07-31 15:15:00,1.1965710019817684,-0.16730039282692663,0.496389004216973,1.1965710019817684,1.8946287846406336,2.5253399221727926
TS2,2021-07-31 15:20:00,1.1736729749697998,-0.17838811442446967,0.46018118112041245,1.1736729749697998,1.8623886777606167,2.5423928726011678
TS2,2021-07-31 15:25:00,1.1236265447977978,-0.21310247055329584,0.4392762201270033,1.1236265447977978,1.842836151893243,2.4868120164481784
TS2,2021-07-31 15:30:00,1.1442090116166566,-0.20931406382064238,0.4324650238055259,1.1442090116166566,1.8374043872927848,2.4928734726034776
TS2,2021-07-31 15:35:00,1.1127560330672706,-0.21977687483298455,0.4246918229862227,1.1127560330672706,1.8459241047732537,2.477183863511246
TS2,2021-07-31 15:40:00,1.0850119679163261,-0.2367904936758064,0.3994250746002932,1.0850119679163261,1.8099321214353408,2.468532024183729
TS2,2021-07-31 15:45:00,1.080595127837798,-0.2856452780108199,0.3831195144789503,1.080595127837798,1.7733853805725162,2.4252093840119198
TS2,2021-07-31 15:50:00,1.07254477581433,-0.27419349293029555,0.36148360780537847,1.07254477581433,1.7809270381983402,2.45211890555819
TS2,2021-07-31 15:55:00,1.0381874702015463,-0.3504806084370632,0.3372137654766961,1.0381874702015463,1.755131305927237,2.4223740864419487
TS2,2021-07-31 16:00:00,0.9333679517026437,-0.4305099858275581,0.23155644420457017,0.9333679517026437,1.648147704959785,2.30542251558766
TS2,2021-07-31 16:05:00,0.9343735769636649,-0.4353921714188876,0.2477446920538511,0.9343735769636649,1.6493634692651669,2.316689123231607
TS2,2021-07-31 16:10:00,0.9017828120845618,-0.47568148208252414,0.20410579778539553,0.9017828120845618,1.6444806996718022,2.309544520617669
TS2,2021-07-31 16:15:00,0.8760206768256219,-0.506424618971675,0.15902038420136833,0.8760206768256219,1.586177761260405,2.253689528345787
TS2,2021-07-31 16:20:00,0.8829673859601329,-0.4967039325127832,0.16876785832852034,0.8829673859601329,1.5871367540220973,2.251569266212542
TS2,2021-07-31 16:25:00,0.8502673952105894,-0.5312925263121888,0.1529356582882872,0.8502673952105894,1.5778674939024184,2.229379143991742
TS2,2021-07-31 16:30:00,0.8348616951486078,-0.5548255987281839,0.12965432311903247,0.8348616951486078,1.5795934464430605,2.2234308586000266
TS2,2021-07-31 16:35:00,0.8222109651288727,-0.5761112743324159,0.1057525943954285,0.8222109651288727,1.5464672147711407,2.2187069711284826
TS2,2021-07-31 16:40:00,0.8044186701187106,-0.5763782619248512,0.10639945826910813,0.8044186701187106,1.559437746316759,2.2219489255697327
TS2,2021-07-31 16:45:00,0.8240704257058237,-0.5701495605928323,0.10386673078033003,0.8240704257058237,1.5656773823273171,2.2187352897266566
TS2,2021-07-31 16:50:00,0.8062824811691667,-0.6054204664573601,0.0867056662703228,0.8062824811691667,1.5293741929218712,2.206154094418784
TS2,2021-07-31 16:55:00,0.7916436710088693,-0.6097657631090312,0.08313925270107109,0.7916436710088693,1.5381040606840557,2.2044824421169884
TS2,2021-07-31 17:00:00,0.6847477367680431,-0.731163134288858,-0.02984540759074067,0.6847477367680431,1.4280149349853886,2.1081785165231524
TS2,2021-07-31 17:05:00,0.6894635104118716,-0.7037672725301372,-0.014529676101416047,0.6894635104118716,1.44127806356849,2.119961263034666
TS2,2021-07-31 17:10:00,0.7063507388774771,-0.7077069624653207,-0.01760850915600916,0.7063507388774771,1.4406556828776609,2.1293709941752614
TS2,2021-07-31 17:15:00,0.676820666309883,-0.7214811917885628,-0.04376749389132205,0.676820666309883,1.4148586061939368,2.0818054152773775
TS2,2021-07-31 17:20:00,0.7234547345142783,-0.6675013327753501,-0.004965067551726668,0.7234547345142783,1.4669220839091863,2.125046563271714
TS2,2021-07-31 17:25:00,0.6842663978815178,-0.7222296004671832,-0.04730711712752497,0.6842663978815178,1.4400207136904246,2.1112393942778747
TS2,2021-07-31 17:30:00,0.7033369995233153,-0.7025979585947122,-0.0475863207821373,0.7033369995233153,1.4413006797595878,2.1186883499073748
TS2,2021-07-31 17:35:00,0.7029069689538531,-0.7104609439112428,-0.029631416065895894,0.7029069689538531,1.4502061871623142,2.1078561747182074
TS2,2021-07-31 17:40:00,0.6808647774611034,-0.719313292663051,-0.04403751836305753,0.6808647774611034,1.4158145686504076,2.1373762066199227
TS2,2021-07-31 17:45:00,0.6598291443201522,-0.7563783043004868,-0.07008705202108306,0.6598291443201522,1.4179183420771455,2.093147699032026
TS2,2021-07-31 17:50:00,0.6405893468053931,-0.7520123435030563,-0.10033346064509627,0.6405893468053931,1.4148963825830707,2.104401986793298
TS2,2021-07-31 17:55:00,0.6754952299780795,-0.7399745004289543,-0.07100532289841281,0.6754952299780795,1.4327542948459577,2.135562436746859
TS2,2021-07-31 18:00:00,0.6859988308876647,-0.7471134423658796,-0.0580300723901397,0.6859988308876647,1.4182050591585333,2.1298544086897024
TS2,2021-07-31 18:05:00,0.6732334994515736,-0.7445556101949959,-0.06123979443661766,0.6732334994515736,1.438312964074492,2.131463047552553
TS2,2021-07-31 18:10:00,0.672800702549854,-0.7761147793464813,-0.07859279289552552,0.672800702549854,1.4386106886879237,2.1342770570182035
TS2,2021-07-31 18:15:00,0.681773901407346,-0.7676953882455999,-0.07166602915556852,0.681773901407346,1.4417418773689037,2.1470418045252675
TS2,2021-07-31 18:20:00,0.6793783538650113,-0.7428545353536742,-0.07679901148662518,0.6793783538650113,1.434624837572778,2.1659822738165064
TS2,2021-07-31 18:25:00,0.668472551808856,-0.7903824138789013,-0.09608761442636056,0.668472551808856,1.4457633488095507,2.1283303567401686
TS2,2021-07-31 18:30:00,0.6869174986502091,-0.7492751927994906,-0.07594513678044669,0.6869174986502091,1.447452332488486,2.165476831141653
TS2,2021-07-31 18:35:00,0.6704109819603252,-0.765325327630095,-0.06894989372393713,0.6704109819603252,1.475059260958098,2.145760989453011
TS2,2021-07-31 18:40:00,0.6686536456536077,-0.75385029612771,-0.07987417189075055,0.6686536456536077,1.4502998835345857,2.1305349815021613
TS2,2021-07-31 18:45:00,0.6526404289822141,-0.7893596716580605,-0.09804469708795759,0.6526404289822141,1.4438574201378496,2.1423671349344224
TS2,2021-07-31 18:50:00,0.6629481870035774,-0.7852571178568608,-0.08083605311957193,0.6629481870035774,1.4424501816056408,2.1364134830157564
TS2,2021-07-31 18:55:00,0.6598969038512379,-0.7700477745253046,-0.08031942240793967,0.6598969038512379,1.450604939417431,2.1499333649929957
TS2,2021-07-31 19:00:00,0.6976408241526353,-0.7543076335153862,-0.06359184439200641,0.6976408241526353,1.4724307443747326,2.179229973359548
TS2,2021-07-31 19:05:00,0.6918899736446368,-0.788507697628426,-0.08014291948906418,0.6918899736446368,1.46619880739263,2.1598372081367296
TS2,2021-07-31 19:10:00,0.6983714876274731,-0.7609097793809254,-0.059548169802307024,0.6983714876274731,1.4836221073475002,2.1852857105374657
TS2,2021-07-31 19:15:00,0.6796373075769983,-0.8091308886123318,-0.08916936980566459,0.6796373075769983,1.457443178966983,2.184829857205016
TS2,2021-07-31 19:20:00,0.6948819487895606,-0.7827028950782324,-0.0743027141624272,0.6948819487895606,1.475780756385079,2.1865737320133647
TS2,2021-07-31 19:25:00,0.6974484053800329,-0.7669432760870214,-0.09018160186735587,0.6974484053800329,1.4866274755861046,2.204729982918188
TS2,2021-07-31 19:30:00,0.6681211248819392,-0.7926326162114669,-0.0980046710384223,0.6681211248819392,1.4723931638402483,2.1835727259807354
TS2,2021-07-31 19:35:00,0.6679291313369893,-0.8054031779725042,-0.12791246430959177,0.6679291313369893,1.4512621536812669,2.174047515824882
TS2,2021-07-31 19:40:00,0.6753727629201606,-0.7986121840731777,-0.10580842325985931,0.6753727629201606,1.47739825351817,2.2126402531188516
TS2,2021-07-31 19:45:00,0.6744559743566871,-0.8167567345620953,-0.11407558482741334,0.6744559743566871,1.458874211259812,2.1979923364276597
TS2,2021-07-31 19:50:00,0.6572204184367931,-0.805510470636328,-0.12584893052780483,0.6572204184367931,1.456731460190308,2.204344989185469
TS2,2021-07-31 19:55:00,0.6825528328673097,-0.8317277466240487,-0.11932627385968084,0.6825528328673097,1.466924055436591,2.195206473705389
TS2,2021-07-31 20:00:00,0.6823980830051569,-0.8274611544666175,-0.09834789182498896,0.6823980830051569,1.4825302330024326,2.229774957419507
TS2,2021-07-31 20:05:00,0.6810597028407797,-0.8131405394666227,-0.10997420811387645,0.6810597028407797,1.4797817842514602,2.21865431913384
TS2,2021-07-31 20:10:00,0.6804781871448111,-0.8073749745177596,-0.09719557294770412,0.6804781871448111,1.5031235310748126,2.240079231489539
TS2,2021-07-31 20:15:00,0.6890404889867493,-0.8220765045465547,-0.10888178018341664,0.6890404889867493,1.5010218292381459,2.245910248853484
TS2,2021-07-31 20:20:00,0.6757687475945444,-0.8345211750247064,-0.1178759100566327,0.6757687475945444,1.4717994251362883,2.2361921481371767
TS2,2021-07-31 20:25:00,0.6742666930741482,-0.8319280239970304,-0.10409516255561024,0.6742666930741482,1.4747237779561821,2.2589748922506283
TS2,2021-07-31 20:30:00,0.656722190273813,-0.8443114341633129,-0.12305335207713995,0.656722190273813,1.473539701234679,2.2293714738961414
TS2,2021-07-31 20:35:00,0.6370656624337813,-0.8745532999092036,-0.1604302801209031,0.6370656624337813,1.4541806705834261,2.2473536751772825
TS2,2021-07-31 20:40:00,0.6339516393389881,-0.8940592166670562,-0.14755598624639463,0.6339516393389881,1.4550527590064428,2.223195559410529
TS2,2021-07-31 20:45:00,0.6358393171158903,-0.8622214414068425,-0.14649899638785863,0.6358393171158903,1.480053054372757,2.2668318303138797
TS2,2021-07-31 20:50:00,0.6255759855286663,-0.8827382563668935,-0.16909142860348905,0.6255759855286663,1.453108679789209,2.2141868236985447
TS2,2021-07-31 20:55:00,0.5835934415418186,-0.9357545960054473,-0.18751408253717117,0.5835934415418186,1.4239319960734906,2.2166825563743
TS2,2021-07-31 21:00:00,0.6623992264416274,-0.8540986528284001,-0.13628317099167842,0.6623992264416274,1.4909218519441927,2.2752317228208385
TS2,2021-07-31 21:05:00,0.6494721417919235,-0.8734302426178062,-0.14661718088066458,0.6494721417919235,1.493804826247826,2.2786023986595016
TS2,2021-07-31 21:10:00,0.6896577441426771,-0.8458849653374598,-0.12324962244920451,0.6896577441426771,1.5250073323760995,2.3054940173851572
TS2,2021-07-31 21:15:00,0.7030641805800728,-0.804070217248375,-0.08333003129665152,0.7030641805800728,1.5487558621818889,2.336652565782884
TS2,2021-07-31 21:20:00,0.694715667629218,-0.8479091667819015,-0.12877522108195943,0.694715667629218,1.531256304628975,2.302449275691231
TS2,2021-07-31 21:25:00,0.6716883464529788,-0.8577822046110871,-0.1420118941944651,0.6716883464529788,1.502183248541904,2.2587713402000693
TS2,2021-07-31 21:30:00,0.6678769221553172,-0.8559072668495864,-0.1323611883496954,0.6678769221553172,1.4840878394070314,2.282303609934922
TS2,2021-07-31 21:35:00,0.6524997496118107,-0.882290314309176,-0.1694891333248927,0.6524997496118107,1.4905476031951999,2.2825354293655744
TS2,2021-07-31 21:40:00,0.6501520418045936,-0.9090987050221132,-0.19196453875506012,0.6501520418045936,1.466677186443486,2.250891655695857
TS2,2021-07-31 21:45:00,0.6226566254566043,-0.9257412877599267,-0.21075548375689684,0.6226566254566043,1.4608736259461779,2.2218170664951473
TS2,2021-07-31 21:50:00,0.596776951568395,-0.9416026291060986,-0.2255995878473925,0.596776951568395,1.424501011456238,2.2122139395186284
TS2,2021-07-31 21:55:00,0.5880527144813833,-0.96548687096367,-0.23437907934709673,0.5880527144813833,1.4355062825329152,2.2213376316561875
TS2,2021-07-31 22:00:00,0.6313276887614243,-0.9490626954668846,-0.2136274544470926,0.6313276887614243,1.457306473026266,2.2293092049799474
TS2,2021-07-31 22:05:00,0.5930030131875964,-0.9543359398693321,-0.23402576121226265,0.5930030131875964,1.4391267344602126,2.212272452280159
TS2,2021-07-31 22:10:00,0.5819029414838852,-0.9893823304245496,-0.23915630976845376,0.5819029414838852,1.4409656086827254,2.1884269539226784
TS2,2021-07-31 22:15:00,0.5475482696854865,-1.0202528444470669,-0.28832978885455796,0.5475482696854865,1.399771714271056,2.168623356938304
TS2,2021-07-31 22:20:00,0.5144704873644999,-1.0383059026631543,-0.340173563640919,0.5144704873644999,1.3699744035929875,2.126557527068649
TS2,2021-07-31 22:25:00,0.4760355726831394,-1.089015872985278,-0.36250087342721804,0.4760355726831394,1.3370566846871434,2.09825566610618
TS2,2021-07-31 22:30:00,0.4430426598241188,-1.1325852141190609,-0.3842387491317001,0.4430426598241188,1.312979025459684,2.090367412683108
TS2,2021-07-31 22:35:00,0.4471680704722595,-1.1306901028179712,-0.394500999640761,0.4471680704722595,1.323154221818385,2.103033895574113
TS2,2021-07-31 22:40:00,0.4131814869949123,-1.1753764575243113,-0.40626914477752823,0.4131814869949123,1.290110546654316,2.076544632044958
TS2,2021-07-31 22:45:00,0.4171157853941192,-1.159920111897165,-0.4136437764045583,0.4171157853941192,1.2861567994177119,2.071596802520211
TS2,2021-07-31 22:50:00,0.4448858132235077,-1.1795723415266555,-0.4077656483057559,0.4448858132235077,1.3176767276755466,2.0845579469823567
TS2,2021-07-31 22:55:00,0.42449169409410087,-1.1636497982024998,-0.40641915170988074,0.42449169409410087,1.2897602025586126,2.084791559798272
TS2,2021-07-31 23:00:00,0.39405848959161,-1.2230958975601736,-0.46772087278595564,0.39405848959161,1.2497751533176664,2.0328086997900665
TS2,2021-07-31 23:05:00,0.3597950252080351,-1.2181854576231448,-0.487626964915961,0.3597950252080351,1.2391251281682025,2.0145525531627633
TS2,2021-07-31 23:10:00,0.32249400537661144,-1.2679621561575405,-0.5387679178910033,0.32249400537661144,1.2085885306510695,1.9815153367852072
TS2,2021-07-31 23:15:00,0.29040666528128706,-1.3363668226004362,-0.5695315433685217,0.29040666528128706,1.1556830425780118,1.8996549383444234
TS2,2021-07-31 23:20:00,0.22813050098014886,-1.364203384052378,-0.6161705215070601,0.22813050098014886,1.0934472874682621,1.8600574907256102
TS2,2021-07-31 23:25:00,0.15053005282953574,-1.446861403340847,-0.7157159521810414,0.15053005282953574,1.0282103615489362,1.826784166029863
TS2,2021-07-31 23:30:00,0.09437426161671884,-1.5289698180804552,-0.7706340175687838,0.09437426161671884,0.9622679600043597,1.7635421066894208
TS2,2021-07-31 23:35:00,0.10129694903026226,-1.5045551146870288,-0.7666087325733264,0.10129694903026226,0.9829571463966396,1.738169974359657
TS2,2021-07-31 23:40:00,0.09595859918487813,-1.5349301964130246,-0.7887027210998884,0.09595859918487813,0.9552523909104309,1.749639860211053
TS2,2021-07-31 23:45:00,0.08884841669346077,-1.556887737365842,-0.8005385909126711,0.08884841669346077,0.9489482325409198,1.722992814552548
TS2,2021-07-31 23:50:00,0.03643416003520412,-1.5679592225274042,-0.8447700659956383,0.03643416003520412,0.9207589132760523,1.729151642161503
TS2,2021-07-31 23:55:00,0.014337019062030446,-1.6802061642544686,-0.885649619719503,0.014337019062030446,0.9352165867253813,1.7492276053073528
TS3,2021-07-31 00:00:00,-0.37363793737640616,-1.3666593781199006,-0.9005981791566078,-0.37363793737640616,0.1529990195824575,0.6271343032240785
TS3,2021-07-31 00:05:00,-0.42753202647801286,-1.6874070032839275,-1.093542307705695,-0.42753202647801286,0.23970798860671466,0.8429503994458152
TS3,2021-07-31 00:10:00,-0.2835680599174541,-1.7556653608167718,-1.0599910881143555,-0.2835680599174541,0.4955143599361448,1.1950713904911558
TS3,2021-07-31 00:15:00,-0.18108507773334198,-1.7961661505405007,-1.029293717979712,-0.18108507773334198,0.6950360986777512,1.466322652012852
TS3,2021-07-31 00:20:00,0.4931172794715447,-1.2864350829922377,-0.44895991401418567,0.4931172794715447,1.441551903291826,2.3026504754944783
TS3,2021-07-31 00:25:00,0.5946612540946526,-1.345473877821041,-0.4457989336082798,0.5946612540946526,1.599782373221071,2.5320849020664533
TS3,2021-07-31 00:30:00,0.1290271158287523,-1.9354828107124729,-0.9607488448702945,0.1290271158287523,1.2259272233110075,2.1973488866556896
TS3,2021-07-31 00:35:00,0.016361093508889875,-2.1831141783641006,-1.1519482037429172,0.016361093508889875,1.1415256146002382,2.2029564663454275
TS3,2021-07-31 00:40:00,-0.04525822520717835,-2.370176025321156,-1.2698676226987047,-0.04525822520717835,1.1443400990914299,2.2529868152187555
TS3,2021-07-31 00:45:00,-0.058798084667712934,-2.480885483147043,-1.343574587968139,-0.058798084667712934,1.1880629216916405,2.33953824282387
TS3,2021-07-31 00:50:00,-0.1876897018192268,-2.7215733900973786,-1.5172869756678382,-0.1876897018192268,1.1179849203822996,2.291975486252656
TS3,2021-07-31 00:55:00,-0.17163216591955108,-2.7802005923047597,-1.5418855471085247,-0.17163216591955108,1.2086152495769715,2.422518854590325
TS3,2021-07-31 01:00:00,-0.07942717286728562,-2.7749515180662865,-1.492796683012046,-0.07942717286728562,1.3401472181412621,2.623671722546736
TS3,2021-07-31 01:05:00,-0.02408032932314913,-2.8219537492705062,-1.5115198266689738,-0.02408032932314913,1.4276692481947435,2.731694190415218
TS3,2021-07-31 01:10:00,-0.08793026010806437,-2.9464147450023175,-1.6079565803749625,-0.08793026010806437,1.4034514711023822,2.7664284653856717
TS3,2021-07-31 01:15:00,-0.18203724807718152,-3.12048937936713,-1.7572522217003108,-0.18203724807718152,1.3876595548215156,2.755826539695877
TS3,2021-07-31 01:20:00,-0.3715323508896503,-3.38011291241408,-1.9677408335655484,-0.3715323508896503,1.237570568323749,2.6598335479220383
TS3,2021-07-31 01:25:00,-0.42107697586925186,-3.5337933443424774,-2.065585202266602,-0.42107697586925186,1.213273031994939,2.695383125010406
TS3,2021-07-31 01:30:00,-0.43601076975408515,-3.6349365210143416,-2.1307158222392535,-0.43601076975408515,1.2309574207093266,2.7445388700964215
TS3,2021-07-31 01:35:00,-0.4286486453871192,-3.6837673447876065,-2.147393557576291,-0.4286486453871192,1.2972640125875932,2.837359856509485
TS3,2021-07-31 01:40:00,-0.22832413692448927,-3.5503135574323577,-2.0041996109537985,-0.22832413692448927,1.541340795954164,3.1385723352672867
TS3,2021-07-31 01:45:00,-0.1738619088169856,-3.5585419149021438,-1.9880260129984944,-0.1738619088169856,1.6279248887250932,3.250490804056018
TS3,2021-07-31 01:50:00,-0.3460328299642062,-3.773366081853128,-2.1737824580433376,-0.3460328299642062,1.4988866729496524,3.1535968103899537
TS3,2021-07-31 01:55:00,-0.5334102057837192,-4.041319072063126,-2.389742860334319,-0.5334102057837192,1.351807758721604,3.040707407991775
TS3,2021-07-31 02:00:00,-0.7082870223881126,-4.301682767078756,-2.6263713201279493,-0.7082870223881126,1.2096774771970078,2.898651413498834
TS3,2021-07-31 02:05:00,-0.7995261517505433,-4.457268662149665,-2.7218562173099414,-0.7995261517505433,1.1820809197513256,2.888855780732054
TS3,2021-07-31 02:10:00,-0.7391267265040059,-4.469333181951324,-2.7095459575875185,-0.7391267265040059,1.2344905106464377,3.003063773903059
TS3,2021-07-31 02:15:00,-0.7853301815803693,-4.588744431268303,-2.7882425127652724,-0.7853301815803693,1.2300046135846003,3.007712452019801
TS3,2021-07-31 02:20:00,-0.9322989052110991,-4.794196242190878,-2.966849127371795,-0.9322989052110991,1.1113856124246488,2.910925671345272
TS3,2021-07-31 02:25:00,-0.995897508428375,-4.895497762383697,-3.045578868013864,-0.995897508428375,1.0722160317226375,2.9026073701441906
TS3,2021-07-31 02:30:00,-1.0634224095829066,-5.0232314088346595,-3.1713938835052584,-1.0634224095829066,1.0524749395550905,2.9101218633287935
TS3,2021-07-31 02:35:00,-1.0827110478884099,-5.0912064851708365,-3.2162249464556476,-1.0827110478884099,1.078397244673263,2.955068872372929
TS3,2021-07-31 02:40:00,-1.099064094765602,-5.203326088354781,-3.270845838933378,-1.099064094765602,1.1011088698856089,3.0053052595715
TS3,2021-07-31 02:45:00,-1.0406494445693468,-5.181168818770604,-3.249617268179852,-1.0406494445693468,1.1787651084713913,3.1259251484319157
TS3,2021-07-31 02:50:00,-0.9470964679610838,-5.152419012378275,-3.183120697094787,-0.9470964679610838,1.3006960620218908,3.2609072467702997
TS3,2021-07-31 02:55:00,-0.7409340103174542,-5.001976383839655,-2.9943922288842035,-0.7409340103174542,1.5598982470604843,3.526997969588656
TS3,2021-07-31 03:00:00,-0.14511468044642947,-4.4415363039902065,-2.395812251959975,-0.14511468044642947,2.1881980798725693,4.224490726663006
TS3,2021-07-31 03:05:00,-0.08829509981115179,-4.444728739058303,-2.3736140082514856,-0.08829509981115179,2.2635367753596904,4.3126051464034205
TS3,2021-07-31 03:10:00,-0.5330151808847524,-4.949249996290584,-2.859767503134603,-0.5330151808847524,1.850833312456936,3.918917215341187
TS3,2021-07-31 03:15:00,-0.6791718140146416,-5.133375658533065,-3.046822995243406,-0.6791718140146416,1.723471639809448,3.839870182550446
TS3,2021-07-31 03:20:00,-0.6150828194087001,-5.1339035510809,-3.002655120880315,-0.6150828194087001,1.7999777769171363,3.9423937701310057
TS3,2021-07-31 03:25:00,-0.5733004711920788,-5.167424198849531,-3.009000231319703,-0.5733004711920788,1.8387651194604033,4.010013131734884
TS3,2021-07-31 03:30:00,-0.6181548927233382,-5.262054869948894,-3.0849831123529157,-0.6181548927233382,1.823387686511408,4.020513382318115
TS3,2021-07-31 03:35:00,-0.5223078423057814,-5.209307651005106,-3.0089016737150804,-0.5223078423057814,1.947405801459938,4.149768814389162
TS3,2021-07-31 03:40:00,0.17687780041612583,-4.605936082882398,-2.367642258533135,0.17687780041612583,2.665609026390665,4.882562494349767
TS3,2021-07-31 03:45:00,0.21094640947171495,-4.594109978391501,-2.3279346119918056,0.21094640947171495,2.749884674374324,4.983540470457841
TS3,2021-07-31 03:50:00,-0.3030323727201264,-5.143898603086678,-2.835545522272805,-0.3030323727201264,2.267496176903294,4.536802919624317
TS3,2021-07-31 03:55:00,-0.45552987571401965,-5.373040064307178,-3.0112984656914463,-0.45552987571401965,2.135645806461239,4.428775544801701
TS3,2021-07-31 04:00:00,-0.6327409395455261,-5.6267926107984545,-3.2515548328515047,-0.6327409395455261,1.9407903370877067,4.232820621516884
TS3,2021-07-31 04:05:00,-0.6776158589347647,-5.723455294368087,-3.3490847546129503,-0.6776158589347647,1.9031585776555433,4.232921962403627
TS3,2021-07-31 04:10:00,-0.9073284008699751,-6.026672140095318,-3.600676422301521,-0.9073284008699751,1.7142792747790268,4.060480065182599
TS3,2021-07-31 04:15:00,-0.972919687964475,-6.116997261108936,-3.668263191334102,-0.972919687964475,1.6832521484210528,4.003027602283875
TS3,2021-07-31 04:20:00,-0.764208523903823,-5.921689564602374,-3.477979678191578,-0.764208523903823,1.9094524703146392,4.282438012471894
TS3,2021-07-31 04:25:00,-0.6133772340014153,-5.812833717407031,-3.36363931131171,-0.6133772340014153,2.0725195051787093,4.469631296834951
TS3,2021-07-31 04:30:00,-0.4232971742062711,-5.669437883699949,-3.1803536131468704,-0.4232971742062711,2.284737503632915,4.6947898092289995
TS3,2021-07-31 04:35:00,-0.4708063537782411,-5.734350387908473,-3.245806860933092,-0.4708063537782411,2.2904875496944253,4.692990443112016
TS3,2021-07-31 04:40:00,-1.0148989431935607,-6.346447586828305,-3.817160198410446,-1.0148989431935607,1.7320353590316095,4.212188046605382
TS3,2021-07-31 04:45:00,-1.2276346874059638,-6.581047111633056,-4.049245687068456,-1.2276346874059638,1.5514679054450786,4.040184181186847
TS3,2021-07-31 04:50:00,-1.2231160370154714,-6.628966780814887,-4.115574396591967,-1.2231160370154714,1.5511970635311296,4.076757366867025
TS3,2021-07-31 04:55:00,-1.0784878670382085,-6.564751520922491,-3.9541974561139326,-1.0784878670382085,1.7115919572278495,4.249610715749309
TS3,2021-07-31 05:00:00,-0.5428673153841448,-6.073965011022033,-3.435392178506517,-0.5428673153841448,2.2777413467097483,4.798373918809211
TS3,2021-07-31 05:05:00,-0.560478218093674,-6.104529272366916,-3.451553498566171,-0.560478218093674,2.2842524719044994,4.857284813988876
TS3,2021-07-31 05:10:00,-1.2476770030225786,-6.809949681027597,-4.157190013742278,-1.2476770030225786,1.610929978604861,4.238819040536329
TS3,2021-07-31 05:15:00,-1.4595447254799858,-7.0230562465422555,-4.414787814714136,-1.4595447254799858,1.4114582747742828,4.06682231847341
TS3,2021-07-31 05:20:00,-1.474920346556726,-7.043372511498532,-4.429045715054422,-1.474920346556726,1.4446501440278285,4.1100391452235625
TS3,2021-07-31 05:25:00,-1.4843156495887484,-7.121475401607581,-4.474708197791943,-1.4843156495887484,1.452595854074961,4.14357676191936
TS3,2021-07-31 05:30:00,-1.4884738609315276,-7.165577501538311,-4.447781408707314,-1.4884738609315276,1.5073775904248907,4.189929313749051
TS3,2021-07-31 05:35:00,-1.419336393538013,-7.138704969195972,-4.423105736509805,-1.419336393538013,1.5771544381106544,4.296139637453976
TS3,2021-07-31 05:40:00,-1.390351433276973,-7.138254471122563,-4.427571872288721,-1.390351433276973,1.6519024240914284,4.364462650240562
TS3,2021-07-31 05:45:00,-1.4021399669063963,-7.191267116045192,-4.462940190976914,-1.4021399669063963,1.64126985950629,4.367789950342193
TS3,2021-07-31 05:50:00,-1.4602040045624207,-7.291850310342559,-4.51984814625669,-1.4602040045624207,1.6032643395429949,4.312821471463151
TS3,2021-07-31 05:55:00,-1.4783989527278538,-7.336327746652051,-4.540174370260676,-1.4783989527278538,1.622963715480032,4.3800436142757215
TS3,2021-07-31 06:00:00,-1.4467411114266984,-7.3810757283230375,-4.539207959108052,-1.4467411114266984,1.645524551189076,4.4246045968628005
TS3,2021-07-31 06:05:00,-1.4350058175395919,-7.390857518359278,-4.551065380910596,-1.4350058175395919,1.7102966405670932,4.481580521815926
TS3,2021-07-31 06:10:00,-1.3511418913512583,-7.352091496609551,-4.500201422339336,-1.3511418913512583,1.7829298319608031,4.610156341847752
TS3,2021-07-31 06:15:00,-1.2718988590439562,-7.330749143086328,-4.429699523008161,-1.2718988590439562,1.9156761030711034,4.743959774175765
TS3,2021-07-31 06:20:00,-1.3034275972828213,-7.371015854535567,-4.5143999945970625,-1.3034275972828213,1.8844618083509534,4.73353267853123
TS3,2021-07-31 06:25:00,-1.3430722718428858,-7.412996048671655,-4.564873815709859,-1.3430722718428858,1.8543887228768139,4.781064808241631
TS3,2021-07-31 06:30:00,-1.3456648582072526,-7.4625256130680215,-4.587860746439473,-1.3456648582072526,1.880193704250924,4.767574092082939
TS3,2021-07-31 06:35:00,-1.4186009884943536,-7.569434141569952,-4.688908830962898,-1.4186009884943536,1.8214558335656528,4.755541155243602
TS3,2021-07-31 06:40:00,-1.41357192046359,-7.60524195297854,-4.6916311166044835,-1.41357192046359,1.8443687001790208,4.788653658593608
TS3,2021-07-31 06:45:00,-1.4058904076621288,-7.631790621175506,-4.692396326213876,-1.4058904076621288,1.8840172384511091,4.806088238233119
TS3,2021-07-31 06:50:00,-1.3481967549976028,-7.644628479788296,-4.6567399186052665,-1.3481967549976028,1.9724975752272123,4.917960869317089
TS3,2021-07-31 06:55:00,-1.3294738605615664,-7.671293752307218,-4.686675404330744,-1.3294738605615664,2.001782163381112,4.949754631267402
TS3,2021-07-31 07:00:00,-1.3910161440542421,-7.7586984050216685,-4.732106738978144,-1.3910161440542421,1.963314673340967,4.920798492055845
TS3,2021-07-31 07:05:00,-1.3946161045353427,-7.814056279637304,-4.786012852728008,-1.3946161045353427,1.93390825681687,4.933893139888953
TS3,2021-07-31 07:10:00,-1.4021879631872327,-7.844367158652659,-4.7844463201213046,-1.4021879631872327,1.9892793601973588,5.02212701992034
TS3,2021-07-31 07:15:00,-1.3833968846905194,-7.866963757778217,-4.787207073726246,-1.3833968846905194,2.0209704856920547,5.05003944072431
TS3,2021-07-31 07:20:00,-1.4133632224095571,-7.910378048622864,-4.8575664652219155,-1.4133632224095571,1.9973701251203768,5.058808400500424
TS3,2021-07-31 07:25:00,-1.3911814166463592,-7.956008259946066,-4.874187881917033,-1.3911814166463592,2.002165306062148,5.07966697569436
TS3,2021-07-31 07:30:00,-1.3179048507471545,-7.861905829366821,-4.775237115874406,-1.3179048507471545,2.111762155489922,5.184301519859773
TS3,2021-07-31 07:35:00,-1.2803993443307677,-7.898789417331077,-4.73645228540578,-1.2803993443307677,2.1760587187428584,5.256876877742763
TS3,2021-07-31 07:40:00,-1.3325747597243294,-8.04193806228452,-4.820323191578936,-1.3325747597243294,2.136177513852144,5.2159511855331155
TS3,2021-07-31 07:45:00,-1.3698144291467798,-8.066576253750412,-4.854513109107711,-1.3698144291467798,2.1388259457861793,5.231203961056409
TS3,2021-07-31 07:50:00,-1.4279816657254467,-8.130995844442458,-4.938410119662641,-1.4279816657254467,2.124201016734726,5.236838828677894
TS3,2021-07-31 07:55:00,-1.4737389708871926,-8.153085331871653,-4.989928266866464,-1.4737389708871926,2.0804314790628204,5.2482150054647425
TS3,2021-07-31 08:00:00,-1.4606666490039077,-8.20428709420257,-4.999929906210638,-1.4606666490039077,2.1210575438644135,5.317626047287136
TS3,2021-07-31 08:05:00,-1.4100023040936396,-8.175814693025092,-4.965572769193444,-1.4100023040936396,2.158159207029248,5.388161444239653
TS3,2021-07-31 08:10:00,-1.3571125128039596,-8.17039281046199,-4.946488118312249,-1.3571125128039596,2.2374319873916617,5.4324173113490275
TS3,2021-07-31 08:15:00,-1.3356629203646904,-8.145896855542853,-4.948025152995587,-1.3356629203646904,2.2513731809281103,5.4687300089596125
TS3,2021-07-31 08:20:00,-1.2861162584818369,-8.149188519086785,-4.901456287323518,-1.2861162584818369,2.3185764073865287,5.5726890328559655
TS3,2021-07-31 08:25:00,-1.3083258080920444,-8.206656990528849,-4.915398121515704,-1.3083258080920444,2.3299982230943903,5.617181134039422
TS3,2021-07-31 08:30:00,-1.3641108238410973,-8.327819441695073,-4.999015405877353,-1.3641108238410973,2.290416960208841,5.513423814380053
TS3,2021-07-31 08:35:00,-1.3822877303342662,-8.365538186289784,-5.028773713437741,-1.3822877303342662,2.2926797189936026,5.588524235316648
TS3,2021-07-31 08:40:00,-1.3355969210282737,-8.411696939329305,-5.024248101424318,-1.3355969210282737,2.304776183264835,5.700677744569525
TS3,2021-07-31 08:45:00,-1.3068325860937964,-8.385849234053639,-5.021667556440248,-1.3068325860937964,2.405662506974684,5.7571289081227155
TS3,2021-07-31 08:50:00,-1.3105839558694468,-8.352553615209438,-5.075048636871617,-1.3105839558694468,2.4335944638154805,5.763450498677372
TS3,2021-07-31 08:55:00,-1.2076839294108463,-8.303614521572593,-4.974209363108636,-1.2076839294108463,2.557982620027064,5.872929053239673
TS3,2021-07-31 09:00:00,-1.1624488168925236,-8.27173552807007,-4.9572244877743215,-1.1624488168925236,2.6424695767510498,5.963313487897878
TS3,2021-07-31 09:05:00,-1.149103299825825,-8.263397050390248,-4.929674241169306,-1.149103299825825,2.686505134246752,6.0203572410229045
TS3,2021-07-31 09:10:00,-1.2173828835680265,-8.337375740353812,-5.023943916168465,-1.2173828835680265,2.615157518552117,5.993463015130894
TS3,2021-07-31 09:15:00,-1.2326064730592745,-8.370715631244899,-5.031409707692765,-1.2326064730592745,2.620635852394895,6.010810916801831
TS3,2021-07-31 09:20:00,-0.9826094282012672,-8.175363241800927,-4.78557946425896,-0.9826094282012672,2.8641581755227215,6.258074254900816
TS3,2021-07-31 09:25:00,-1.012604671118011,-8.216827954915377,-4.7925474827119885,-1.012604671118011,2.8867247042941044,6.269554952919466
TS3,2021-07-31 09:30:00,-1.0738163255653455,-8.393522986184244,-4.935767591812336,-1.0738163255653455,2.77421363676021,6.209932757911184
TS3,2021-07-31 09:35:00,-0.9980815261115732,-8.351412119762058,-4.849525408011178,-0.9980815261115732,2.8895279551514266,6.33765333288521
TS3,2021-07-31 09:40:00,-0.6084112139204544,-7.958906971119296,-4.459029863238328,-0.6084112139204544,3.3306822606015563,6.771550832201168
TS3,2021-07-31 09:45:00,-0.568140056005642,-7.931726181894313,-4.427582612573086,-0.568140056005642,3.390280749985278,6.852206005285038
TS3,2021-07-31 09:50:00,-0.7587860415669244,-8.150664351553123,-4.638998542027474,-0.7587860415669244,3.204980428035574,6.714562474116944
TS3,2021-07-31 09:55:00,-0.8445984008623367,-8.201801883865079,-4.743965853352964,-0.8445984008623367,3.1436395942234756,6.666905367387841
TS3,2021-07-31 10:00:00,-0.859843555689106,-8.281113803158007,-4.78809665417005,-0.859843555689106,3.110460501907843,6.613399504983905
TS3,2021-07-31 10:05:00,-0.8828496273275456,-8.29907150835737,-4.809437614513394,-0.8828496273275456,3.1343351448865993,6.672511090160784
TS3,2021-07-31 10:10:00,-0.7471059526987851,-8.246861219023112,-4.689881933905279,-0.7471059526987851,3.274488499106412,6.838612177915341
TS3,2021-07-31 10:15:00,-0.6791170641011132,-8.192272915358917,-4.586123164389655,-0.6791170641011132,3.378197484335491,6.900137226706516
TS3,2021-07-31 10:20:00,-0.48556116059917154,-8.048977485881633,-4.436184997698047,-0.48556116059917154,3.5630453129169544,7.115506543820445
TS3,2021-07-31 10:25:00,-0.4563123522111427,-8.10706606300127,-4.426081918328728,-0.4563123522111427,3.6047220880085633,7.163772910326135
TS3,2021-07-31 10:30:00,-0.5753384989783972,-8.200838528001073,-4.573174550139364,-0.5753384989783972,3.490742193268275,7.075941904502316
TS3,2021-07-31 10:35:00,-0.664092083335773,-8.331526656503833,-4.647071074421855,-0.664092083335773,3.411094029312118,7.039445168521899
TS3,2021-07-31 10:40:00,-0.5773592124705766,-8.276340467692645,-4.608027065292638,-0.5773592124705766,3.518691235873342,7.126515661645402
TS3,2021-07-31 10:45:00,-0.4328536033744389,-8.144647798980237,-4.46569857373231,-0.4328536033744389,3.6552802189626994,7.2791745348607035
TS3,2021-07-31 10:50:00,0.08511586361729108,-7.627909903057439,-3.968276080415884,0.08511586361729108,4.2052698586008495,7.876685264591794
TS3,2021-07-31 10:55:00,0.29442538190914697,-7.4662913460157245,-3.7601281544484673,0.29442538190914697,4.415984885786131,8.081446766172997
TS3,2021-07-31 11:00:00,0.5779644673074291,-7.172918881482727,-3.495426789657266,0.5779644673074291,4.73820127159202,8.428131912321346
TS3,2021-07-31 11:05:00,0.5753519692647763,-7.232310756407818,-3.5014598434134374,0.5753519692647763,4.7294234431463975,8.45318130689607
TS3,2021-07-31 11:10:00,0.1788735303250923,-7.606416362356158,-3.928912059743074,0.1788735303250923,4.329155933742236,8.07594923469487
TS3,2021-07-31 11:15:00,0.0743053013118147,-7.706982276709916,-3.9930362257613865,0.0743053013118147,4.27898394425879,7.990762306125185
TS3,2021-07-31 11:20:00,-0.09449486442496266,-7.886806044595259,-4.187616436770328,-0.09449486442496266,4.112762375422564,7.839916410919733
TS3,2021-07-31 11:25:00,-0.15017698467678436,-7.970416531369148,-4.269708646825757,-0.15017698467678436,4.103579471469344,7.785482083117565
TS3,2021-07-31 11:30:00,-0.326570115114326,-8.240032978507795,-4.472835867766012,-0.326570115114326,3.938097233882456,7.60105918499157
TS3,2021-07-31 11:35:00,-0.3773670237272763,-8.291501863017544,-4.500083049987376,-0.3773670237272763,3.873780581249423,7.596734546347212
TS3,2021-07-31 11:40:00,0.11642095708689905,-7.873932603892349,-4.009544514215506,0.11642095708689905,4.389937511092309,8.134604658053586
TS3,2021-07-31 11:45:00,0.23880478154674079,-7.80706178049936,-3.8880304348046995,0.23880478154674079,4.496000222058984,8.30289877372965
TS3,2021-07-31 11:50:00,-0.236120007729066,-8.312905681947537,-4.403902209792223,-0.236120007729066,4.0491787349533555,7.849234326811848
TS3,2021-07-31 11:55:00,-0.33152747672793803,-8.444800460855088,-4.585769973080693,-0.33152747672793803,3.9508139762729426,7.777542714094035
TS3,2021-07-31 12:00:00,0.10509563443413293,-8.000298439839227,-4.147548180485411,0.10509563443413293,4.40599882252446,8.23784903232398
TS3,2021-07-31 12:05:00,0.18776836579291023,-7.961404305359251,-4.068446969692992,0.18776836579291023,4.479493839135537,8.350901544349446
TS3,2021-07-31 12:10:00,0.330147995292286,-7.7790244034263445,-3.907009906952844,0.330147995292286,4.6831849621203325,8.578923719268737
TS3,2021-07-31 12:15:00,0.2989555118142305,-7.876180259767864,-3.9150539014962824,0.2989555118142305,4.6666991552581685,8.559382759818371
TS3,2021-07-31 12:20:00,0.1130011287191735,-8.037574152204106,-4.109209933315839,0.1130011287191735,4.490438559256147,8.437967462164309
TS3,2021-07-31 12:25:00,0.07125614894260272,-8.153749781260341,-4.2413480108089185,0.07125614894260272,4.427340946255969,8.371337742287004
TS3,2021-07-31 12:30:00,-0.020997196227236933,-8.253948448801435,-4.342707857079868,-0.020997196227236933,4.360298806113417,8.334808008777776
TS3,2021-07-31 12:35:00,0.039766874899155744,-8.211621763413897,-4.30281067175671,0.039766874899155744,4.432158651543212,8.423076102521348
TS3,2021-07-31 12:40:00,0.7933986849101382,-7.504236276122354,-3.544070559959441,0.7933986849101382,5.19679680258907,9.23152321499766
TS3,2021-07-31 12:45:00,0.9360288309734975,-7.362461686311364,-3.431229095367053,0.9360288309734975,5.346865910581783,9.33646542985648
TS3,2021-07-31 12:50:00,0.44277370356710627,-7.827340217413666,-3.926791366272055,0.44277370356710627,4.88676614828052,8.909591772070586
TS3,2021-07-31 12:55:00,0.4517389154499948,-7.877337608115688,-3.9226046101558754,0.4517389154499948,4.882646938716307,8.935126307750014
TS3,2021-07-31 13:00:00,0.662224053348508,-7.692589760895752,-3.7102455894057176,0.662224053348508,5.111994922569269,9.15895631653502
TS3,2021-07-31 13:05:00,0.6193794405432226,-7.806574556260234,-3.797557825663747,0.6193794405432226,5.028040738267496,9.082756984838648
TS3,2021-07-31 13:10:00,0.35506033380648827,-8.127808010066483,-4.097690676067901,0.35506033380648827,4.788155139365325,8.842058884879107
TS3,2021-07-31 13:15:00,0.30344891373457705,-8.177895288256758,-4.12690756444771,0.30344891373457705,4.769114103416917,8.830543453349598
TS3,2021-07-31 13:20:00,0.3782221070957362,-8.146694441049686,-4.052526774565356,0.3782221070957362,4.8467970385155565,8.956837846460994
TS3,2021-07-31 13:25:00,0.3010174228078712,-8.20375469857039,-4.174839761400437,0.3010174228078712,4.799981543965025,8.914472922336799
TS3,2021-07-31 13:30:00,0.1045754266266658,-8.469333068784767,-4.397672368340666,0.1045754266266658,4.601211164218378,8.686311340721621
TS3,2021-07-31 13:35:00,0.16772167332406931,-8.464047259963785,-4.384353231347086,0.16772167332406931,4.663767987850345,8.733918846916893
TS3,2021-07-31 13:40:00,0.4849538283783027,-8.091349605098033,-4.0290665531687955,0.4849538283783027,5.043934691500136,9.124079305032232
TS3,2021-07-31 13:45:00,0.6251772924686029,-7.958732972322435,-3.885427926056674,0.6251772924686029,5.19215094240691,9.302458783099278
TS3,2021-07-31 13:50:00,1.2251890597313602,-7.397297892775903,-3.3161648727736632,1.2251890597313602,5.7834348853704425,9.91847468046806
TS3,2021-07-31 13:55:00,1.220707309373926,-7.444906982231963,-3.3492500140165498,1.220707309373926,5.795638268380475,9.943160887829972
TS3,2021-07-31 14:00:00,0.5473187471847595,-8.147378383184597,-4.0001352774820464,0.5473187471847595,5.14237389143304,9.333195677013183
TS3,2021-07-31 14:05:00,0.5128502513851202,-8.203601187821398,-4.0828876428836836,0.5128502513851202,5.15565104247436,9.268349522391249
TS3,2021-07-31 14:10:00,0.8730709078784111,-7.909154444180276,-3.782521774193541,0.8730709078784111,5.483513160580907,9.684762344336951
TS3,2021-07-31 14:15:00,0.9611583662637685,-7.863985187226952,-3.70715986583516,0.9611583662637685,5.591246673275998,9.797315448279601
TS3,2021-07-31 14:20:00,0.8983791927418961,-7.950626836796483,-3.788878215749321,0.8983791927418961,5.524939516783253,9.699775456434667
TS3,2021-07-31 14:25:00,0.7292765205584931,-8.143788042713219,-3.964809232609835,0.7292765205584931,5.416501425794076,9.56103581874827
TS3,2021-07-31 14:30:00,0.44950984696669993,-8.434280952492816,-4.25335987303662,0.44950984696669993,5.169327922219632,9.380450633244827
TS3,2021-07-31 14:35:00,0.4111947500992566,-8.531268920024162,-4.3168290853674725,0.4111947500992566,5.098026484857242,9.285840886201091
TS3,2021-07-31 14:40:00,0.5008876975986797,-8.483245590848869,-4.228304785021154,0.5008876975986797,5.216367325948038,9.381505973465998
TS3,2021-07-31 14:45:00,0.45228023517549426,-8.510883706497436,-4.250973132154831,0.45228023517549426,5.186342373018779,9.416777795012488
TS3,2021-07-31 14:50:00,0.4627684539918915,-8.501795420269424,-4.282083099225879,0.4627684539918915,5.18430075707987,9.482359509809635
TS3,2021-07-31 14:55:00,0.5626111331830542,-8.463554118072985,-4.222201536049423,0.5626111331830542,5.297601098513988,9.570329265656957
TS3,2021-07-31 15:00:00,0.9245452926679139,-8.122107493059717,-3.8808501802401,0.9245452926679139,5.656513444612997,9.946575801216147
TS3,2021-07-31 15:05:00,1.0261793644129849,-8.058366774704032,-3.7597792157068417,1.0261793644129849,5.748710714571094,10.05937581193219
TS3,2021-07-31 15:10:00,1.038924602542158,-8.02284515963871,-3.731685468376648,1.038924602542158,5.7957257049054665,10.122187851334266
TS3,2021-07-31 15:15:00,1.0382169864846595,-8.047947516118965,-3.7268639600019515,1.0382169864846595,5.827448235582472,10.163204940854332
TS3,2021-07-31 15:20:00,1.0153686722428488,-8.122514220109577,-3.778209409503936,1.0153686722428488,5.781794221435098,10.191560635458194
TS3,2021-07-31 15:25:00,0.9397874947750211,-8.20243548350468,-3.799712894451815,0.9397874947750211,5.738028672197364,10.13203688868428
TS3,2021-07-31 15:30:00,0.5468406226147257,-8.596913298055624,-4.2261466308688,0.5468406226147257,5.343037585817254,9.766576795658827
TS3,2021-07-31 15:35:00,0.4557609749659245,-8.709436776889756,-4.298854931991391,0.4557609749659245,5.309646185854052,9.684290746765392
TS3,2021-07-31 15:40:00,0.40429286577822265,-8.74639357870314,-4.364069987394004,0.40429286577822265,5.2860260340885645,9.628952058246162
TS3,2021-07-31 15:45:00,0.5435731896377753,-8.667545581052675,-4.248709646047093,0.5435731896377753,5.383091744015286,9.766537769621307
TS3,2021-07-31 15:50:00,1.2477660583476438,-7.974934909616731,-3.5705575548715096,1.2477660583476438,6.088883642479132,10.531830515394077
TS3,2021-07-31 15:55:00,1.3165045817648162,-7.975054763239384,-3.5009607038013435,1.3165045817648162,6.185212701445142,10.617545671650152
TS3,2021-07-31 16:00:00,0.5976061728263473,-8.707394159818282,-4.20581552639619,0.5976061728263473,5.485947491321875,9.909669594405084
TS3,2021-07-31 16:05:00,0.4965563057467095,-8.840466628325519,-4.329128518071521,0.4965563057467095,5.399207886362638,9.858599694409515
TS3,2021-07-31 16:10:00,0.4807538153501643,-8.879376789894803,-4.3733078121191555,0.4807538153501643,5.3878740383619315,9.84596373596452
TS3,2021-07-31 16:15:00,0.5434871993593237,-8.831353366756138,-4.330573411322736,0.5434871993593237,5.457633188941015,9.932030353383794
TS3,2021-07-31 16:20:00,0.8295827860097157,-8.559925600804647,-4.056103326149352,0.8295827860097157,5.755314021671216,10.237785520757194
TS3,2021-07-31 16:25:00,0.8143304370709116,-8.630543242634966,-4.074129632442813,0.8143304370709116,5.770106464217046,10.23309454313677
TS3,2021-07-31 16:30:00,0.5942175821332448,-8.871893144055438,-4.3142880380454445,0.5942175821332448,5.576288099412543,10.066401695881565
TS3,2021-07-31 16:35:00,0.4998640563851634,-9.034455113780378,-4.443481853568111,0.4998640563851634,5.443428696713429,9.984699788265704
TS3,2021-07-31 16:40:00,0.3661383371543046,-9.132418828674005,-4.544305765543433,0.3661383371543046,5.38431767155032,9.932454591705671
TS3,2021-07-31 16:45:00,0.2775021505568724,-9.238492985109708,-4.646031611812596,0.2775021505568724,5.333454597138899,9.8379429537201
TS3,2021-07-31 16:50:00,0.1656617670696683,-9.358293348568496,-4.75904694502937,0.1656617670696683,5.217516878333482,9.730500771963586
TS3,2021-07-31 16:55:00,0.23219803714149995,-9.30345139333073,-4.678827528433184,0.23219803714149995,5.273672145161724,9.837639723337062
TS3,2021-07-31 17:00:00,0.525720535735326,-9.075527808706019,-4.4404189267576815,0.525720535735326,5.555565959616611,10.119061290804288
TS3,2021-07-31 17:05:00,0.6502937207854829,-8.952078704871667,-4.313682647717033,0.6502937207854829,5.654391759516888,10.288195887477082
TS3,2021-07-31 17:10:00,0.6867205197047068,-8.937659482541433,-4.293271103678518,0.6867205197047068,5.704028097732927,10.356353172567962
TS3,2021-07-31 17:15:00,0.60131623809385,-9.022638304567996,-4.397969320905364,0.60131623809385,5.650151267557932,10.236894802170946
TS3,2021-07-31 17:20:00,0.5013923474159168,-9.105110813036422,-4.512225452715979,0.5013923474159168,5.582527255775648,10.165604896141561
TS3,2021-07-31 17:25:00,0.4758412109118637,-9.15586508245272,-4.5492445592852935,0.4758412109118637,5.589208790674554,10.145989185276573
TS3,2021-07-31 17:30:00,0.3719987133141427,-9.280611775005447,-4.659010237180796,0.3719987133141427,5.460834533268119,10.03828085947175
TS3,2021-07-31 17:35:00,0.3230842495036129,-9.321761502604364,-4.721135801183919,0.3230842495036129,5.444103532030612,10.033746487924274
TS3,2021-07-31 17:40:00,0.41215343648836245,-9.256718768514549,-4.645616729339495,0.41215343648836245,5.553556249589272,10.1858095660077
TS3,2021-07-31 17:45:00,0.44694715400284646,-9.23665484192828,-4.612204876262026,0.44694715400284646,5.635424459229259,10.207875143207604
TS3,2021-07-31 17:50:00,0.8917601049605043,-8.855996878782644,-4.2014072870224055,0.8917601049605043,6.077383688362533,10.702708339424309
TS3,2021-07-31 17:55:00,0.8147009529378951,-8.933356390394207,-4.294021701929488,0.8147009529378951,6.027222364921756,10.694610726590644
TS3,2021-07-31 18:00:00,0.20821158423097363,-9.545848958267412,-4.916339986375633,0.20821158423097363,5.43027399822946,10.110485733874002
TS3,2021-07-31 18:05:00,0.17091571939500863,-9.6431460789176,-4.9663435932839315,0.17091571939500863,5.364129178171889,10.067601215471083
TS3,2021-07-31 18:10:00,0.28769229862228324,-9.57159130429499,-4.862173454720979,0.28769229862228324,5.492839874905498,10.220071232386873
TS3,2021-07-31 18:15:00,0.3357980265782355,-9.520179056316785,-4.814902664684559,0.3357980265782355,5.577742536422852,10.333138046573218
TS3,2021-07-31 18:20:00,0.5676625378337636,-9.321392260433724,-4.632991236166525,0.5676625378337636,5.80225072693893,10.57172951877359
TS3,2021-07-31 18:25:00,0.5273319298051157,-9.367697007021086,-4.686066357227669,0.5273319298051157,5.792087319519256,10.559491123651833
TS3,2021-07-31 18:30:00,0.2207063083631483,-9.71455768086923,-4.99931317245379,0.2207063083631483,5.473210768694703,10.283552729296819
TS3,2021-07-31 18:35:00,0.18767549054318305,-9.740013992221325,-5.027410688369407,0.18767549054318305,5.514792158354728,10.268667598021635
TS3,2021-07-31 18:40:00,0.2771515357325604,-9.632668029237152,-4.920498718009828,0.2771515357325604,5.626846108719701,10.42232332043325
TS3,2021-07-31 18:45:00,0.35687124658390884,-9.60131193259096,-4.859821034800702,0.35687124658390884,5.691577656779908,10.524124295937737
TS3,2021-07-31 18:50:00,0.8652311732957241,-9.111865165741362,-4.327176520948394,0.8652311732957241,6.1931620144334465,11.00990139750362
TS3,2021-07-31 18:55:00,0.9237145259358015,-9.049531189959282,-4.276838516799067,0.9237145259358015,6.293580091742695,11.086613486768643
TS3,2021-07-31 19:00:00,0.9342771578328176,-9.000724620153568,-4.297909465864547,0.9342771578328176,6.279668657154506,11.10368361692154
TS3,2021-07-31 19:05:00,0.9838066908444143,-9.089967438953629,-4.293710521642873,0.9838066908444143,6.3051502363431915,11.104157365392627
TS3,2021-07-31 19:10:00,0.6811200709770431,-9.400151640763562,-4.566812585293227,0.6811200709770431,6.021253851001974,10.85536153579919
TS3,2021-07-31 19:15:00,0.545913437241512,-9.523374571711924,-4.7133538974781715,0.545913437241512,5.923582104035096,10.78466473483535
TS3,2021-07-31 19:20:00,0.22183656857455636,-9.882412244899019,-5.052788213282328,0.22183656857455636,5.587460361965246,10.440356045022291
TS3,2021-07-31 19:25:00,0.1650567881061678,-9.966164592113486,-5.182143605385747,0.1650567881061678,5.547336522934988,10.419871684847964
TS3,2021-07-31 19:30:00,0.2596000424531183,-9.886675859595792,-5.039495882131822,0.2596000424531183,5.692972305408508,10.554683447156693
TS3,2021-07-31 19:35:00,0.36601717724885785,-9.815263554201188,-5.010722503336428,0.36601717724885785,5.833676708654662,10.666262795651498
TS3,2021-07-31 19:40:00,0.7059258606711255,-9.497007500632776,-4.654238456687249,0.7059258606711255,6.152296028194074,11.023949233663629
TS3,2021-07-31 19:45:00,0.7213941808094042,-9.53768160849291,-4.696810388796122,0.7213941808094042,6.1128360178746615,11.106635640483635
TS3,2021-07-31 19:50:00,0.5053653825813564,-9.746493891446285,-4.914127774536003,0.5053653825813564,5.92321597356933,10.919815423423813
TS3,2021-07-31 19:55:00,0.5385384456641945,-9.779673240988519,-4.88697905581942,0.5385384456641945,5.97347485982856,10.920881676039405
TS3,2021-07-31 20:00:00,0.886423381431058,-9.455855626799494,-4.521342367892621,0.886423381431058,6.343015888438548,11.31006195879753
TS3,2021-07-31 20:05:00,0.8761521286808523,-9.481252553244035,-4.59620539012238,0.8761521286808523,6.3379998060707,11.33018773202702
TS3,2021-07-31 20:10:00,0.8597951481854266,-9.502582765712942,-4.594038863239885,0.8597951481854266,6.3544951381734265,11.331629147380795
TS3,2021-07-31 20:15:00,0.8140263517779526,-9.533326241927128,-4.654558684331513,0.8140263517779526,6.34549574736206,11.406463636817953
TS3,2021-07-31 20:20:00,0.8359018679052231,-9.537609724559063,-4.63277133050293,0.8359018679052231,6.340736822254376,11.430804437332782
TS3,2021-07-31 20:25:00,0.7338829901991509,-9.665574772180126,-4.710582504512865,0.7338829901991509,6.276069584764682,11.3578061112666
TS3,2021-07-31 20:30:00,0.06115880156793982,-10.32784435061351,-5.394993153860968,0.06115880156793982,5.617443354494995,10.70553327959844
TS3,2021-07-31 20:35:00,-0.04894117844497384,-10.529981396373769,-5.497637961770721,-0.04894117844497384,5.540602736311158,10.666842490981463
TS3,2021-07-31 20:40:00,0.0982285173251625,-10.405092866630353,-5.377252788691722,0.0982285173251625,5.678318560184559,10.803359166233555
TS3,2021-07-31 20:45:00,0.1848112486562943,-10.30421947916611,-5.303033253703555,0.1848112486562943,5.7957832861812175,10.920018408892926
TS3,2021-07-31 20:50:00,0.4965877775047355,-10.000098543606711,-5.044011976957734,0.4965877775047355,6.085062545663346,11.236971290337168
TS3,2021-07-31 20:55:00,0.4593115976334594,-10.050846902155508,-5.021521183575505,0.4593115976334594,6.119134105219246,11.29789395137706
TS3,2021-07-31 21:00:00,0.4708736030032912,-10.067734419475315,-5.058488942071506,0.4708736030032912,6.1248427861477,11.35252422434414
TS3,2021-07-31 21:05:00,0.49423610555498826,-10.044561948849507,-5.072509574991555,0.49423610555498826,6.163965122952353,11.386417927420684
TS3,2021-07-31 21:10:00,0.9270570802192488,-9.64080503498475,-4.659465547791609,0.9270570802192488,6.622299706325515,11.795131715425129
TS3,2021-07-31 21:15:00,0.8095681660559378,-9.740373566803424,-4.700765631909903,0.8095681660559378,6.523418717344885,11.739625375776356
TS3,2021-07-31 21:20:00,0.20639933497438312,-10.442325414517232,-5.362302507067814,0.20639933497438312,5.900156225855736,11.093215072992862
TS3,2021-07-31 21:25:00,0.21222383012180146,-10.42674373632947,-5.382402395813833,0.21222383012180146,5.886681834342452,11.062187996804566
TS3,2021-07-31 21:30:00,0.3634999030868092,-10.238841922969009,-5.195835530862011,0.3634999030868092,6.0639769240287436,11.289638534558868
TS3,2021-07-31 21:35:00,0.4392257932459541,-10.161148319910968,-5.141303283059211,0.4392257932459541,6.138587153260542,11.410005080566327
TS3,2021-07-31 21:40:00,0.8745902696225244,-9.791233872241731,-4.786587415587405,0.8745902696225244,6.597178916213378,11.786872547804021
TS3,2021-07-31 21:45:00,0.8686117929115511,-9.866004453730746,-4.811163049082882,0.8686117929115511,6.5570598661917225,11.807220818837486
TS3,2021-07-31 21:50:00,0.4024591388218053,-10.323364306352705,-5.254033671889568,0.4024591388218053,6.125656860454942,11.3673280902094
TS3,2021-07-31 21:55:00,0.40023518935189784,-10.353445679804649,-5.280212768813804,0.40023518935189784,6.126922828072095,11.375845948784884
TS3,2021-07-31 22:00:00,0.7649495970490592,-10.032202630260088,-5.012517746882236,0.7649495970490592,6.497966531539244,11.707384550186447
TS3,2021-07-31 22:05:00,0.7222827437055859,-10.066596348491247,-5.023301755971553,0.7222827437055859,6.47443345191191,11.683832432381351
TS3,2021-07-31 22:10:00,0.3598552026533258,-10.4449175856588,-5.388661613552867,0.3598552026533258,6.127061645530263,11.352990602023699
TS3,2021-07-31 22:15:00,0.20803566210138325,-10.630938845729425,-5.546980675963352,0.20803566210138325,6.025321946344878,11.226737519730557
TS3,2021-07-31 22:20:00,0.014265198009623142,-10.851362399948501,-5.772400581112148,0.014265198009623142,5.849503172713039,11.06972704829076
TS3,2021-07-31 22:25:00,0.10206047773958712,-10.780024624643454,-5.683380054469092,0.10206047773958712,5.927645240894268,11.136119072388809
TS3,2021-07-31 22:30:00,1.0172854233885276,-9.917994593256214,-4.763432300638928,1.0172854233885276,6.872279048934654,12.103998578133767
TS3,2021-07-31 22:35:00,1.2010350355323354,-9.723782724285293,-4.569934904756407,1.2010350355323354,7.085944180669033,12.35550313422377
TS3,2021-07-31 22:40:00,0.8774133094923535,-10.139438760851242,-4.888692510832909,0.8774133094923535,6.768652782102537,12.043291161306557
TS3,2021-07-31 22:45:00,0.7888600474911747,-10.221680106776676,-4.965622225421601,0.7888600474911747,6.665630174058559,11.978713491447321
TS3,2021-07-31 22:50:00,0.6328168853440954,-10.398600724403332,-5.147676723636735,0.6328168853440954,6.521970192627413,11.846913204925977
TS3,2021-07-31 22:55:00,0.5511956084619929,-10.456736570499894,-5.260305676825096,0.5511956084619929,6.427471636794752,11.77197486053076
TS3,2021-07-31 23:00:00,0.4635368026407364,-10.607102715389024,-5.39283860100567,0.4635368026407364,6.342564889775,11.678544115488684
TS3,2021-07-31 23:05:00,0.3671317271783133,-10.685479881450874,-5.4868314618625185,0.3671317271783133,6.252097374538752,11.57731594190572
TS3,2021-07-31 23:10:00,0.0009850560959548532,-11.125036157342938,-5.870691287941335,0.0009850560959548532,5.912145205870109,11.241417111143472
TS3,2021-07-31 23:15:00,-0.005742417734404592,-11.162435355269546,-5.888642681103533,-0.005742417734404592,5.910024806183217,11.244755449143351
TS3,2021-07-31 23:20:00,0.2663024741820901,-10.921280232789114,-5.6666989090541655,0.2663024741820901,6.138128620199328,11.461392157223468
TS3,2021-07-31 23:25:00,0.3164511736133929,-10.867775106949939,-5.622484959293261,0.3164511736133929,6.233582129268071,11.552172912021286
TS3,2021-07-31 23:30:00,0.29618313293115267,-10.877379267704844,-5.605346167883867,0.29618313293115267,6.275828345115037,11.626972934840946
TS3,2021-07-31 23:35:00,0.26118688880808755,-10.939981902937301,-5.708956677276255,0.26118688880808755,6.2293754167987725,11.593959524748003
TS3,2021-07-31 23:40:00,0.08464376522461518,-11.128069745420586,-5.93798620670551,0.08464376522461518,6.029069323660309,11.388847376822332
TS3,2021-07-31 23:45:00,-0.023240600295521233,-11.28171941734377,-6.031468471810288,-0.023240600295521233,5.9476170662937085,11.339607799652807
TS3,2021-07-31 23:50:00,-0.20687972473535376,-11.3979534835297,-6.219788874312769,-0.20687972473535376,5.783649136017084,11.227774250156536
TS3,2021-07-31 23:55:00,-0.2563527096119734,-11.667836543880908,-6.360202128096212,-0.2563527096119734,5.8217460143675615,11.25518931602534
TS4,2021-07-31 00:00:00,0.3952957678498927,-0.17907958847599922,0.08918491549954151,0.3952957678498927,0.7011216694239715,0.976502849207281
TS4,2021-07-31 00:05:00,0.44337179251692804,-0.2553367016014749,0.08121224186768475,0.44337179251692804,0.8122725900704065,1.1438486600730053
TS4,2021-07-31 00:10:00,1.0478177796169237,0.23701398863674852,0.6237023578937849,1.0478177796169237,1.4678335209823938,1.8479848948084037
TS4,2021-07-31 00:15:00,0.6587073671380509,-0.22569805142248486,0.19413621815841872,0.6587073671380509,1.1236355246007192,1.5439314001987012
TS4,2021-07-31 00:20:00,0.7998885265462677,-0.15057322855212643,0.3009180606004318,0.7998885265462677,1.3053604707361266,1.7628265641665648
TS4,2021-07-31 00:25:00,0.4800052825928332,-0.5442001815729828,-0.05838280215112959,0.4800052825928332,1.0175817648204493,1.5091809677107981
TS4,2021-07-31 00:30:00,0.22314627936235099,-0.8654551629504087,-0.35194042937945913,0.22314627936235099,0.7953281830299059,1.303117728460446
TS4,2021-07-31 00:35:00,0.09412981779391369,-1.0478049357201225,-0.505116469202479,0.09412981779391369,0.6995282822218035,1.2386338345478909
TS4,2021-07-31 00:40:00,0.16119720564108062,-1.0449735542402236,-0.4745410227713105,0.16119720564108062,0.7898160121950862,1.3607559686332704
TS4,2021-07-31 00:45:00,0.3920732931040703,-0.8508200038854121,-0.2643285781672609,0.3920732931040703,1.0480716897629931,1.6426702015995898
TS4,2021-07-31 00:50:00,0.46034849641009074,-0.8393227132781296,-0.22264055986085887,0.46034849641009074,1.146357994356801,1.758251337400283
TS4,2021-07-31 00:55:00,0.38372108790917697,-0.9474303409421512,-0.32018398460333497,0.38372108790917697,1.0952863978431615,1.7300472204734283
TS4,2021-07-31 01:00:00,0.16301745972148463,-1.228988825425958,-0.5657584579803446,0.16301745972148463,0.8961567591423285,1.544564421192691
TS4,2021-07-31 01:05:00,0.0012760013053057292,-1.4293242491114526,-0.7530323301944432,0.0012760013053057292,0.7529933860416598,1.4267847525169688
TS4,2021-07-31 01:10:00,0.1334069187995579,-1.3352894304799647,-0.6369222767344149,0.1334069187995579,0.9043078507037553,1.6080893763419353
TS4,2021-07-31 01:15:00,0.13341897035998662,-1.3722698149527044,-0.6611020018064195,0.13341897035998662,0.9233902955743267,1.6511760943828186
TS4,2021-07-31 01:20:00,0.01889739957314624,-1.5337047085066662,-0.8039373284653974,0.01889739957314624,0.836856872693396,1.5697904804775151
TS4,2021-07-31 01:25:00,0.01724415753753085,-1.569216007832581,-0.8198008993018567,0.01724415753753085,0.8568150071594836,1.6074887934370845
TS4,2021-07-31 01:30:00,-0.15295642793908817,-1.7845430509502325,-1.0077675802068613,-0.15295642793908817,0.7050657751952832,1.4796366577035116
TS4,2021-07-31 01:35:00,-0.22984801116116899,-1.8907383254653356,-1.1050257753428296,-0.22984801116116899,0.6426378614824003,1.422839930310527
TS4,2021-07-31 01:40:00,-0.24814347759602942,-1.9545155805250554,-1.1472673933750166,-0.24814347759602942,0.6464528183787132,1.4422739513246154
TS4,2021-07-31 01:45:00,-0.1661661359422411,-1.889845989153208,-1.0693095188050834,-0.1661661359422411,0.7464232552983657,1.5697397843751337
TS4,2021-07-31 01:50:00,-0.24521648838493917,-2.012306419828181,-1.169864842673397,-0.24521648838493917,0.6791821188512686,1.5122051133770436
TS4,2021-07-31 01:55:00,-0.1960046988345282,-1.9902773374712242,-1.1406159596348797,-0.1960046988345282,0.7516359651640195,1.6011174100785983
TS4,2021-07-31 02:00:00,0.6355360229078536,-1.2059947698107225,-0.3335738853876586,0.6355360229078536,1.5878316637834589,2.453594462492619
TS4,2021-07-31 02:05:00,0.13986338639015372,-1.7239913976097268,-0.8382833004094818,0.13986338639015372,1.1230780572135153,2.007032096288253
TS4,2021-07-31 02:10:00,-0.2130971216333377,-2.0947928073896325,-1.2041833817455345,-0.2130971216333377,0.7777696720224115,1.6722370643136
TS4,2021-07-31 02:15:00,-0.25794489152399364,-2.181791384313978,-1.2716326493869443,-0.25794489152399364,0.7497804600426288,1.658146009482812
TS4,2021-07-31 02:20:00,-0.1800739842003195,-2.126689384841478,-1.2038864887017213,-0.1800739842003195,0.8415200417510476,1.7601856192107188
TS4,2021-07-31 02:25:00,-0.4779209456329633,-2.448088102976738,-1.5180532961808455,-0.4779209456329633,0.5627221204914585,1.4948574173748372
TS4,2021-07-31 02:30:00,-0.5422146588500462,-2.542511407601509,-1.5892963296116542,-0.5422146588500462,0.5092115571265706,1.466524571356013
TS4,2021-07-31 02:35:00,-0.6137603846189849,-2.6482130993284025,-1.6909154313124466,-0.6137603846189849,0.4564380847734515,1.420307608248276
TS4,2021-07-31 02:40:00,-0.6339044531295118,-2.7074644922066233,-1.7243696182703112,-0.6339044531295118,0.45186176942756023,1.4314014525134187
TS4,2021-07-31 02:45:00,-0.6167204289400928,-2.701548264884146,-1.7199980089047864,-0.6167204289400928,0.48616715783383513,1.4835642225167438
TS4,2021-07-31 02:50:00,-0.4576032129360129,-2.5707808067916327,-1.565249756489841,-0.4576032129360129,0.6606200197175063,1.6520265280472406
TS4,2021-07-31 02:55:00,-0.6946686261365521,-2.8292691728826855,-1.8148284196862308,-0.6946686261365521,0.43289954468997194,1.4429542585747992
TS4,2021-07-31 03:00:00,-0.6233385503406934,-2.797783721996771,-1.7648407418980647,-0.6233385503406934,0.5125069518112364,1.5437799869973892
TS4,2021-07-31 03:05:00,-0.49574380438923904,-2.6953840676750627,-1.6535384000737618,-0.49574380438923904,0.6527208744532712,1.6949165293977053
TS4,2021-07-31 03:10:00,-0.6486674117054718,-2.8780733484904415,-1.8162025724826159,-0.6486674117054718,0.5152855802972398,1.5684524676934442
TS4,2021-07-31 03:15:00,-0.7928615384649399,-3.0384220576442975,-1.9742066954395594,-0.7928615384649399,0.3902354069190389,1.4491088951505284
TS4,2021-07-31 03:20:00,-0.7014962201457531,-2.9650029663041746,-1.8915181224223772,-0.7014962201457531,0.4931663464527013,1.5685642152684403
TS4,2021-07-31 03:25:00,-0.5312367732441308,-2.824638581124548,-1.7331632961547734,-0.5312367732441308,0.6739297299706093,1.7520913124375008
TS4,2021-07-31 03:30:00,-0.7332295116685384,-3.0487549450440463,-1.95133314130821,-0.7332295116685384,0.48257958654246264,1.597052096254096
TS4,2021-07-31 03:35:00,-0.8437627116503607,-3.1844429577334687,-2.0775725665135902,-0.8437627116503607,0.3849783667346187,1.4914557509230912
TS4,2021-07-31 03:40:00,-0.678606868027037,-3.0521975900231073,-1.9265993830755193,-0.678606868027037,0.5685496495089037,1.6785915774521534
TS4,2021-07-31 03:45:00,-0.6390773417108193,-3.0313835861339866,-1.9032082239219554,-0.6390773417108193,0.6243716375114695,1.752801919740789
TS4,2021-07-31 03:50:00,-0.8905102804612024,-3.2982670479862732,-2.1558757570149094,-0.8905102804612024,0.377645459710836,1.5150853070961947
TS4,2021-07-31 03:55:00,-1.0386226575939317,-3.482828950893916,-2.3206937444735765,-1.0386226575939317,0.23687838882418416,1.3977385830960913
TS4,2021-07-31 04:00:00,-1.034714869888013,-3.4944858178828313,-2.334047277000857,-1.034714869888013,0.25377323547827885,1.4164966710104947
TS4,2021-07-31 04:05:00,-1.106706752809532,-3.5967502484115683,-2.418629765348874,-1.106706752809532,0.19959316203000144,1.37758212722856
TS4,2021-07-31 04:10:00,-1.127258977366838,-3.6373718020202164,-2.443009533524053,-1.127258977366838,0.18656950143691722,1.3636784784698033
TS4,2021-07-31 04:15:00,-1.1802153336175865,-3.6917577788255254,-2.506946824603495,-1.1802153336175865,0.1403953639366838,1.33832810742167
TS4,2021-07-31 04:20:00,-1.062156281293055,-3.611435256913854,-2.4010763886556377,-1.062156281293055,0.2759309420020156,1.4836789501595196
TS4,2021-07-31 04:25:00,-0.9858260886878721,-3.5495715391430034,-2.3379220266127048,-0.9858260886878721,0.3597882748150547,1.5795349538146513
TS4,2021-07-31 04:30:00,-1.163404748723606,-3.743554408998338,-2.5209030511673443,-1.163404748723606,0.20241191331344266,1.4279709405450305
TS4,2021-07-31 04:35:00,-1.1920352861327725,-3.796271634132615,-2.5631591620370107,-1.1920352861327725,0.18308216344857497,1.4152315856325879
TS4,2021-07-31 04:40:00,-1.3440592053446851,-3.9647013676967457,-2.727761421775671,-1.3440592053446851,0.04175442663336148,1.2910217855101689
TS4,2021-07-31 04:45:00,-1.4033853666652076,-4.048828093316133,-2.795449325441864,-1.4033853666652076,-0.0019523835773474062,1.2460238032084077
TS4,2021-07-31 04:50:00,-1.3900258100900964,-4.0727378437112565,-2.806519792446935,-1.3900258100900964,0.013407464263870416,1.2805572958377542
TS4,2021-07-31 04:55:00,-1.3059987122697156,-4.0042810032028155,-2.7149408580212424,-1.3059987122697156,0.10145907459660862,1.3745486601264734
TS4,2021-07-31 05:00:00,-1.325020046892047,-4.032348088854188,-2.7433751930513512,-1.325020046892047,0.10936047156562365,1.3963769924072504
TS4,2021-07-31 05:05:00,-1.2889199067482657,-4.039420993691031,-2.7284575116937315,-1.2889199067482657,0.1391094369733264,1.4367384979650315
TS4,2021-07-31 05:10:00,-1.2397092003310215,-3.9877690980618086,-2.684116560898993,-1.2397092003310215,0.20148142394899365,1.5006626392589986
TS4,2021-07-31 05:15:00,-1.2963569683732972,-4.064959632856857,-2.7578660262054693,-1.2963569683732972,0.15343971428335304,1.4646687612785751
TS4,2021-07-31 05:20:00,-1.484091317991291,-4.279058834372244,-2.9512029595969036,-1.484091317991291,-0.012283099675471268,1.3106897128348638
TS4,2021-07-31 05:25:00,-1.420639545356572,-4.230591198110119,-2.8994168396281177,-1.420639545356572,0.05742952437136814,1.3946213952954871
TS4,2021-07-31 05:30:00,-1.5063914464564623,-4.33389729815297,-2.9977643552079396,-1.5063914464564623,-0.013257382748856558,1.3197653727403413
TS4,2021-07-31 05:35:00,-1.5129634878643434,-4.362091803448594,-3.0162761736688948,-1.5129634878643434,-0.016044177944847943,1.3294272746519535
TS4,2021-07-31 05:40:00,-1.4586797683966557,-4.312880738576846,-2.964863500143456,-1.4586797683966557,0.043980085045790075,1.4144308879410377
TS4,2021-07-31 05:45:00,-1.473370209706539,-4.362628948441045,-2.9905009610771107,-1.473370209706539,0.03800571446769277,1.4102566064655286
TS4,2021-07-31 05:50:00,-1.4441844131832082,-4.354427063017538,-2.974042872664308,-1.4441844131832082,0.08297246631204225,1.4571187088680726
TS4,2021-07-31 05:55:00,-1.49280141199852,-4.407117284030493,-3.026237459478912,-1.49280141199852,0.045869067810050033,1.42885892910245
TS4,2021-07-31 06:00:00,-1.5233501244785188,-4.467483499093728,-3.069936889426971,-1.5233501244785188,0.01832644861226248,1.4006641093278491
TS4,2021-07-31 06:05:00,-1.490238641951048,-4.456927813236638,-3.0458072755032384,-1.490238641951048,0.07208041367096782,1.4726294599733276
TS4,2021-07-31 06:10:00,-1.4691628381533555,-4.456161054256215,-3.0348923881808965,-1.4691628381533555,0.10450391233140206,1.512867799242533
TS4,2021-07-31 06:15:00,-1.528091648326503,-4.518470724373568,-3.099355824097685,-1.528091648326503,0.05074872949830044,1.4826023799849108
TS4,2021-07-31 06:20:00,-1.567271928610323,-4.577836268132825,-3.157403468646395,-1.567271928610323,0.02199062166513256,1.4485324403678475
TS4,2021-07-31 06:25:00,-1.5485014667757189,-4.578769664660932,-3.1425519387758856,-1.5485014667757189,0.05755321335832905,1.4877722450648052
TS4,2021-07-31 06:30:00,-1.4503371836670913,-4.50256283957053,-3.0529804930418893,-1.4503371836670913,0.15001081905959027,1.5846755247872946
TS4,2021-07-31 06:35:00,-1.4691987649238956,-4.545507472366315,-3.0844972076311374,-1.4691987649238956,0.14332049991081466,1.604073355021685
TS4,2021-07-31 06:40:00,-1.2893704220201527,-4.375375798246067,-2.9048968412780334,-1.2893704220201527,0.334155983558103,1.7826044404818304
TS4,2021-07-31 06:45:00,-1.4334817925828043,-4.54057930788791,-3.0648730921436633,-1.4334817925828043,0.19871466016411726,1.6653563135589307
TS4,2021-07-31 06:50:00,-1.5724638031153138,-4.691817987987987,-3.214466985816912,-1.5724638031153138,0.07424404026620463,1.5575193362311073
TS4,2021-07-31 06:55:00,-1.5086554960468943,-4.656553826463027,-3.168319753607308,-1.5086554960468943,0.1349251454234112,1.6155919883762422
TS4,2021-07-31 07:00:00,-1.5601735166797344,-4.713155909188062,-3.2223207433091376,-1.5601735166797344,0.10225618684144375,1.5855939392459755
TS4,2021-07-31 07:05:00,-1.5628752399269379,-4.748654179627513,-3.24162979415988,-1.5628752399269379,0.10286711245533067,1.6021603082813551
TS4,2021-07-31 07:10:00,-1.561511432376246,-4.749989045731264,-3.2430429357120825,-1.561511432376246,0.122721137304208,1.6418238589325613
TS4,2021-07-31 07:15:00,-1.5776251690718621,-4.783431355991444,-3.261929822043903,-1.5776251690718621,0.11187620605720877,1.6257361055519755
TS4,2021-07-31 07:20:00,-1.584684976442633,-4.806850524459764,-3.283302005470808,-1.584684976442633,0.10616847148195303,1.6242430070394733
TS4,2021-07-31 07:25:00,-1.6020384949409074,-4.844617511386849,-3.3111601591753663,-1.6020384949409074,0.09651032532181068,1.634232709577669
TS4,2021-07-31 07:30:00,-1.5352839744305875,-4.786306560482718,-3.239063354286681,-1.5352839744305875,0.17451227815897932,1.716295521659537
TS4,2021-07-31 07:35:00,-1.598958971561953,-4.867108471591869,-3.3186280275355875,-1.598958971561953,0.13158825452277487,1.6761936410541114
TS4,2021-07-31 07:40:00,-1.5626732527724372,-4.849442522257421,-3.297036056141774,-1.5626732527724372,0.1645629628957687,1.715895814350899
TS4,2021-07-31 07:45:00,-1.5729038998403304,-4.876139139707697,-3.3050059537516754,-1.5729038998403304,0.1679440944058397,1.7291160584830751
TS4,2021-07-31 07:50:00,-1.5662343448387785,-4.888180794170741,-3.3153645626792,-1.5662343448387785,0.1812390006803184,1.7557242071803993
TS4,2021-07-31 07:55:00,-1.446040532723621,-4.776979379270525,-3.1921395374417436,-1.446040532723621,0.30799178558256335,1.893166474672015
TS4,2021-07-31 08:00:00,-1.3951259338512543,-4.742513209370488,-3.157896410895009,-1.3951259338512543,0.3736204540701075,1.9568503018688859
TS4,2021-07-31 08:05:00,-1.5270028580062567,-4.894990576196376,-3.2995965898665274,-1.5270028580062567,0.25404902824223513,1.8534597340972032
TS4,2021-07-31 08:10:00,-1.545207479728639,-4.924406048445123,-3.3233890802772508,-1.545207479728639,0.22591718545503112,1.8272181655901136
TS4,2021-07-31 08:15:00,-1.5494268319820088,-4.941499829878235,-3.3359833171435693,-1.5494268319820088,0.2466047996110722,1.852202214663659
TS4,2021-07-31 08:20:00,-1.497351209241355,-4.920868401996881,-3.3002941031029858,-1.497351209241355,0.304506826943873,1.9140878137719077
TS4,2021-07-31 08:25:00,-1.3871853190158945,-4.812845899991124,-3.18933346166369,-1.3871853190158945,0.42196197444811695,2.0436319659887396
TS4,2021-07-31 08:30:00,-1.5354514701427402,-4.973154342183806,-3.3477601361234166,-1.5354514701427402,0.27537754643779916,1.91435134026224
TS4,2021-07-31 08:35:00,-1.4855750237182779,-4.963894162910786,-3.3115821975002704,-1.4855750237182779,0.33768913551408064,1.978872244162249
TS4,2021-07-31 08:40:00,-1.4884526504696434,-4.9701580863977135,-3.3208453787641097,-1.4884526504696434,0.3473582717080293,1.9952857362302863
TS4,2021-07-31 08:45:00,-1.4934983624710005,-4.988629276393092,-3.3384431143730886,-1.4934983624710005,0.3485735035417697,2.0033967658849092
TS4,2021-07-31 08:50:00,-1.4953423307326408,-5.015893328529623,-3.345485969358915,-1.4953423307326408,0.34765712533224163,2.0076663700572523
TS4,2021-07-31 08:55:00,-1.4846157390227317,-5.009666045983921,-3.3384685052600607,-1.4846157390227317,0.37388191520773173,2.0328628803262694
TS4,2021-07-31 09:00:00,-1.3731103743614044,-4.9104180551465575,-3.2396404194277935,-1.3731103743614044,0.4916733605369831,2.1632741226120333
TS4,2021-07-31 09:05:00,-1.3785534859320863,-4.926874080286005,-3.248834887644939,-1.3785534859320863,0.48410537829711425,2.1707655246416815
TS4,2021-07-31 09:10:00,-1.154432642024459,-4.712751451311023,-3.0220501699691957,-1.154432642024459,0.7327442520775329,2.4272822174739996
TS4,2021-07-31 09:15:00,-1.37422438023412,-4.95709938279657,-3.263717772581813,-1.37422438023412,0.5099180758644949,2.204957433583474
TS4,2021-07-31 09:20:00,-1.38466609490228,-4.978352616079718,-3.2749555458813644,-1.38466609490228,0.5067979133576321,2.2071325029397033
TS4,2021-07-31 09:25:00,-1.408608453507014,-5.004393642324565,-3.2985696445718893,-1.408608453507014,0.4869021978482874,2.2060420667075378
TS4,2021-07-31 09:30:00,-1.2961118893367818,-4.928753984073522,-3.2112105613858826,-1.2961118893367818,0.6077964494321002,2.327991090453616
TS4,2021-07-31 09:35:00,-1.2308144610087937,-4.865038733799863,-3.1484092089034608,-1.2308144610087937,0.6903858253488911,2.4079715361434424
TS4,2021-07-31 09:40:00,-1.2444159162936212,-4.9094851187034925,-3.1751789201984466,-1.2444159162936212,0.6759797060564343,2.4041648299826326
TS4,2021-07-31 09:45:00,-1.1773865150898077,-4.859259374860161,-3.107859289580143,-1.1773865150898077,0.7544217204971188,2.4926545651000276
TS4,2021-07-31 09:50:00,-1.0543836780160736,-4.748305980471715,-2.9969643068523224,-1.0543836780160736,0.881247570690241,2.6235173109482113
TS4,2021-07-31 09:55:00,-1.1634946893539262,-4.8450784745821425,-3.1070168613807843,-1.1634946893539262,0.7857734443964893,2.5442041979528316
TS4,2021-07-31 10:00:00,-1.0684847758763443,-4.777723989499797,-3.016149231355925,-1.0684847758763443,0.8834854767722436,2.639294570482258
TS4,2021-07-31 10:05:00,-1.1491717778816275,-4.884460337616305,-3.1227822474752824,-1.1491717778816275,0.8116335915407058,2.586638181230032
TS4,2021-07-31 10:10:00,-1.1727424607112527,-4.914766900842586,-3.14663802575424,-1.1727424607112527,0.8049100432603165,2.5677930654473866
TS4,2021-07-31 10:15:00,-0.9104845146772632,-4.660173710332259,-2.8788172858949705,-0.9104845146772632,1.0743242902222905,2.8496353099725944
TS4,2021-07-31 10:20:00,-0.8963087847834217,-4.6639889788582165,-2.8833386862006685,-0.8963087847834217,1.0839626012586185,2.8668322030623123
TS4,2021-07-31 10:25:00,-0.878903122353072,-4.664861611639986,-2.873683216397143,-0.878903122353072,1.1133951226123266,2.9160337515952284
TS4,2021-07-31 10:30:00,-0.8428006629416145,-4.632850036248879,-2.839340121088406,-0.8428006629416145,1.1481560159183217,2.9451909799321974
TS4,2021-07-31 10:35:00,-0.8816211790159024,-4.687461878772301,-2.8852040204295073,-0.8816211790159024,1.1199909992695736,2.93235960858631
TS4,2021-07-31 10:40:00,-0.687020180480802,-4.520215855704193,-2.711542047871095,-0.687020180480802,1.3280013867792788,3.1426560566611124
TS4,2021-07-31 10:45:00,-0.617948783723297,-4.463243456656221,-2.645878715622345,-0.617948783723297,1.3993008978684078,3.2186806556419114
TS4,2021-07-31 10:50:00,-0.6711254123064309,-4.5246242213841334,-2.6908967488741258,-0.6711254123064309,1.3571543034621187,3.182028699950772
TS4,2021-07-31 10:55:00,-0.6112078782402056,-4.491954306510836,-2.6555906230863227,-0.6112078782402056,1.4213926983410627,3.2534377130094354
TS4,2021-07-31 11:00:00,-0.5370815292584243,-4.403999777667389,-2.574336076211059,-0.5370815292584243,1.5062115865183812,3.3517885824279294
TS4,2021-07-31 11:05:00,-0.6037351622113796,-4.51173521556878,-2.6464656630093977,-0.6037351622113796,1.4350334113852639,3.285693463789256
TS4,2021-07-31 11:10:00,-0.7231173629612745,-4.64135383448322,-2.7747385772949467,-0.7231173629612745,1.3291386047533118,3.1807192271331246
TS4,2021-07-31 11:15:00,-0.5945465233584609,-4.51760978596842,-2.6599897908506662,-0.5945465233584609,1.4723741192217117,3.3264890764170096
TS4,2021-07-31 11:20:00,-0.6409968611371548,-4.571059387734584,-2.706413554105806,-0.6409968611371548,1.4345576411597822,3.283688218716895
TS4,2021-07-31 11:25:00,-0.5598087430240681,-4.505724338544622,-2.6344392230074094,-0.5598087430240681,1.5122815980388853,3.371959077405883
TS4,2021-07-31 11:30:00,-0.610642452646015,-4.57261707666415,-2.6982752307813067,-0.610642452646015,1.471427936376896,3.350631492704729
TS4,2021-07-31 11:35:00,-0.4923112052615243,-4.469625657776235,-2.5795804679030785,-0.4923112052615243,1.5932342005689661,3.4744749982019894
TS4,2021-07-31 11:40:00,-0.5022882092361723,-4.4819031372368645,-2.590244392554505,-0.5022882092361723,1.6077947837423714,3.4913665669887455
TS4,2021-07-31 11:45:00,-0.2891691419450757,-4.306305730452682,-2.4048463848512625,-0.2891691419450757,1.8239702242344777,3.7211395798186855
TS4,2021-07-31 11:50:00,-0.27120294521736016,-4.2764143427214245,-2.3767411250395325,-0.27120294521736016,1.8456074969827236,3.7492433341416223
TS4,2021-07-31 11:55:00,-0.12837344782769933,-4.160111322989455,-2.2548214012324017,-0.12837344782769933,1.9884354528355042,3.897178170982816
TS4,2021-07-31 12:00:00,-0.1130502585639972,-4.153846982139468,-2.2392608981484443,-0.1130502585639972,2.006644840389029,3.9215624765810597
TS4,2021-07-31 12:05:00,-0.29706637139819203,-4.352236620622159,-2.4319362722559834,-0.29706637139819203,1.8343776756614114,3.760431433171977
TS4,2021-07-31 12:10:00,-0.31254009483104955,-4.370132801333171,-2.452584779247738,-0.31254009483104955,1.8319529431117427,3.7549098011827504
TS4,2021-07-31 12:15:00,-0.19090397787899666,-4.261430761358487,-2.335853017720743,-0.19090397787899666,1.951329867881064,3.8948891232323195
TS4,2021-07-31 12:20:00,-0.1334977559942935,-4.219688846023773,-2.279522403700571,-0.1334977559942935,2.0280742728200494,3.971731806584211
TS4,2021-07-31 12:25:00,0.007072211918525861,-4.101298339278413,-2.151014829291408,0.007072211918525861,2.1623958873628073,4.116101101372094
TS4,2021-07-31 12:30:00,-0.004579486996255188,-4.127576125684457,-2.173121063111211,-0.004579486996255188,2.166802862287517,4.1101690921146945
TS4,2021-07-31 12:35:00,-0.22345133887784388,-4.3632713765923254,-2.401548176182965,-0.22345133887784388,1.9581692912743704,3.9131406175585837
TS4,2021-07-31 12:40:00,-0.1844354525153158,-4.341653455324833,-2.375043725444729,-0.1844354525153158,1.9975157380373878,3.956490011378429
TS4,2021-07-31 12:45:00,-0.22151184615847327,-4.373124086427281,-2.4100426303449067,-0.22151184615847327,1.9651145380297437,3.93697037548542
TS4,2021-07-31 12:50:00,-0.22101708253511718,-4.3863320962309125,-2.409239043489581,-0.22101708253511718,1.971910981818922,3.9507499910500923
TS4,2021-07-31 12:55:00,-0.13325422441348142,-4.310047945352339,-2.3298239836462393,-0.13325422441348142,2.076090191873396,4.05976832231284
TS4,2021-07-31 13:00:00,0.049091020698715127,-4.140188101081429,-2.1553425931275685,0.049091020698715127,2.2557199489955426,4.236307453800716
TS4,2021-07-31 13:05:00,0.020963094304940248,-4.187853985533147,-2.1908934117315555,0.020963094304940248,2.237706134182029,4.231345164324549
TS4,2021-07-31 13:10:00,-0.026041914399444668,-4.2494786054240095,-2.2423903575616104,-0.026041914399444668,2.1990771849175377,4.205538783009543
TS4,2021-07-31 13:15:00,0.10524620306415004,-4.127618386644099,-2.126978315675299,0.10524620306415004,2.327560248270894,4.337936128847372
TS4,2021-07-31 13:20:00,0.28214789489463243,-3.956948885680878,-1.9474855754639904,0.28214789489463243,2.5154220320368297,4.527076761022129
TS4,2021-07-31 13:25:00,0.20187463002178624,-4.0542173075726105,-2.039846582648127,0.20187463002178624,2.4383755357666725,4.459816992520604
TS4,2021-07-31 13:30:00,0.06744809565585484,-4.21535610111103,-2.183646367664333,0.06744809565585484,2.312838075981159,4.330844506550361
TS4,2021-07-31 13:35:00,-0.037256548329252216,-4.3236570450238165,-2.287959097006723,-0.037256548329252216,2.2191980180473108,4.242155856436899
TS4,2021-07-31 13:40:00,-0.035554708227755936,-4.318977248679719,-2.287539312711158,-0.035554708227755936,2.2305742831273974,4.275220349133886
TS4,2021-07-31 13:45:00,0.04285598859897036,-4.253279703915982,-2.2098817520334455,0.04285598859897036,2.3090268222793897,4.353411711891636
TS4,2021-07-31 13:50:00,0.26813419861443766,-4.040761447909274,-1.9955880521073495,0.26813419861443766,2.546305480574321,4.586280335487608
TS4,2021-07-31 13:55:00,0.5007720573164643,-3.8255595113331213,-1.7731045995378183,0.5007720573164643,2.796115854810868,4.851725752338514
TS4,2021-07-31 14:00:00,0.3226032002788805,-4.035104669855961,-1.9717074399206043,0.3226032002788805,2.6159740246009338,4.675083910678055
TS4,2021-07-31 14:05:00,0.472942980815076,-3.877635166138152,-1.8186050631086959,0.472942980815076,2.755802433407964,4.8291130772656645
TS4,2021-07-31 14:10:00,0.9761439772414356,-3.392715249886958,-1.3286058011592827,0.9761439772414356,3.2764446409001042,5.346094600460325
TS4,2021-07-31 14:15:00,0.5772689001048373,-3.806350923032181,-1.7328411000941302,0.5772689001048373,2.881004613703899,4.961642651190819
TS4,2021-07-31 14:20:00,0.45879477907283395,-3.9443343913671973,-1.8494737754866655,0.45879477907283395,2.768366210018631,4.855698725368378
TS4,2021-07-31 14:25:00,0.4855974633245731,-3.9177568230780264,-1.8312977420704144,0.4855974633245731,2.80639749036247,4.893182327988858
TS4,2021-07-31 14:30:00,0.5901104392275852,-3.822468873681193,-1.734799705601679,0.5901104392275852,2.913344735196511,5.000673076017788
TS4,2021-07-31 14:35:00,0.48809494873822334,-3.9510538713410708,-1.84749604424614,0.48809494873822334,2.8193148067319176,4.9102948050978386
TS4,2021-07-31 14:40:00,0.9152790311457849,-3.5223716732121355,-1.417935263880241,0.9152790311457849,3.2447851222988087,5.352041669240622
TS4,2021-07-31 14:45:00,0.4556314939561611,-3.9982667988375535,-1.8909062719401197,0.4556314939561611,2.8109601643514037,4.904909290557264
TS4,2021-07-31 14:50:00,0.2794026419979894,-4.180414987927538,-2.0683986641337864,0.2794026419979894,2.629453354892635,4.747034235181639
TS4,2021-07-31 14:55:00,0.35688563287831604,-4.1273277123578715,-2.010370699354421,0.35688563287831604,2.7127786871586976,4.826339704556727
TS4,2021-07-31 15:00:00,0.5497158812877764,-3.941426160329583,-1.811691334977092,0.5497158812877764,2.909878432642317,5.04189560199713
TS4,2021-07-31 15:05:00,0.47072914016409595,-4.0311393607905845,-1.8943882764315751,0.47072914016409595,2.8369856166021177,4.970274675617475
TS4,2021-07-31 15:10:00,0.45800525158365474,-4.030623767395636,-1.905622731640265,0.45800525158365474,2.83919036820069,4.975791383730122
TS4,2021-07-31 15:15:00,0.3469097488229558,-4.1768293214819305,-2.024833053183191,0.3469097488229558,2.73122680773182,4.8629263890710055
TS4,2021-07-31 15:20:00,0.4988650153907209,-4.0388947131340664,-1.8845195838720015,0.4988650153907209,2.8835940491215863,5.041399504253705
TS4,2021-07-31 15:25:00,0.6079067898282834,-3.9377536928368246,-1.7808915914156132,0.6079067898282834,2.999243505246508,5.154281509924837
TS4,2021-07-31 15:30:00,0.4887310860825562,-4.078567253976876,-1.905294184804995,0.4887310860825562,2.875235694237236,5.031446159125404
TS4,2021-07-31 15:35:00,0.513360484487566,-4.044933870064187,-1.8829112811052156,0.513360484487566,2.9210899381993856,5.0756674014636225
TS4,2021-07-31 15:40:00,0.41733050080744666,-4.148566202199339,-1.989508806847014,0.41733050080744666,2.824557535239915,5.001939207361257
TS4,2021-07-31 15:45:00,0.4532474598219178,-4.132671881671704,-1.9519195887863505,0.4532474598219178,2.8757586464205174,5.051492890186404
TS4,2021-07-31 15:50:00,0.602154260210994,-3.9974274967277448,-1.8165889826242148,0.602154260210994,3.0273954793378137,5.205575462838373
TS4,2021-07-31 15:55:00,0.5758502729784455,-4.032619978632882,-1.8480356937012492,0.5758502729784455,3.003661065481591,5.195467795309462
TS4,2021-07-31 16:00:00,0.975612423406968,-3.645616746286528,-1.446987769628749,0.975612423406968,3.417867054162742,5.595873025665901
TS4,2021-07-31 16:05:00,0.4410839844257283,-4.175457569648202,-1.996563793316381,0.4410839844257283,2.8924603290844297,5.091993337396816
TS4,2021-07-31 16:10:00,0.3514319575851658,-4.2966874483114985,-2.093850138323763,0.3514319575851658,2.788983364100626,5.005013610256021
TS4,2021-07-31 16:15:00,0.6248749910583821,-4.042284701750977,-1.831423703583079,0.6248749910583821,3.0706265289063177,5.283081505507939
TS4,2021-07-31 16:20:00,0.6936897091399471,-3.97236108141056,-1.7639995689636447,0.6936897091399471,3.149679609629208,5.354728341592463
TS4,2021-07-31 16:25:00,0.9478534322346027,-3.7294208806783167,-1.5098650137690601,0.9478534322346027,3.413508138306538,5.622631371350484
TS4,2021-07-31 16:30:00,0.4820598788422024,-4.204348220389787,-1.9883673284962284,0.4820598788422024,2.959650143306828,5.18172393085757
TS4,2021-07-31 16:35:00,0.37713443174138106,-4.332246007377412,-2.0947395128999475,0.37713443174138106,2.843123857558282,5.082958978254795
TS4,2021-07-31 16:40:00,0.23084022771691015,-4.489471610016984,-2.2565921804398785,0.23084022771691015,2.711354297465746,4.93225787262305
TS4,2021-07-31 16:45:00,0.3210589189700348,-4.408304813032946,-2.1756245057824533,0.3210589189700348,2.8055960758172303,5.030488611383145
TS4,2021-07-31 16:50:00,0.5184647994954243,-4.211074255844421,-1.9662267174437278,0.5184647994954243,3.0063618951639075,5.250038712453073
TS4,2021-07-31 16:55:00,0.46069100775224,-4.289166114644901,-2.036645170187887,0.46069100775224,2.958831120214789,5.199012312836475
TS4,2021-07-31 17:00:00,0.39538854692979797,-4.373673755291667,-2.1189348983945977,0.39538854692979797,2.8986791674793713,5.150702904405591
TS4,2021-07-31 17:05:00,0.2898811277022098,-4.461781328437674,-2.2155605715297515,0.2898811277022098,2.798450312088794,5.062331759068788
TS4,2021-07-31 17:10:00,0.188509493848634,-4.587434418840712,-2.332174148899293,0.188509493848634,2.7049309484836814,4.9786089794062365
TS4,2021-07-31 17:15:00,0.3609664512875079,-4.4192925776938585,-2.1610514541858468,0.3609664512875079,2.882242745716771,5.148033795109352
TS4,2021-07-31 17:20:00,0.4430462815979764,-4.346981379973218,-2.075992978762856,0.4430462815979764,2.9603010758415476,5.227845072133881
TS4,2021-07-31 17:25:00,0.2436246591415314,-4.566097019930691,-2.2900538332252487,0.2436246591415314,2.776197785525337,5.051588145536659
TS4,2021-07-31 17:30:00,0.3158464805306448,-4.508521250555644,-2.228032884800155,0.3158464805306448,2.854597940498385,5.150607969609413
TS4,2021-07-31 17:35:00,0.30486476379507793,-4.535666942894608,-2.2427889760569073,0.30486476379507793,2.845107955827581,5.129758287229971
TS4,2021-07-31 17:40:00,0.4358868409448041,-4.394279893614053,-2.1081093452135122,0.4358868409448041,2.986851036287763,5.282259660323823
TS4,2021-07-31 17:45:00,0.3510486463050244,-4.508544124596525,-2.204604894436564,0.3510486463050244,2.9014144380046183,5.193238461675936
TS4,2021-07-31 17:50:00,0.3289743966325363,-4.532069576610939,-2.226024542720801,0.3289743966325363,2.8949800424362326,5.217812566108267
TS4,2021-07-31 17:55:00,0.3343988948336207,-4.551128187409585,-2.238233870239735,0.3343988948336207,2.9010174823088275,5.212371648347956
TS4,2021-07-31 18:00:00,0.3297893575921883,-4.550088738379276,-2.2462163736096215,0.3297893575921883,2.8998833162843427,5.216111942083296
TS4,2021-07-31 18:05:00,0.28788578814268034,-4.609129786277198,-2.2915873933563184,0.28788578814268034,2.868544601178255,5.197881770757113
TS4,2021-07-31 18:10:00,0.17829430171791308,-4.7313599839472325,-2.400519410022855,0.17829430171791308,2.767480273707486,5.0958478131465865
TS4,2021-07-31 18:15:00,0.19414306070792858,-4.735759425774092,-2.3927650834133183,0.19414306070792858,2.7768784195542215,5.11202161799759
TS4,2021-07-31 18:20:00,0.3755237697918191,-4.5551307561235435,-2.2195360267463897,0.3755237697918191,2.9756863027341707,5.309350128584652
TS4,2021-07-31 18:25:00,0.7012317240872091,-4.230559437921799,-1.901261402425348,0.7012317240872091,3.3076222144807974,5.654385849881825
TS4,2021-07-31 18:30:00,0.6437286099402755,-4.301465157900471,-1.959741865803199,0.6437286099402755,3.244687494964527,5.591759295965578
TS4,2021-07-31 18:35:00,0.3998773645389057,-4.552931104368048,-2.2038742062484955,0.3998773645389057,3.022057552539453,5.379803225112593
TS4,2021-07-31 18:40:00,0.2589323082925857,-4.71267637847693,-2.3571267529192523,0.2589323082925857,2.8722797355435383,5.222036641329153
TS4,2021-07-31 18:45:00,0.4190049778928503,-4.572070490795847,-2.2067689214452013,0.4190049778928503,3.039462515266435,5.410660053852834
TS4,2021-07-31 18:50:00,0.2896442313701871,-4.708066878213282,-2.3411261834648864,0.2896442313701871,2.91289310089277,5.284818614955731
TS4,2021-07-31 18:55:00,0.4128537004797558,-4.587849780999174,-2.2198150956526024,0.4128537004797558,3.052110859397821,5.41995603457703
TS4,2021-07-31 19:00:00,0.382530476084823,-4.619948584486826,-2.2516697639169028,0.382530476084823,3.0163994291621177,5.405550564311556
TS4,2021-07-31 19:05:00,0.371431690973902,-4.653995029573677,-2.2758487145789665,0.371431690973902,3.0193510845304434,5.386275932081895
TS4,2021-07-31 19:10:00,0.5701611794108914,-4.459520329732017,-2.080417790899423,0.5701611794108914,3.2157134817701047,5.606971282274385
TS4,2021-07-31 19:15:00,0.4524222376821332,-4.595877009668406,-2.2043490094759206,0.4524222376821332,3.1123894068989357,5.525452755696382
TS4,2021-07-31 19:20:00,0.3326273330967075,-4.728364327845623,-2.3327779625811806,0.3326273330967075,2.983254221237161,5.389674016648199
TS4,2021-07-31 19:25:00,0.21678166418652087,-4.8536889243168355,-2.448754241558734,0.21678166418652087,2.8779161669125486,5.282803363009221
TS4,2021-07-31 19:30:00,0.5376625340149109,-4.5358644095545,-2.135463862459412,0.5376625340149109,3.2122833539418636,5.632749481255623
TS4,2021-07-31 19:35:00,0.47284501923327305,-4.613246727278068,-2.206743089457541,0.47284501923327305,3.1547231211412803,5.573750904157089
TS4,2021-07-31 19:40:00,0.41357052755554646,-4.683957896945619,-2.2664688327186213,0.41357052755554646,3.1041344824698713,5.523844492744549
TS4,2021-07-31 19:45:00,0.2774689967148858,-4.8244901825024655,-2.411415966285167,0.2774689967148858,2.9755268553015726,5.397065226084061
TS4,2021-07-31 19:50:00,0.2129613976355907,-4.889317350354438,-2.487604471901339,0.2129613976355907,2.916081445410435,5.349787710407911
TS4,2021-07-31 19:55:00,0.44133364717506135,-4.7081745150127645,-2.2720373663414883,0.44133364717506135,3.140248859838031,5.568735282122008
TS4,2021-07-31 20:00:00,0.43375893029362417,-4.70322060440841,-2.2607194871419303,0.43375893029362417,3.148423489760147,5.589673849228973
TS4,2021-07-31 20:05:00,0.5357698931224175,-4.613258079755285,-2.17041312811665,0.5357698931224175,3.2377033696145805,5.690160162679053
TS4,2021-07-31 20:10:00,0.6248506510484416,-4.5301413746762735,-2.0862474660485786,0.6248506510484416,3.3453494281604756,5.789146840315295
TS4,2021-07-31 20:15:00,0.530141249722654,-4.628776402055036,-2.190539157747882,0.530141249722654,3.259380278082693,5.715960697565526
TS4,2021-07-31 20:20:00,0.3641268128637537,-4.804926102033143,-2.357403938478592,0.3641268128637537,3.095937682137236,5.549241037781924
TS4,2021-07-31 20:25:00,0.32389749808453305,-4.862308998759041,-2.406905445539125,0.32389749808453305,3.059042648697617,5.528485742208367
TS4,2021-07-31 20:30:00,0.4700522713179054,-4.720075940303316,-2.2593036907519757,0.4700522713179054,3.2154986523068096,5.67504309127423
TS4,2021-07-31 20:35:00,0.5683820933963478,-4.651426386198664,-2.188489993667818,0.5683820933963478,3.316762848906193,5.785727638692672
TS4,2021-07-31 20:40:00,0.6843308801520074,-4.545305488952401,-2.0665050039491106,0.6843308801520074,3.43129802137351,5.914928930271937
TS4,2021-07-31 20:45:00,0.7907787369749467,-4.435180635372182,-1.9550627013523842,0.7907787369749467,3.561477643217916,6.042727110377874
TS4,2021-07-31 20:50:00,0.5950908227843568,-4.634525202725802,-2.1608287946616325,0.5950908227843568,3.3678117062973456,5.850375457005943
TS4,2021-07-31 20:55:00,0.4784580441295672,-4.778628485581304,-2.286740195018726,0.4784580441295672,3.239343852399142,5.745866747444485
TS4,2021-07-31 21:00:00,0.5999587538955687,-4.664978797725984,-2.166980328880064,0.5999587538955687,3.363359902442604,5.855080066119911
TS4,2021-07-31 21:05:00,0.5020946647725358,-4.771931458826139,-2.2737742729637165,0.5020946647725358,3.284210395491648,5.776040424505854
TS4,2021-07-31 21:10:00,0.9778152267968248,-4.29340070377944,-1.8054004409451307,0.9778152267968248,3.7526565331501263,6.272797850810045
TS4,2021-07-31 21:15:00,0.6546357675507208,-4.6372474759864035,-2.124047875619849,0.6546357675507208,3.4402997128253214,5.9608566329145685
TS4,2021-07-31 21:20:00,0.6634519184030061,-4.648144822836076,-2.1259122103607844,0.6634519184030061,3.4608624508735875,5.972670906413061
TS4,2021-07-31 21:25:00,0.5950607762305705,-4.709362888787688,-2.1970453424875847,0.5950607762305705,3.384076446540484,5.9018400995387275
TS4,2021-07-31 21:30:00,0.5049155639933993,-4.808785034529249,-2.2937110973924155,0.5049155639933993,3.2943832621987643,5.842450423060193
TS4,2021-07-31 21:35:00,0.4864267231864467,-4.850166438364958,-2.318008154053602,0.4864267231864467,3.289413970210656,5.827774549693221
TS4,2021-07-31 21:40:00,0.6315624566254492,-4.7232042953263065,-2.192820124953211,0.6315624566254492,3.4383192890929335,5.969659409961738
TS4,2021-07-31 21:45:00,0.5382422273278615,-4.806231834383157,-2.2689482648228787,0.5382422273278615,3.358185182779146,5.898697004388377
TS4,2021-07-31 21:50:00,0.41138767844491375,-4.934376998092181,-2.407794527108975,0.41138767844491375,3.2311843899332304,5.774198573877059
TS4,2021-07-31 21:55:00,0.6673328656910925,-4.702757403502854,-2.158510831899815,0.6673328656910925,3.4920256622229293,6.0448011537927915
TS4,2021-07-31 22:00:00,0.7961288338398992,-4.5957687881220215,-2.044229536746831,0.7961288338398992,3.62743466569849,6.163726118245924
TS4,2021-07-31 22:05:00,0.9066622862153861,-4.472936548477059,-1.9298328158230016,0.9066622862153861,3.7534178165445433,6.304615287754507
TS4,2021-07-31 22:10:00,0.7521717049651407,-4.647777064321197,-2.0906136094498873,0.7521717049651407,3.5991956744302858,6.155201771695052
TS4,2021-07-31 22:15:00,0.6496138028718978,-4.747916469998577,-2.187914632896789,0.6496138028718978,3.500390516356475,6.072037904502084
TS4,2021-07-31 22:20:00,0.5075324018933405,-4.910817001153359,-2.351013085725373,0.5075324018933405,3.3650912882972426,5.9282231415982425
TS4,2021-07-31 22:25:00,0.42572040202697814,-5.00552802646932,-2.4264230828923163,0.42572040202697814,3.2876651346981287,5.871280811580821
TS4,2021-07-31 22:30:00,0.6829729612163086,-4.760242126891611,-2.18142560319721,0.6829729612163086,3.5467498420035373,6.136952925655419
TS4,2021-07-31 22:35:00,0.8028217489893132,-4.637805733824566,-2.049838292664108,0.8028217489893132,3.6778234513491284,6.259502278179064
TS4,2021-07-31 22:40:00,0.9030291492383885,-4.549902758309017,-1.9694170929303831,0.9030291492383885,3.777073568593138,6.370558849009068
TS4,2021-07-31 22:45:00,0.6347036533360365,-4.817883037129084,-2.241354663559559,0.6347036533360365,3.518160058525972,6.11552292774334
TS4,2021-07-31 22:50:00,0.6984314179054328,-4.790060678419312,-2.1935336838471873,0.6984314179054328,3.578788967508843,6.177142616653053
TS4,2021-07-31 22:55:00,0.5506456019776403,-4.928479315322356,-2.32788777771341,0.5506456019776403,3.4394159838978076,6.0497569810089615
TS4,2021-07-31 23:00:00,0.5442758279557556,-4.938529490032196,-2.343539017706819,0.5442758279557556,3.4463640391963493,6.045938561556629
TS4,2021-07-31 23:05:00,0.5821173663214124,-4.921639689507173,-2.3285345295463036,0.5821173663214124,3.4696051318906402,6.066103063635593
TS4,2021-07-31 23:10:00,0.6173376246228215,-4.895427102630444,-2.2814657563423473,0.6173376246228215,3.5446840082221533,6.149313255491925
TS4,2021-07-31 23:15:00,0.4443044472685071,-5.090675183474506,-2.470997800627017,0.4443044472685071,3.351715005187017,5.958158390011624
TS4,2021-07-31 23:20:00,0.37635722566448093,-5.129747654606396,-2.5244347027490623,0.37635722566448093,3.286456212538765,5.924969836269995
TS4,2021-07-31 23:25:00,0.6296529974969327,-4.919072268337093,-2.3006163247553113,0.6296529974969327,3.545036946784444,6.175419752209657
TS4,2021-07-31 23:30:00,0.6192556106178446,-4.926293964671652,-2.311348161189302,0.6192556106178446,3.544189916440785,6.1756697227844795
TS4,2021-07-31 23:35:00,0.4297728360387039,-5.1354285441886525,-2.5033289309337814,0.4297728360387039,3.3534722054848736,5.986968321958431
TS4,2021-07-31 23:40:00,0.44663968469511045,-5.135896297989113,-2.490134475980961,0.44663968469511045,3.3834137631454975,6.017068577391614
TS4,2021-07-31 23:45:00,0.578419759186959,-5.011454308196198,-2.3679712756729745,0.578419759186959,3.517093127909243,6.153469769801124
TS4,2021-07-31 23:50:00,0.4499873117243692,-5.135279544484388,-2.497039712196618,0.4499873117243692,3.3954908696500277,6.047682168682001
TS4,2021-07-31 23:55:00,0.2763483398706154,-5.408165147732567,-2.7112512380344542,0.2763483398706154,3.2688400695335798,5.96424824525912
TS5,2021-07-31 00:00:00,0.4238992617434903,-0.0505540350108771,0.17070970957890014,0.4238992617434903,0.6768286464558542,0.9045901518269541
TS5,2021-07-31 00:05:00,0.3410920943162898,-0.2494674373650228,0.03511256052925779,0.3410920943162898,0.6510920807822435,0.9321695136646033
TS5,2021-07-31 00:10:00,0.2577879188756222,-0.4342290357408354,-0.1017764158887085,0.2577879188756222,0.6175756247392297,0.9418187634023066
TS5,2021-07-31 00:15:00,0.16690694280289473,-0.5857153067674781,-0.2307297475287262,0.16690694280289473,0.5657465480432234,0.9249219032198583
TS5,2021-07-31 00:20:00,0.11131452938743554,-0.7068898085795132,-0.31748393235797256,0.11131452938743554,0.5474456457353999,0.9403069380790553
TS5,2021-07-31 00:25:00,0.1836868904719429,-0.702970914611861,-0.2843713699516357,0.1836868904719429,0.6525181204459185,1.0730674097328439
TS5,2021-07-31 00:30:00,0.23567405076343895,-0.7167740212484991,-0.26389985099950286,0.23567405076343895,0.7294754670949624,1.1723766273181297
TS5,2021-07-31 00:35:00,0.16793491728794205,-0.8224374098636018,-0.35021363839842107,0.16793491728794205,0.6957368060551254,1.1716350374803937
TS5,2021-07-31 00:40:00,0.10869960653154913,-0.9393592600805339,-0.44439795530239073,0.10869960653154913,0.6630916663494905,1.151680546059778
TS5,2021-07-31 00:45:00,0.05387881860118621,-1.0325948407254384,-0.5248029879485783,0.05387881860118621,0.6239965942422742,1.145030416768286
TS5,2021-07-31 00:50:00,0.0034643285649354426,-1.1384670750098458,-0.5981713397733898,0.0034643285649354426,0.5993129108473212,1.1362873539132181
TS5,2021-07-31 00:55:00,-0.015718770697885315,-1.186924599764415,-0.6318744628469192,-0.015718770697885315,0.6064064551703606,1.1695848526486388
TS5,2021-07-31 01:00:00,-0.08129271513185721,-1.302028022885841,-0.7234735947482706,-0.08129271513185721,0.5607326739195434,1.1316920851869596
TS5,2021-07-31 01:05:00,-0.10658109473190615,-1.3647958251135055,-0.7657694656266691,-0.10658109473190615,0.5587875963223553,1.1487540640222715
TS5,2021-07-31 01:10:00,-0.25178330160241474,-1.5468045292633505,-0.9348087010874475,-0.25178330160241474,0.4240570852418948,1.044073544686598
TS5,2021-07-31 01:15:00,-0.2573363306643294,-1.5855906866145595,-0.9598254729317413,-0.2573363306643294,0.44776568030851027,1.0792060703877557
TS5,2021-07-31 01:20:00,-0.24025529841673046,-1.6043402402376183,-0.9618056603031212,-0.24025529841673046,0.4875992417219379,1.1338734543404994
TS5,2021-07-31 01:25:00,-0.20448129530060463,-1.6061826376589614,-0.94280435692726,-0.20448129530060463,0.5387364563082467,1.204116946177669
TS5,2021-07-31 01:30:00,-0.39912036399928535,-1.8500728053873763,-1.1620269469766067,-0.39912036399928535,0.3614076679803365,1.0434702925801984
TS5,2021-07-31 01:35:00,-0.4478045552316421,-1.9122285082347064,-1.2209138679228284,-0.4478045552316421,0.3285092266807284,1.0169914198027235
TS5,2021-07-31 01:40:00,-0.39405498468529354,-1.9089638073533763,-1.1925847513466479,-0.39405498468529354,0.3954236608330871,1.1089983509061563
TS5,2021-07-31 01:45:00,-0.44187932999714113,-1.9710656987972393,-1.2459086654431863,-0.44187932999714113,0.36756257828664163,1.0932490445119503
TS5,2021-07-31 01:50:00,-0.47418534554230485,-2.043736429264766,-1.2955303087559742,-0.47418534554230485,0.34612486990707597,1.0833162105522807
TS5,2021-07-31 01:55:00,-0.5520249538557334,-2.143928649542035,-1.3936691939880959,-0.5520249538557334,0.285122488177824,1.0496046741586662
TS5,2021-07-31 02:00:00,-0.5029590700739495,-2.1417536210947983,-1.364628319782396,-0.5029590700739495,0.3476857659368061,1.1137449154349202
TS5,2021-07-31 02:05:00,-0.46598975650651064,-2.1265804729732776,-1.3423746253772066,-0.46598975650651064,0.40857719152425526,1.1941296064293727
TS5,2021-07-31 02:10:00,-0.5069183395769673,-2.1849098599809076,-1.3926343160144175,-0.5069183395769673,0.3708223404177157,1.1608761137098562
TS5,2021-07-31 02:15:00,-0.6504101777951254,-2.3615308979527123,-1.5458925703198712,-0.6504101777951254,0.2599518478747806,1.0628730744220047
TS5,2021-07-31 02:20:00,-0.7199504855724332,-2.4527190289553955,-1.637692697735194,-0.7199504855724332,0.1922108539339762,1.0093789529662403
TS5,2021-07-31 02:25:00,-0.6343434742191756,-2.392154555121828,-1.5618879418199694,-0.6343434742191756,0.29103468518829617,1.121928544378808
TS5,2021-07-31 02:30:00,-0.4727184592447472,-2.2646923319358465,-1.4062092396118344,-0.4727184592447472,0.45977544528758774,1.325396410769997
TS5,2021-07-31 02:35:00,-0.39673406140228895,-2.2144416370944224,-1.3609646263234916,-0.39673406140228895,0.5595023242528687,1.418189788080227
TS5,2021-07-31 02:40:00,-0.5952367003939939,-2.4445020047932084,-1.569349772618746,-0.5952367003939939,0.3742869649899852,1.2483715064874947
TS5,2021-07-31 02:45:00,-0.6888660146420154,-2.552116241767237,-1.6732155908781239,-0.6888660146420154,0.2969141312370909,1.1905662927175968
TS5,2021-07-31 02:50:00,-0.7144108001594085,-2.606289724892249,-1.7150085629827794,-0.7144108001594085,0.27740107500895683,1.1687373245365085
TS5,2021-07-31 02:55:00,-0.7803528275425962,-2.69222439774267,-1.791960797264506,-0.7803528275425962,0.22373615340339395,1.1287875423588467
TS5,2021-07-31 03:00:00,-0.9303244758254661,-2.880258851720788,-1.955578564873633,-0.9303244758254661,0.08427543018539106,1.011649757353988
TS5,2021-07-31 03:05:00,-1.0207869756395969,-2.993416203260128,-2.05672197746062,-1.0207869756395969,0.012158369227499901,0.9402944656244798
TS5,2021-07-31 03:10:00,-0.9626435511719678,-2.9585529026538033,-2.0029158468381203,-0.9626435511719678,0.08852645200245593,1.0148113795996834
TS5,2021-07-31 03:15:00,-0.829796354798825,-2.852179090098256,-1.8887023468468402,-0.829796354798825,0.22605719218795486,1.1809204577382064
TS5,2021-07-31 03:20:00,-1.101947233577647,-3.135040861372868,-2.172625962305914,-1.101947233577647,-0.03572944141868571,0.9278664106511066
TS5,2021-07-31 03:25:00,-1.1664889645380603,-3.231355396815459,-2.2484711924480747,-1.1664889645380603,-0.09163385933472364,0.8735201514923863
TS5,2021-07-31 03:30:00,-1.1510278476735736,-3.2329112865392524,-2.2485520974234015,-1.1510278476735736,-0.05566654635404856,0.9340731734351396
TS5,2021-07-31 03:35:00,-1.1133332966019451,-3.2180527849944216,-2.2248492019311037,-1.1133332966019451,-0.01647134256149252,0.9768459851226431
TS5,2021-07-31 03:40:00,-1.1475885985402015,-3.2840686563688384,-2.2727944411642094,-1.1475885985402015,-0.0376564906638385,0.9632253684782806
TS5,2021-07-31 03:45:00,-1.1525742891307857,-3.3070164606500905,-2.286511733393044,-1.1525742891307857,-0.0147712732432656,0.9858290595480244
TS5,2021-07-31 03:50:00,-1.1822563480116333,-3.354800984831323,-2.3210867207600674,-1.1822563480116333,-0.045701005560168095,0.974955129809453
TS5,2021-07-31 03:55:00,-1.19016771430176,-3.3800116697157225,-2.346272483180645,-1.19016771430176,-0.04251846033071138,0.9983984956240245
TS5,2021-07-31 04:00:00,-1.27724089049857,-3.4929464858753208,-2.449753250861227,-1.27724089049857,-0.12227131676284383,0.9113641559041776
TS5,2021-07-31 04:05:00,-1.31002124126186,-3.551808550122451,-2.490642464929235,-1.31002124126186,-0.14049470480930185,0.9168161917441473
TS5,2021-07-31 04:10:00,-1.3214036839946182,-3.575200026487536,-2.510167974538338,-1.3214036839946182,-0.1348644937268804,0.9160507862543036
TS5,2021-07-31 04:15:00,-1.317761770330867,-3.5832990630179467,-2.5089287135489315,-1.317761770330867,-0.13533201310519266,0.9359288883646497
TS5,2021-07-31 04:20:00,-1.3329112567083152,-3.627916373629192,-2.5407736020547973,-1.3329112567083152,-0.1262612511652304,0.9575790875790894
TS5,2021-07-31 04:25:00,-1.3354603812313801,-3.640127383379792,-2.542748360073121,-1.3354603812313801,-0.12342406443140645,0.9680785187064013
TS5,2021-07-31 04:30:00,-1.3047068834588174,-3.6337169761080266,-2.535463108719734,-1.3047068834588174,-0.08057297839605153,1.0125552388391381
TS5,2021-07-31 04:35:00,-1.2900535342825517,-3.6314186602619727,-2.5232838852951325,-1.2900535342825517,-0.051128172745773054,1.0599745672494396
TS5,2021-07-31 04:40:00,-1.33766147241909,-3.7005680444823192,-2.5874549285774098,-1.33766147241909,-0.09844163392593519,1.0297476936842396
TS5,2021-07-31 04:45:00,-1.3273655405846598,-3.7089339619270154,-2.5892244998037333,-1.3273655405846598,-0.07219624332228206,1.0492421748971448
TS5,2021-07-31 04:50:00,-1.3085512379229374,-3.721027025235914,-2.585340092939996,-1.3085512379229374,-0.0477348894749717,1.0858547280093318
TS5,2021-07-31 04:55:00,-1.335658240930035,-3.7637527285037304,-2.6104692468983037,-1.335658240930035,-0.07712099345934904,1.0760673088640385
TS5,2021-07-31 05:00:00,-1.3481199568804632,-3.7837017811963265,-2.6312471219095785,-1.3481199568804632,-0.06244120605641652,1.0833270306065477
TS5,2021-07-31 05:05:00,-1.373421155485843,-3.836745769072863,-2.668033540793468,-1.373421155485843,-0.08558925022408868,1.0778618410868543
TS5,2021-07-31 05:10:00,-1.4463517609735066,-3.9237120932567398,-2.7476973003640643,-1.4463517609735066,-0.1500224278417001,1.0097408228561955
TS5,2021-07-31 05:15:00,-1.4610198314535885,-3.9598232383861287,-2.774021041537746,-1.4610198314535885,-0.15776233555838592,1.026831756863394
TS5,2021-07-31 05:20:00,-1.470052278307241,-3.984270679861808,-2.7892398803062757,-1.470052278307241,-0.14625145058962727,1.0448875577600962
TS5,2021-07-31 05:25:00,-1.4742956793208546,-4.005893539565001,-2.814432694610059,-1.4742956793208546,-0.1417076224538401,1.0605172408126604
TS5,2021-07-31 05:30:00,-1.4746906328245293,-4.034976381672109,-2.8164694875379603,-1.4746906328245293,-0.13611115005796146,1.0627192736069084
TS5,2021-07-31 05:35:00,-1.4881196494881241,-4.060401076980058,-2.8462525860067083,-1.4881196494881241,-0.14573733442623682,1.0679038588301673
TS5,2021-07-31 05:40:00,-1.4883226022440539,-4.066338324476108,-2.8462803763754256,-1.4883226022440539,-0.13566513272947206,1.0949453474265025
TS5,2021-07-31 05:45:00,-1.47874625384091,-4.073079422644103,-2.8460064874523634,-1.47874625384091,-0.11224186098482711,1.1182333554452837
TS5,2021-07-31 05:50:00,-1.4804304326475148,-4.10955646715246,-2.861666652778625,-1.4804304326475148,-0.10119395193926001,1.132228690127871
TS5,2021-07-31 05:55:00,-1.4852677702796888,-4.108987252447634,-2.8584188053177564,-1.4852677702796888,-0.09130235020092421,1.1565462848517416
TS5,2021-07-31 06:00:00,-1.4998887769013394,-4.154231035812486,-2.8891110146325873,-1.4998887769013394,-0.10406853623075314,1.1371912889159899
TS5,2021-07-31 06:05:00,-1.4906637849758326,-4.1643076612806595,-2.8912466376365042,-1.4906637849758326,-0.08346609860401938,1.1784896123997266
TS5,2021-07-31 06:10:00,-1.4990223627555737,-4.193247854651863,-2.906177124906631,-1.4990223627555737,-0.07748685402735772,1.1941764924195755
TS5,2021-07-31 06:15:00,-1.4655681540013386,-4.175072516699281,-2.8945338652415846,-1.4655681540013386,-0.04705033412283457,1.2358249819942926
TS5,2021-07-31 06:20:00,-1.4576854872343932,-4.169364334119292,-2.8890571993443626,-1.4576854872343932,-0.027466483712300562,1.2672542728329597
TS5,2021-07-31 06:25:00,-1.485167571244598,-4.215336699042287,-2.9180077881264195,-1.485167571244598,-0.03894662650865646,1.2612029248505305
TS5,2021-07-31 06:30:00,-1.4986188290111242,-4.25085640001696,-2.945988401814936,-1.4986188290111242,-0.05474727614963056,1.2403577391898513
TS5,2021-07-31 06:35:00,-1.4977779106601599,-4.284880851738643,-2.9627535284976116,-1.4977779106601599,-0.04915131690594886,1.2669062444613555
TS5,2021-07-31 06:40:00,-1.4738696515598126,-4.2537607796324055,-2.939910209533623,-1.4738696515598126,-0.014914881907784637,1.2903331798988569
TS5,2021-07-31 06:45:00,-1.4927239051104855,-4.295872374972612,-2.9628863808029644,-1.4927239051104855,-0.021426813353269326,1.3011261687847318
TS5,2021-07-31 06:50:00,-1.491691415074846,-4.302635802040706,-2.9656522359346007,-1.491691415074846,-0.006609433920454634,1.3350290726816587
TS5,2021-07-31 06:55:00,-1.4838077402373349,-4.328341678537338,-2.9819343101342795,-1.4838077402373349,0.0002055995001258512,1.3357289362856875
TS5,2021-07-31 07:00:00,-1.491935925915946,-4.331073724139804,-2.993676808843579,-1.491935925915946,0.003786507627642025,1.3452794903064955
TS5,2021-07-31 07:05:00,-1.452986122403329,-4.321322756216225,-2.965536247677562,-1.452986122403329,0.0565843659604545,1.4133276324582296
TS5,2021-07-31 07:10:00,-1.4883924679622957,-4.376867113086282,-3.004336439659418,-1.4883924679622957,0.03188331869034326,1.4045356397394195
TS5,2021-07-31 07:15:00,-1.4591763278360987,-4.359505857787438,-2.979849173476321,-1.4591763278360987,0.0634884899518242,1.443080700134126
TS5,2021-07-31 07:20:00,-1.5063821276732439,-4.411779767848034,-3.035864985307055,-1.5063821276732439,0.021015950508439234,1.398816025091151
TS5,2021-07-31 07:25:00,-1.4969286649840676,-4.427328197708559,-3.038608185969804,-1.4969286649840676,0.04424721542465066,1.4380480866521572
TS5,2021-07-31 07:30:00,-1.4981584455802093,-4.439126630333908,-3.041936287597223,-1.4981584455802093,0.04219301984125058,1.434933094234664
TS5,2021-07-31 07:35:00,-1.4915067023098212,-4.443443905049548,-3.047734158786035,-1.4915067023098212,0.06687712813256352,1.4701091115533227
TS5,2021-07-31 07:40:00,-1.5174292436519556,-4.496210636808112,-3.0864635114926298,-1.5174292436519556,0.042590067984430185,1.440020843253501
TS5,2021-07-31 07:45:00,-1.5100374671504486,-4.481722141197111,-3.0822126814113213,-1.5100374671504486,0.06365201747350782,1.4682171264249455
TS5,2021-07-31 07:50:00,-1.502724600198612,-4.5022869886036965,-3.081329797347077,-1.502724600198612,0.08163402361657184,1.499429502146277
TS5,2021-07-31 07:55:00,-1.510097209671307,-4.518231884379797,-3.0860164771880667,-1.510097209671307,0.07888327966908795,1.5092330945132477
TS5,2021-07-31 08:00:00,-1.4930673576100808,-4.519838909304122,-3.0849655445856863,-1.4930673576100808,0.10459935539683475,1.5348400529414479
TS5,2021-07-31 08:05:00,-1.4989516594616368,-4.538492629864188,-3.1026562635177166,-1.4989516594616368,0.10189329757895213,1.5536450166778333
TS5,2021-07-31 08:10:00,-1.4877754589647934,-4.54472289937846,-3.097593949123405,-1.4877754589647934,0.108178231757502,1.558415630161767
TS5,2021-07-31 08:15:00,-1.4959450302116042,-4.564967308859267,-3.1060958432340913,-1.4959450302116042,0.12682692199829412,1.5731232749991295
TS5,2021-07-31 08:20:00,-1.476757731329963,-4.5735124143074035,-3.107056509115931,-1.476757731329963,0.15980681885039152,1.6062302139163713
TS5,2021-07-31 08:25:00,-1.4641349829233556,-4.568845984993951,-3.0953975407848398,-1.4641349829233556,0.16574492455701653,1.6352038295335287
TS5,2021-07-31 08:30:00,-1.4092578047066504,-4.523864802134617,-3.0491104579095945,-1.4092578047066504,0.22662225637227354,1.7151985193031567
TS5,2021-07-31 08:35:00,-1.3947429293754516,-4.5431771642936845,-3.0579898537260393,-1.3947429293754516,0.24179996376406984,1.7263441690833439
TS5,2021-07-31 08:40:00,-1.4102203791284276,-4.573635978365504,-3.0786453450101607,-1.4102203791284276,0.23507680110509685,1.7390189433156857
TS5,2021-07-31 08:45:00,-1.4646357670751073,-4.618529482541037,-3.1265467912682823,-1.4646357670751073,0.20711524717089952,1.6904254020188103
TS5,2021-07-31 08:50:00,-1.4595287692835466,-4.6479366674115585,-3.1425151605239554,-1.4595287692835466,0.2106710719807895,1.697755637620429
TS5,2021-07-31 08:55:00,-1.423973736786125,-4.604264499834482,-3.1037242362952386,-1.423973736786125,0.25665959943252825,1.7562299520628775
TS5,2021-07-31 09:00:00,-1.2793975670516287,-4.477517927703696,-2.961717763573729,-1.2793975670516287,0.41938692750045176,1.9207991910596298
TS5,2021-07-31 09:05:00,-0.9044801618797922,-4.1097489309084425,-2.59260634087632,-0.9044801618797922,0.7871883498808672,2.3088275375822005
TS5,2021-07-31 09:10:00,-1.0375003642164167,-4.254202193793574,-2.724977140713459,-1.0375003642164167,0.6734762960817295,2.1997932609488555
TS5,2021-07-31 09:15:00,-1.317248886035277,-4.553737629502541,-3.022104623643262,-1.317248886035277,0.3969524419228482,1.9243253863342484
TS5,2021-07-31 09:20:00,-1.3060564440683027,-4.563490888996988,-3.0204573724142687,-1.3060564440683027,0.4060936082243932,1.9430240127701894
TS5,2021-07-31 09:25:00,-1.2646533842181238,-4.529363815540808,-2.980095760552102,-1.2646533842181238,0.4472702692542082,1.9998513346712397
TS5,2021-07-31 09:30:00,-1.2790461759667606,-4.5711314608922375,-3.008561939273194,-1.2790461759667606,0.4445587667090139,2.0035531873718644
TS5,2021-07-31 09:35:00,-1.260536876069759,-4.540723429010746,-2.9896807604056694,-1.260536876069759,0.4916215249816954,2.0362910839990676
TS5,2021-07-31 09:40:00,-1.1574374582367406,-4.46444878872005,-2.9019559218070508,-1.1574374582367406,0.5910014390846414,2.1497386000952647
TS5,2021-07-31 09:45:00,-1.1182618770943924,-4.451455970219363,-2.8606125602159755,-1.1182618770943924,0.6347818103595835,2.202221502839373
TS5,2021-07-31 09:50:00,-1.1139791596173434,-4.448109607177196,-2.8676628776785815,-1.1139791596173434,0.6400888410788138,2.2162193015186493
TS5,2021-07-31 09:55:00,-0.9688967927303433,-4.287534630596872,-2.7233329597337548,-0.9688967927303433,0.8088736505183693,2.3835447436644284
TS5,2021-07-31 10:00:00,-0.7703360276831177,-4.127317331458625,-2.541408496226682,-0.7703360276831177,0.9947153563047861,2.5759842613574087
TS5,2021-07-31 10:05:00,-0.9964050108122561,-4.371555907617963,-2.7763562240440964,-0.9964050108122561,0.7917992791280448,2.3913346082971403
TS5,2021-07-31 10:10:00,-1.0781757846073512,-4.47008625452056,-2.8667243078077633,-1.0781757846073512,0.7119632073904003,2.3150604356568105
TS5,2021-07-31 10:15:00,-1.0402525587290177,-4.441635981219642,-2.829601968480047,-1.0402525587290177,0.7530755027122076,2.359002577227561
TS5,2021-07-31 10:20:00,-0.8771835659539089,-4.277699211404306,-2.6644619000790613,-0.8771835659539089,0.9261715426535109,2.5357569457591773
TS5,2021-07-31 10:25:00,-0.8906352550171317,-4.315687450496403,-2.6937039089701,-0.8906352550171317,0.9162120835059656,2.550461272495321
TS5,2021-07-31 10:30:00,-0.9214539803392567,-4.356449549998597,-2.726351079801414,-0.9214539803392567,0.8799067137893472,2.5117915877574366
TS5,2021-07-31 10:35:00,-0.8962497567119289,-4.344730355701863,-2.708794647815595,-0.8962497567119289,0.9220254545638747,2.5565547031013955
TS5,2021-07-31 10:40:00,-0.9124756261865791,-4.385685380853241,-2.7410663119107475,-0.9124756261865791,0.9186602180846809,2.553856437280102
TS5,2021-07-31 10:45:00,-0.9212496473765547,-4.39235772758949,-2.746191473836031,-0.9212496473765547,0.9123984442681741,2.5637456782329133
TS5,2021-07-31 10:50:00,-0.779257617332895,-4.263361307663246,-2.610908492394682,-0.779257617332895,1.056348012265303,2.7063600189101966
TS5,2021-07-31 10:55:00,-0.6950836348257408,-4.205701846727285,-2.5350379841633686,-0.6950836348257408,1.1398535624782307,2.8048575608635242
TS5,2021-07-31 11:00:00,-0.6008039064211589,-4.0949401133496615,-2.449881466431748,-0.6008039064211589,1.2465498721818324,2.9287887795339547
TS5,2021-07-31 11:05:00,-0.6600999305149471,-4.193018265171145,-2.5006181640684813,-0.6600999305149471,1.197913547420963,2.8611953343895564
TS5,2021-07-31 11:10:00,-0.6630327940360149,-4.200938179214656,-2.514679908081144,-0.6630327940360149,1.2016295773159598,2.8842041320316776
TS5,2021-07-31 11:15:00,-0.3051118066028722,-3.853226018032192,-2.1670527161980466,-0.3051118066028722,1.5700884765077878,3.251753007824377
TS5,2021-07-31 11:20:00,-0.30812087524618215,-3.868477822960046,-2.1802773286766093,-0.30812087524618215,1.5600071099373258,3.25331357622355
TS5,2021-07-31 11:25:00,-0.44078194496243006,-4.019007530611084,-2.3141563900064184,-0.44078194496243006,1.4469312778075136,3.1299669268277692
TS5,2021-07-31 11:30:00,-0.3568041853999184,-3.9440557339904756,-2.2438981064777908,-0.3568041853999184,1.5247427141510657,3.2284984494383244
TS5,2021-07-31 11:35:00,-0.29825372018093027,-3.896386272340948,-2.1838431214381604,-0.29825372018093027,1.584086626144567,3.2957346077777476
TS5,2021-07-31 11:40:00,-0.2522217896517154,-3.858703061513471,-2.147850503653593,-0.2522217896517154,1.6547631725450755,3.364707732348656
TS5,2021-07-31 11:45:00,0.028255271821532976,-3.6202905791381004,-1.8819782976413337,0.028255271821532976,1.935633020456226,3.6675948766004596
TS5,2021-07-31 11:50:00,-0.16152962564891585,-3.7862311234299457,-2.0586353843942975,-0.16152962564891585,1.7536316812473214,3.4894499758226636
TS5,2021-07-31 11:55:00,-0.1591738313143502,-3.8117785813107337,-2.0882568128229275,-0.1591738313143502,1.7509168245665667,3.4897780162857046
TS5,2021-07-31 12:00:00,0.24927590586815318,-3.4048781344086176,-1.6692353714517298,0.24927590586815318,2.1764750190480013,3.9045157405478164
TS5,2021-07-31 12:05:00,0.056756432438377045,-3.602899187202471,-1.865848404980562,0.056756432438377045,1.9972771600166932,3.7358042195957264
TS5,2021-07-31 12:10:00,-0.2168884323618079,-3.8806506740720215,-2.14037177492946,-0.2168884323618079,1.7379617985048899,3.4799439295279155
TS5,2021-07-31 12:15:00,-0.04358338567017076,-3.731760517225262,-1.984146196619908,-0.04358338567017076,1.8975998909603438,3.6544963472418868
TS5,2021-07-31 12:20:00,0.06705341970594174,-3.627831677589133,-1.8824425546386425,0.06705341970594174,2.0173605278086573,3.7867866271310513
TS5,2021-07-31 12:25:00,-0.0030680261433684566,-3.7174459297637017,-1.9586438524007763,-0.0030680261433684566,1.956598531516517,3.718818767215301
TS5,2021-07-31 12:30:00,-0.12192008956164242,-3.8660168389283136,-2.0925955832908776,-0.12192008956164242,1.8391774770665037,3.6174931033345024
TS5,2021-07-31 12:35:00,-0.08496031854271228,-3.833471602220368,-2.0503263570310977,-0.08496031854271228,1.888597171196462,3.675237679720949
TS5,2021-07-31 12:40:00,-0.06627224395066489,-3.8321782376149707,-2.050865906891649,-0.06627224395066489,1.9103263815610152,3.696009318229924
TS5,2021-07-31 12:45:00,-0.09551399871813213,-3.8496550600323967,-2.076165849161585,-0.09551399871813213,1.896621211493051,3.685426157703981
TS5,2021-07-31 12:50:00,-0.037736905512191325,-3.806124310781161,-2.0137842410368068,-0.037736905512191325,1.9541675915400811,3.7567501000316574
TS5,2021-07-31 12:55:00,0.06091185210774465,-3.728908589800044,-1.9260060480613468,0.06091185210774465,2.0615648239991193,3.8632976261639818
TS5,2021-07-31 13:00:00,0.2877086120083394,-3.514004701506152,-1.7097272976230324,0.2877086120083394,2.290322773538144,4.08631856215251
TS5,2021-07-31 13:05:00,0.23685372324765325,-3.5790483185635664,-1.7701402773887436,0.23685372324765325,2.250733022647463,4.047109262805352
TS5,2021-07-31 13:10:00,0.13814148670355259,-3.693768247582404,-1.8676628312580463,0.13814148670355259,2.146084722369814,3.9707711540397335
TS5,2021-07-31 13:15:00,0.24941755698807805,-3.5921668941776423,-1.7688510112226696,0.24941755698807805,2.2689458901918726,4.087980474635846
TS5,2021-07-31 13:20:00,0.3547909710091784,-3.4899101886394264,-1.666397931604549,0.3547909710091784,2.378706862242975,4.200887880990811
TS5,2021-07-31 13:25:00,0.37186210161781275,-3.487590779928959,-1.655295899844199,0.37186210161781275,2.3947730380297685,4.222777632946605
TS5,2021-07-31 13:30:00,0.3602370862594099,-3.516561170501659,-1.6766510705686133,0.3602370862594099,2.3987903929140346,4.224281078510657
TS5,2021-07-31 13:35:00,0.39619135405270844,-3.4913606035091167,-1.6470863226586976,0.39619135405270844,2.439549693801702,4.275459389143339
TS5,2021-07-31 13:40:00,0.46857476170191703,-3.4091155204645207,-1.5755483442216147,0.46857476170191703,2.5220704962223404,4.370286584073517
TS5,2021-07-31 13:45:00,0.5252905137118432,-3.3614937356419046,-1.524893574904357,0.5252905137118432,2.574125849754731,4.4223761421889565
TS5,2021-07-31 13:50:00,0.5576423405454151,-3.3530768392880606,-1.4937050824289437,0.5576423405454151,2.617949897095305,4.471490082582263
TS5,2021-07-31 13:55:00,0.5183666161349214,-3.4106807049798324,-1.5472833085599798,0.5183666161349214,2.594334281499992,4.467066259651159
TS5,2021-07-31 14:00:00,0.6532389945423964,-3.2926139776217225,-1.4324977836746493,0.6532389945423964,2.7320345274965607,4.602267902394303
TS5,2021-07-31 14:05:00,0.7064391802044602,-3.2503342845750627,-1.3809071107834177,0.7064391802044602,2.7808971904501987,4.645069516784233
TS5,2021-07-31 14:10:00,0.9146445736288138,-3.0490889050604917,-1.177131105377771,0.9146445736288138,3.0009463746251885,4.880107109526721
TS5,2021-07-31 14:15:00,0.698971239567255,-3.27357571748235,-1.4042632465547613,0.698971239567255,2.789069649049338,4.662165736364627
TS5,2021-07-31 14:20:00,0.5661576832931378,-3.417776996229868,-1.5370061149439196,0.5661576832931378,2.6592034408363836,4.550046647058981
TS5,2021-07-31 14:25:00,0.40664802192494676,-3.5953072194861466,-1.6934294831985048,0.40664802192494676,2.509389227743896,4.401665693453544
TS5,2021-07-31 14:30:00,0.335713784109025,-3.6587207481785025,-1.7665854121572147,0.335713784109025,2.4516161261929406,4.345941244368358
TS5,2021-07-31 14:35:00,0.42014716446804024,-3.600675754725079,-1.6937686432055736,0.42014716446804024,2.543079325105389,4.444888912970095
TS5,2021-07-31 14:40:00,0.6455849552336652,-3.3895678990860483,-1.4604785161336467,0.6455849552336652,2.75903299397662,4.672891596304539
TS5,2021-07-31 14:45:00,0.5336833907405285,-3.5138945800553665,-1.5974211872497752,0.5336833907405285,2.665451346883335,4.573796214138819
TS5,2021-07-31 14:50:00,0.5844748065009989,-3.4670407380690498,-1.5558146708221319,0.5844748065009989,2.71188512690141,4.642746802689287
TS5,2021-07-31 14:55:00,0.7137420493320278,-3.3464853995507093,-1.435156614705489,0.7137420493320278,2.856959767387129,4.767720252823931
TS5,2021-07-31 15:00:00,0.5735461579894433,-3.50205218675727,-1.5771867730153402,0.5735461579894433,2.7017026800622186,4.658175043903359
TS5,2021-07-31 15:05:00,0.4049018319239457,-3.6821062969651974,-1.7388516071272164,0.4049018319239457,2.5494905941652224,4.4862850245254275
TS5,2021-07-31 15:10:00,0.3757766580923465,-3.7080682488546777,-1.774272864808022,0.3757766580923465,2.5290762089882266,4.4727848926356435
TS5,2021-07-31 15:15:00,0.5155074924762437,-3.5930092517983665,-1.6377232863166666,0.5155074924762437,2.6791474196117924,4.611142192521691
TS5,2021-07-31 15:20:00,0.5318646444392683,-3.588699986017984,-1.6332543264166295,0.5318646444392683,2.6852965455229283,4.653574943098657
TS5,2021-07-31 15:25:00,0.45576045118716846,-3.6544556199931924,-1.7074340463590754,0.45576045118716846,2.62709703800266,4.573356097602828
TS5,2021-07-31 15:30:00,0.5747756844082152,-3.555218694933731,-1.5943523028712083,0.5747756844082152,2.7429620949597373,4.705913358969307
TS5,2021-07-31 15:35:00,0.5939416374447126,-3.5378191300805653,-1.5895904545776456,0.5939416374447126,2.7788209251383367,4.730673893095344
TS5,2021-07-31 15:40:00,0.601754398774279,-3.5209117093257034,-1.5683809788865313,0.601754398774279,2.802902458028467,4.769315165388078
TS5,2021-07-31 15:45:00,0.507847725061819,-3.6548497776255355,-1.673757789379699,0.507847725061819,2.697811420744384,4.668642560163549
TS5,2021-07-31 15:50:00,0.4761032459321801,-3.6923244710572343,-1.7218037374540678,0.4761032459321801,2.671376923401125,4.651983441100606
TS5,2021-07-31 15:55:00,0.46909151842628916,-3.7274455210265467,-1.7320613357912285,0.46909151842628916,2.673734997301403,4.6665799304508635
TS5,2021-07-31 16:00:00,0.4273017482850675,-3.7676360415880836,-1.7807442229998809,0.4273017482850675,2.6301132138132246,4.62200903450144
TS5,2021-07-31 16:05:00,0.37764074106002776,-3.816776984781386,-1.8166247641126685,0.37764074106002776,2.5989651449172144,4.602744898234684
TS5,2021-07-31 16:10:00,0.47069719396830567,-3.750451796128015,-1.7406131891494485,0.47069719396830567,2.696540608503723,4.705289719559144
TS5,2021-07-31 16:15:00,0.5525977688595411,-3.678848438645542,-1.68059438353349,0.5525977688595411,2.76395943931544,4.776025067203275
TS5,2021-07-31 16:20:00,0.49622768406926593,-3.7315326418355346,-1.7262915005714654,0.49622768406926593,2.725326780562455,4.73298539458545
TS5,2021-07-31 16:25:00,0.36845831978513377,-3.886067630563767,-1.852651196332688,0.36845831978513377,2.607656591740361,4.611063280856183
TS5,2021-07-31 16:30:00,0.33890937831926676,-3.9164863203163374,-1.8981857889208305,0.33890937831926676,2.589921658484331,4.612243794831444
TS5,2021-07-31 16:35:00,0.33838594161525554,-3.9381120293694893,-1.8989564237346166,0.33838594161525554,2.5767810578455874,4.608906546255962
TS5,2021-07-31 16:40:00,0.3819710758747851,-3.8872029257411307,-1.869687452806065,0.3819710758747851,2.6428099909380482,4.6608023627903465
TS5,2021-07-31 16:45:00,0.4656320829030012,-3.8257714217553414,-1.7982773648814443,0.4656320829030012,2.7216948578365274,4.755846529475821
TS5,2021-07-31 16:50:00,0.42360785699351333,-3.8695107234940376,-1.8263469935926013,0.42360785699351333,2.6731727158251193,4.726095692455062
TS5,2021-07-31 16:55:00,0.4340968295131187,-3.8745745262151483,-1.8248052458318214,0.4340968295131187,2.704176625651817,4.741774239728958
TS5,2021-07-31 17:00:00,0.4227463311554349,-3.9036336547899664,-1.8567120664172623,0.4227463311554349,2.6980164008239247,4.741348501833572
TS5,2021-07-31 17:05:00,0.31392730448934925,-3.9967597638099384,-1.951013953003347,0.31392730448934925,2.601901412511819,4.641360941755698
TS5,2021-07-31 17:10:00,0.3355934689028695,-3.9964450777004212,-1.9469331240188044,0.3355934689028695,2.617416503678308,4.691440025446618
TS5,2021-07-31 17:15:00,0.37173038944708675,-3.960743859081842,-1.904444091206135,0.37173038944708675,2.6577805942148762,4.721896758654469
TS5,2021-07-31 17:20:00,0.3958123895867475,-3.950904531829871,-1.8910372257920824,0.3958123895867475,2.6799777097881172,4.741321752785111
TS5,2021-07-31 17:25:00,0.33910911830706686,-4.027483571923691,-1.9561151446113054,0.33910911830706686,2.6360340611653528,4.713901258731941
TS5,2021-07-31 17:30:00,0.2957762908394583,-4.0795817888930666,-2.0205440369285874,0.2957762908394583,2.585254577419528,4.678081652995439
TS5,2021-07-31 17:35:00,0.2779575805869264,-4.106080613008927,-2.0263678714909767,0.2779575805869264,2.5873910710098444,4.671154402715466
TS5,2021-07-31 17:40:00,0.2747342952112149,-4.108469429594881,-2.031062282539334,0.2747342952112149,2.580575252569505,4.687497140804506
TS5,2021-07-31 17:45:00,0.3277275435878448,-4.078747821606803,-1.9850114575990958,0.3277275435878448,2.654481700877253,4.729421775486951
TS5,2021-07-31 17:50:00,0.35489718894966227,-4.043452303882931,-1.9628316689969012,0.35489718894966227,2.69415873181988,4.798988370843799
TS5,2021-07-31 17:55:00,0.2964489798377415,-4.131502555821301,-2.034964362500647,0.2964489798377415,2.6263660330263052,4.735229441973871
TS5,2021-07-31 18:00:00,0.26423126233932326,-4.170129010029608,-2.074872780490234,0.26423126233932326,2.5995935424446133,4.70523306253909
TS5,2021-07-31 18:05:00,0.2098498974703335,-4.236986370448077,-2.1237588692780416,0.2098498974703335,2.5499703854850306,4.6688987388653285
TS5,2021-07-31 18:10:00,0.12825051497646092,-4.330397634971308,-2.210709925249952,0.12825051497646092,2.4871451124939647,4.5938360515403955
TS5,2021-07-31 18:15:00,0.14073483676502732,-4.330838227699712,-2.21060234790467,0.14073483676502732,2.489178994381903,4.616992184876959
TS5,2021-07-31 18:20:00,0.18610575865395865,-4.295394772678574,-2.1773905350337306,0.18610575865395865,2.5383622077092114,4.675452937559296
TS5,2021-07-31 18:25:00,0.2960762248741563,-4.18366148703234,-2.055334711506205,0.2960762248741563,2.677075204226117,4.795968192337424
TS5,2021-07-31 18:30:00,0.3855870355126215,-4.102053089394916,-1.9734053542271899,0.3855870355126215,2.7437421853780184,4.891402639723083
TS5,2021-07-31 18:35:00,0.3929330688688958,-4.107170100098065,-1.9705881859027723,0.3929330688688958,2.77261952987183,4.912575000319109
TS5,2021-07-31 18:40:00,0.4988714852754902,-3.99360654290938,-1.869898243121161,0.4988714852754902,2.878888193626872,5.012393873471817
TS5,2021-07-31 18:45:00,0.6115422529454935,-3.9055291259604057,-1.7661030562538753,0.6115422529454935,2.999928379456161,5.147722373393336
TS5,2021-07-31 18:50:00,0.5642078381512323,-3.980435813210645,-1.8271173871016166,0.5642078381512323,2.9490821302578922,5.094681621583903
TS5,2021-07-31 18:55:00,0.5499063238122609,-3.9781787975888787,-1.8334995019125415,0.5499063238122609,2.953768884447132,5.118885324494871
TS5,2021-07-31 19:00:00,0.5853768473510786,-3.9617235045664527,-1.8084158978107452,0.5853768473510786,2.9746560674118268,5.140086508327201
TS5,2021-07-31 19:05:00,0.5760349917124056,-3.981636014371695,-1.8290175447747772,0.5760349917124056,2.98187293214064,5.136096621750911
TS5,2021-07-31 19:10:00,0.6520123192113737,-3.904831671052149,-1.7532383855406255,0.6520123192113737,3.054875131194329,5.231780163935095
TS5,2021-07-31 19:15:00,0.6224167968398202,-3.9657108505280547,-1.7907625711813095,0.6224167968398202,3.0363550081105353,5.238291549036313
TS5,2021-07-31 19:20:00,0.5144531162110667,-4.080013916099513,-1.8922736129992241,0.5144531162110667,2.9251118963331346,5.108624672355047
TS5,2021-07-31 19:25:00,0.44301734103209517,-4.162484218222602,-1.9841419433009915,0.44301734103209517,2.864934603678122,5.044876587984146
TS5,2021-07-31 19:30:00,0.490587301297569,-4.112334652934442,-1.9316111079377054,0.490587301297569,2.9266427994261366,5.121977540940819
TS5,2021-07-31 19:35:00,0.4590531033368588,-4.160873565796502,-1.9774843600842942,0.4590531033368588,2.896683596733903,5.095329352384726
TS5,2021-07-31 19:40:00,0.36420331716914844,-4.257273216542592,-2.066940469499451,0.36420331716914844,2.8091118227667167,5.019063898814261
TS5,2021-07-31 19:45:00,0.34841428444582584,-4.284209342883094,-2.089559393914689,0.34841428444582584,2.8033292617277645,5.014987787893602
TS5,2021-07-31 19:50:00,0.4599637788555803,-4.175300787290858,-1.9920056249235694,0.4599637788555803,2.912678986111546,5.135860293036465
TS5,2021-07-31 19:55:00,0.4929022336024138,-4.182760576501394,-1.9819153384850503,0.4929022336024138,2.9500763382003834,5.157222509032003
TS5,2021-07-31 20:00:00,0.42875326911419154,-4.2333342714387365,-2.0163986170630044,0.42875326911419154,2.8983161126048334,5.126963390850312
TS5,2021-07-31 20:05:00,0.41764495415461544,-4.259777462910905,-2.0362979615939154,0.41764495415461544,2.8754541072332955,5.101196258028967
TS5,2021-07-31 20:10:00,0.31241767787212965,-4.358375797852544,-2.1378416783080367,0.31241767787212965,2.809940940715019,5.034268899059244
TS5,2021-07-31 20:15:00,0.3511598522717235,-4.352213408907068,-2.1350138778696115,0.3511598522717235,2.824304288571432,5.058142962047478
TS5,2021-07-31 20:20:00,0.2889291028108233,-4.409188798280572,-2.196205897335322,0.2889291028108233,2.7645675505585627,5.016401248444627
TS5,2021-07-31 20:25:00,0.28362450278207924,-4.43144489328699,-2.1880951966830136,0.28362450278207924,2.766464837590058,5.035864085525886
TS5,2021-07-31 20:30:00,0.40636569800910616,-4.314815649350017,-2.072544496113675,0.40636569800910616,2.911142338856745,5.143005755016085
TS5,2021-07-31 20:35:00,0.39818661412807416,-4.348044400775234,-2.1075063169384425,0.39818661412807416,2.8955434291621622,5.174449397991071
TS5,2021-07-31 20:40:00,0.46890567847407594,-4.279480626325287,-2.02191119796611,0.46890567847407594,2.974326716935117,5.232787265182325
TS5,2021-07-31 20:45:00,0.402840144854896,-4.328711186931328,-2.0874279032384266,0.402840144854896,2.9375798762206147,5.190880997116209
TS5,2021-07-31 20:50:00,0.225646285356532,-4.525268976459418,-2.2693728683879675,0.225646285356532,2.7477846691760863,5.010977868846506
TS5,2021-07-31 20:55:00,0.4749782006390688,-4.30364723937973,-2.028262152506287,0.4749782006390688,2.988888016436516,5.27350166546967
TS5,2021-07-31 21:00:00,0.6407512193316116,-4.152762626914111,-1.8797137367967678,0.6407512193316116,3.148242958817174,5.42330854867951
TS5,2021-07-31 21:05:00,0.3374582379127996,-4.4434916335539345,-2.1776460056451916,0.3374582379127996,2.869225860450577,5.15679756062476
TS5,2021-07-31 21:10:00,0.3547843387072396,-4.442695585898548,-2.179498203549667,0.3547843387072396,2.877558009690324,5.1797694606082505
TS5,2021-07-31 21:15:00,0.462219013262817,-4.3250772204170325,-2.056101432787574,0.462219013262817,3.00172066067352,5.313169927654345
TS5,2021-07-31 21:20:00,0.6186606039672846,-4.200843188977018,-1.9230635356463472,0.6186606039672846,3.17160857826214,5.456012548762
TS5,2021-07-31 21:25:00,0.657742177916431,-4.158806825987659,-1.8728658610297257,0.657742177916431,3.1964529196698193,5.486620316129669
TS5,2021-07-31 21:30:00,0.7512832368227,-4.078139520433927,-1.7945155757032416,0.7512832368227,3.285878199458496,5.607771415091837
TS5,2021-07-31 21:35:00,0.5833563346912876,-4.2623230938376295,-1.969839912131814,0.5833563346912876,3.13527252939827,5.453721696436713
TS5,2021-07-31 21:40:00,0.5081021739744793,-4.339455596393659,-2.0566979045853007,0.5081021739744793,3.074969466569386,5.375264569814721
TS5,2021-07-31 21:45:00,0.37059788966848206,-4.484029219980816,-2.191202069610497,0.37059788966848206,2.928307585764603,5.244414885043239
TS5,2021-07-31 21:50:00,0.35632923416307594,-4.502462223258777,-2.207404505248963,0.35632923416307594,2.923338439827637,5.232816643908475
TS5,2021-07-31 21:55:00,0.5076325396896874,-4.363493618742059,-2.0634379401708953,0.5076325396896874,3.0842116018263037,5.413877937227669
TS5,2021-07-31 22:00:00,0.5229908302634442,-4.38946533327015,-2.0622964028916484,0.5229908302634442,3.092699603874183,5.412152241607126
TS5,2021-07-31 22:05:00,0.4365288390715206,-4.453789475644077,-2.142646305723287,0.4365288390715206,3.028495518370587,5.357625663237363
TS5,2021-07-31 22:10:00,0.4911658318656438,-4.417292579823772,-2.0862446997805995,0.4911658318656438,3.096149640226993,5.420142200047473
TS5,2021-07-31 22:15:00,0.46909234411895495,-4.43731064624094,-2.1130165045478035,0.46909234411895495,3.0624284084147395,5.413981676162111
TS5,2021-07-31 22:20:00,0.48291691243692725,-4.436429897598319,-2.1187647857120604,0.48291691243692725,3.0815663169215117,5.421887442687201
TS5,2021-07-31 22:25:00,0.4150482383705371,-4.51421370856704,-2.1901472358703202,0.4150482383705371,3.0271657134734236,5.358520446227892
TS5,2021-07-31 22:30:00,0.4614701034982113,-4.471499890106163,-2.136817796054296,0.4614701034982113,3.073000559438838,5.435437434535815
TS5,2021-07-31 22:35:00,0.4031312866599602,-4.546336420064441,-2.196563204262614,0.4031312866599602,3.0231626540151137,5.3774583919159875
TS5,2021-07-31 22:40:00,0.31582109748348103,-4.634680094392705,-2.2663563002794427,0.31582109748348103,2.950202801113519,5.314781313674088
TS5,2021-07-31 22:45:00,0.4804449513405856,-4.477707838764591,-2.1300396552479115,0.4804449513405856,3.1132712114541943,5.47403709713512
TS5,2021-07-31 22:50:00,0.5745287358986382,-4.415433222366167,-2.058059939286021,0.5745287358986382,3.202945116828534,5.571722826035275
TS5,2021-07-31 22:55:00,0.45033218784011125,-4.524738693216543,-2.170934657140585,0.45033218784011125,3.0771749539828726,5.454368204838789
TS5,2021-07-31 23:00:00,0.304316932073856,-4.6932831228391825,-2.3362662572377944,0.304316932073856,2.9411877329791896,5.318604946060432
TS5,2021-07-31 23:05:00,0.3685753501376594,-4.616000691966706,-2.2646738273395255,0.3685753501376594,3.012677710453467,5.3786744004507
TS5,2021-07-31 23:10:00,0.41077975063151123,-4.595171071016426,-2.232586074821079,0.41077975063151123,3.08543517080331,5.453428455196002
TS5,2021-07-31 23:15:00,0.3311804693652456,-4.700000446746742,-2.330186482791744,0.3311804693652456,2.9793303321162554,5.352136344105002
TS5,2021-07-31 23:20:00,0.3268641185093054,-4.676390810625213,-2.317195708401023,0.3268641185093054,2.981503033067681,5.384833323486513
TS5,2021-07-31 23:25:00,0.3455134009427623,-4.700020978188033,-2.3217439317270268,0.3455134009427623,3.0017081962813723,5.400024374872094
TS5,2021-07-31 23:30:00,0.35567245075399445,-4.700284015914677,-2.3117371014300097,0.35567245075399445,3.011711130061268,5.40992568525495
TS5,2021-07-31 23:35:00,0.30060881847456217,-4.752853307701446,-2.3770214552720317,0.30060881847456217,2.970004904440063,5.3549015179968125
TS5,2021-07-31 23:40:00,0.2582119380937116,-4.814661584899585,-2.428538255888342,0.2582119380937116,2.924295025803539,5.323924460823748
TS5,2021-07-31 23:45:00,0.2497295921076974,-4.832292790091899,-2.435256862735267,0.2497295921076974,2.932907044545473,5.333804394900464
TS5,2021-07-31 23:50:00,0.35167803559495575,-4.719534859363621,-2.3363432378406297,0.35167803559495575,3.036292609149045,5.473663555545995
TS5,2021-07-31 23:55:00,0.41557303917918814,-4.725070848312627,-2.2919238085551026,0.41557303917918814,3.1392214745606073,5.580479365295742
TS6,2021-07-31 00:00:00,0.3629869600043782,0.010578674511046823,0.17404873899141984,0.3629869600043782,0.5516663696605449,0.7216002800948019
TS6,2021-07-31 00:05:00,0.35980248151435656,-0.0628617920164948,0.13801669319449633,0.35980248151435656,0.5762903752558347,0.7820983268867352
TS6,2021-07-31 00:10:00,0.3072575431263053,-0.18077653473886357,0.05112056767170862,0.3072575431263053,0.5563945131920677,0.7836177937914234
TS6,2021-07-31 00:15:00,0.2624202560295897,-0.251054757194775,-0.009062804942233573,0.2624202560295897,0.5352741293973821,0.7751804423828408
TS6,2021-07-31 00:20:00,0.2392687614799609,-0.3118537919033932,-0.05065806999959719,0.2392687614799609,0.5360130781541274,0.8010058339538526
TS6,2021-07-31 00:25:00,0.24283960180440337,-0.35414205351920586,-0.07101244886322072,0.24283960180440337,0.5613787447726665,0.8437280057065035
TS6,2021-07-31 00:30:00,0.3421273215803297,-0.29802094141471136,0.004883313001170231,0.3421273215803297,0.6725746293019992,0.9751083687505253
TS6,2021-07-31 00:35:00,0.31062829770276446,-0.3526739953725598,-0.03496204709028239,0.31062829770276446,0.6570604004741127,0.9877594430840181
TS6,2021-07-31 00:40:00,0.2812378448807806,-0.4164357563892501,-0.09076348308230867,0.2812378448807806,0.6490643428109308,0.9667898901921052
TS6,2021-07-31 00:45:00,0.20420791261278415,-0.5220574637813113,-0.1792606645663481,0.20420791261278415,0.581644663743186,0.9145550799532138
TS6,2021-07-31 00:50:00,0.19002271889317648,-0.5760585148769579,-0.21887755963857194,0.19002271889317648,0.5761930580589634,0.9287495402541144
TS6,2021-07-31 00:55:00,0.1713894959799705,-0.6014746373080583,-0.2370468812767465,0.1713894959799705,0.5748492581065042,0.9548660847451966
TS6,2021-07-31 01:00:00,0.08690886447922794,-0.714063062757139,-0.33581032535482974,0.08690886447922794,0.5132600816549444,0.8860956797855981
TS6,2021-07-31 01:05:00,0.06664761177043917,-0.7616608715615713,-0.37705067182828295,0.06664761177043917,0.4906449010355723,0.8776171460914169
TS6,2021-07-31 01:10:00,-0.08800004537433553,-0.9225651173836041,-0.5282803122003862,-0.08800004537433553,0.3653622029268098,0.7593350641136443
TS6,2021-07-31 01:15:00,-0.1601893481745495,-1.0187531181034013,-0.6217958790988046,-0.1601893481745495,0.302340589396618,0.7118369867856985
TS6,2021-07-31 01:20:00,-0.08305980525694445,-0.9644872064443342,-0.5470137446450142,-0.08305980525694445,0.39551582135380137,0.8141813947199638
TS6,2021-07-31 01:25:00,-0.041266364805655514,-0.9645718741274444,-0.5225330129365524,-0.041266364805655514,0.4424800659898736,0.8670902518509368
TS6,2021-07-31 01:30:00,-0.20980503677893234,-1.1506557577786292,-0.7039274935891657,-0.20980503677893234,0.2879157158118506,0.7255984997557468
TS6,2021-07-31 01:35:00,-0.24253478435729625,-1.18037526293592,-0.7333935379258343,-0.24253478435729625,0.2688109143405444,0.7207704056403987
TS6,2021-07-31 01:40:00,-0.1842356676569946,-1.1689134509059305,-0.702842106703289,-0.1842356676569946,0.3235218484874567,0.7986240630472902
TS6,2021-07-31 01:45:00,-0.2110227528199039,-1.1864944119722212,-0.7379436465364595,-0.2110227528199039,0.3212118834883257,0.7847471836587901
TS6,2021-07-31 01:50:00,-0.2857831732171906,-1.2826666757246648,-0.8123885199675646,-0.2857831732171906,0.2510649301239692,0.7216000942153096
TS6,2021-07-31 01:55:00,-0.37486503590817466,-1.3976800415863724,-0.9201408484978794,-0.37486503590817466,0.1656382557544685,0.6619979285347084
TS6,2021-07-31 02:00:00,-0.3660580950251028,-1.4011648841680537,-0.9198970009690395,-0.3660580950251028,0.1935908038297015,0.6829178511563877
TS6,2021-07-31 02:05:00,-0.38100003153663997,-1.4608712901595802,-0.9484669258533285,-0.38100003153663997,0.18948622941781856,0.6826310960930432
TS6,2021-07-31 02:10:00,-0.4270183019655178,-1.505880227634715,-0.9957979895945411,-0.4270183019655178,0.13947614932784294,0.6495578326857561
TS6,2021-07-31 02:15:00,-0.5606430854100367,-1.6664491519885525,-1.1422983523441996,-0.5606430854100367,0.03838359905230173,0.5336292583484269
TS6,2021-07-31 02:20:00,-0.6323462955445216,-1.7414626648106013,-1.2120438697901021,-0.6323462955445216,-0.04076813176206704,0.4830503076390242
TS6,2021-07-31 02:25:00,-0.5509652696468826,-1.687180734463314,-1.1475662496281893,-0.5509652696468826,0.037543610331744595,0.5718584905096845
TS6,2021-07-31 02:30:00,-0.5323331473862295,-1.6738010564446937,-1.1422233864775382,-0.5323331473862295,0.07787366346353303,0.6194842900021529
TS6,2021-07-31 02:35:00,-0.565938965107707,-1.738164547911364,-1.194056405613554,-0.565938965107707,0.053047636992484964,0.5924770565410212
TS6,2021-07-31 02:40:00,-0.6368349046098143,-1.8235568473809356,-1.2567829833498447,-0.6368349046098143,0.012035301802205002,0.5563999694737305
TS6,2021-07-31 02:45:00,-0.6883426435803968,-1.8807076393200015,-1.3264150756564896,-0.6883426435803968,-0.05577576184286552,0.523421562503086
TS6,2021-07-31 02:50:00,-0.6591132945077929,-1.873576595911118,-1.3070095419629462,-0.6591132945077929,-0.01734365714357318,0.5531083657920293
TS6,2021-07-31 02:55:00,-0.6517736150712784,-1.8604381029636547,-1.2854965780785463,-0.6517736150712784,0.008198469406613382,0.5787037142250132
TS6,2021-07-31 03:00:00,-0.7863121339126722,-2.0216487877642786,-1.4352298158293912,-0.7863121339126722,-0.12057824886134734,0.4838914583288618
TS6,2021-07-31 03:05:00,-0.8859920514914277,-2.140718102695801,-1.5416080940790302,-0.8859920514914277,-0.20394822430580808,0.3845645696696214
TS6,2021-07-31 03:10:00,-0.9043379675446237,-2.1707276942714517,-1.5752416871470207,-0.9043379675446237,-0.21896623693353878,0.3685340858075457
TS6,2021-07-31 03:15:00,-0.9037323888087192,-2.1823454627858574,-1.5894368338296032,-0.9037323888087192,-0.2151103646482634,0.38876554623553583
TS6,2021-07-31 03:20:00,-0.9905381537129297,-2.289100715237755,-1.6769029023163797,-0.9905381537129297,-0.2979520791087605,0.30355557527885196
TS6,2021-07-31 03:25:00,-1.03144613040187,-2.335557802374829,-1.727133241665116,-1.03144613040187,-0.34382508663316586,0.2779259604112906
TS6,2021-07-31 03:30:00,-1.0518166165652685,-2.378885276712872,-1.76790646363121,-1.0518166165652685,-0.35211375599626404,0.26917331932441785
TS6,2021-07-31 03:35:00,-1.0206761370697075,-2.370145343912672,-1.7312101207422068,-1.0206761370697075,-0.3119281760574522,0.30689893732859924
TS6,2021-07-31 03:40:00,-0.9946625269502636,-2.361655818186509,-1.721539874777398,-0.9946625269502636,-0.2874262607349235,0.35250745906692893
TS6,2021-07-31 03:45:00,-0.9931415212942813,-2.378193956592153,-1.7223386455448502,-0.9931415212942813,-0.2733316711481413,0.3659848251476626
TS6,2021-07-31 03:50:00,-1.0387706267143797,-2.438035498548201,-1.7605330509112826,-1.0387706267143797,-0.29872119014149556,0.33655501074205146
TS6,2021-07-31 03:55:00,-1.1194278496502605,-2.5188994154890807,-1.8538274217203492,-1.1194278496502605,-0.38545985255101484,0.27520661571145544
TS6,2021-07-31 04:00:00,-1.1697943948208975,-2.606985457037477,-1.9422029854621092,-1.1697943948208975,-0.4444807747621649,0.20490603394245124
TS6,2021-07-31 04:05:00,-1.155509210656891,-2.6090149026979637,-1.9310355365483496,-1.155509210656891,-0.4187341684484053,0.25532590017265483
TS6,2021-07-31 04:10:00,-1.1861048451684253,-2.6428836807021305,-1.9529758243185904,-1.1861048451684253,-0.42498371353378017,0.22815702547584593
TS6,2021-07-31 04:15:00,-1.1835235597164084,-2.650702134640121,-1.9544320259411743,-1.1835235597164084,-0.436894510535351,0.22693202218962538
TS6,2021-07-31 04:20:00,-1.2320943583877442,-2.716910930752321,-2.0182457175746413,-1.2320943583877442,-0.47288013385453587,0.21238262708407285
TS6,2021-07-31 04:25:00,-1.2394485298007702,-2.7343004440253935,-2.0288521440007665,-1.2394485298007702,-0.4667838382613833,0.20263386706388964
TS6,2021-07-31 04:30:00,-1.20196958775606,-2.7040774432323866,-1.988972287051888,-1.20196958775606,-0.44090219021938903,0.24177391657263786
TS6,2021-07-31 04:35:00,-1.1999082600842546,-2.696623125491207,-1.9952756807921395,-1.1999082600842546,-0.40822913206643985,0.2622570440720574
TS6,2021-07-31 04:40:00,-1.2371018566143077,-2.751033847695547,-2.042706987831816,-1.2371018566143077,-0.4623610797544615,0.26129598243024166
TS6,2021-07-31 04:45:00,-1.2581483023539124,-2.782900490945393,-2.0581665958446003,-1.2581483023539124,-0.4573500196091808,0.25123894948938524
TS6,2021-07-31 04:50:00,-1.305258433395581,-2.8387081174226085,-2.120542888676578,-1.305258433395581,-0.514102289843441,0.18790440293376268
TS6,2021-07-31 04:55:00,-1.3444144445775046,-2.9149073116496726,-2.163187791973281,-1.3444144445775046,-0.5679691911456612,0.1601732769658587
TS6,2021-07-31 05:00:00,-1.3689676164178497,-2.931783404568746,-2.1936386758515876,-1.3689676164178497,-0.566808658967561,0.13611216574888987
TS6,2021-07-31 05:05:00,-1.410469237385467,-2.970508719013175,-2.228855831528442,-1.410469237385467,-0.5982546841013929,0.1345096827059345
TS6,2021-07-31 05:10:00,-1.4298635378739228,-3.007905625760992,-2.265778719812061,-1.4298635378739228,-0.6294279209185086,0.11849230630670768
TS6,2021-07-31 05:15:00,-1.4303515916364045,-3.0079854979161786,-2.272141047795163,-1.4303515916364045,-0.6207425137136124,0.11965673837130093
TS6,2021-07-31 05:20:00,-1.447229301965095,-3.032662567482028,-2.2815541938385993,-1.447229301965095,-0.6168375123431264,0.14637403253397344
TS6,2021-07-31 05:25:00,-1.4443542495741308,-3.046510958569097,-2.2967846827621514,-1.4443542495741308,-0.617822084809995,0.15620730814005312
TS6,2021-07-31 05:30:00,-1.4489784376926294,-3.0588538730834482,-2.276980781542071,-1.4489784376926294,-0.5949110200255783,0.16023666670747896
TS6,2021-07-31 05:35:00,-1.4436149558224527,-3.0768407390025865,-2.3024234285279035,-1.4436149558224527,-0.5946765613072651,0.1636447351675705
TS6,2021-07-31 05:40:00,-1.4805336245560634,-3.108202466244237,-2.3352990806569096,-1.4805336245560634,-0.6289109662585218,0.14157294643907783
TS6,2021-07-31 05:45:00,-1.468995365196041,-3.1134381806603604,-2.3458036103435638,-1.468995365196041,-0.6154637334678326,0.14071100770236053
TS6,2021-07-31 05:50:00,-1.4741849182456586,-3.137727118388644,-2.3443738305202735,-1.4741849182456586,-0.5979233454444468,0.1571177853330359
TS6,2021-07-31 05:55:00,-1.4714431586621497,-3.1331752421119794,-2.3263741255168817,-1.4714431586621497,-0.5889590585897331,0.18718807572798885
TS6,2021-07-31 06:00:00,-1.4797523042712912,-3.1677571370725763,-2.358481176373867,-1.4797523042712912,-0.6128256933029437,0.16366818874470573
TS6,2021-07-31 06:05:00,-1.4643918582676043,-3.1429747327523527,-2.355664148723301,-1.4643918582676043,-0.576316917509618,0.2094126836217784
TS6,2021-07-31 06:10:00,-1.4640411727742126,-3.1819464329491507,-2.3491565510545662,-1.4640411727742126,-0.5700292899538177,0.22679705605742606
TS6,2021-07-31 06:15:00,-1.4598883859846603,-3.1820458122228654,-2.3592799612996864,-1.4598883859846603,-0.5664392530006043,0.2402610095804371
TS6,2021-07-31 06:20:00,-1.4720676730146767,-3.1644423662894137,-2.3741531408492054,-1.4720676730146767,-0.5653255528100168,0.23691319457968385
TS6,2021-07-31 06:25:00,-1.4898531788535057,-3.2013662333525956,-2.3918883275335348,-1.4898531788535057,-0.5883976185579898,0.24360938317506087
TS6,2021-07-31 06:30:00,-1.4805449683687877,-3.2219412024447824,-2.4057907881027494,-1.4805449683687877,-0.5853445312235686,0.22899558003938775
TS6,2021-07-31 06:35:00,-1.4694649049065929,-3.214406483740495,-2.395774436323365,-1.4694649049065929,-0.5572149415158009,0.2803478783150206
TS6,2021-07-31 06:40:00,-1.4546857412114933,-3.2040877038190967,-2.3738497852447438,-1.4546857412114933,-0.5401565647688371,0.28207233829707057
TS6,2021-07-31 06:45:00,-1.4626710023418232,-3.2200372464572777,-2.3886445149781106,-1.4626710023418232,-0.5305008558265754,0.30128826406267706
TS6,2021-07-31 06:50:00,-1.4343204178920392,-3.199760832688982,-2.3664690076504775,-1.4343204178920392,-0.499126663097503,0.3300238547766141
TS6,2021-07-31 06:55:00,-1.3583921688889131,-3.160622567585759,-2.3117568877164634,-1.3583921688889131,-0.4244074213185376,0.39759158010602114
TS6,2021-07-31 07:00:00,-1.4312750006787645,-3.2230409170631567,-2.3771889012734153,-1.4312750006787645,-0.4999294020117266,0.34025843695199787
TS6,2021-07-31 07:05:00,-1.4546193090160935,-3.2647610156752602,-2.3992303672109876,-1.4546193090160935,-0.5109199760349283,0.33925829459525425
TS6,2021-07-31 07:10:00,-1.4931204655967467,-3.319320846201667,-2.4532306575333305,-1.4931204655967467,-0.5389579482735639,0.32183592620123014
TS6,2021-07-31 07:15:00,-1.4854099518551864,-3.325486512645985,-2.442660934972154,-1.4854099518551864,-0.531484474885351,0.3229212416269146
TS6,2021-07-31 07:20:00,-1.4815567062081803,-3.321213018345301,-2.462219011274221,-1.4815567062081803,-0.509306074410061,0.35300262824909656
TS6,2021-07-31 07:25:00,-1.4669672376474863,-3.3253222886862104,-2.4351494055555216,-1.4669672376474863,-0.5107430863382504,0.36850103497698866
TS6,2021-07-31 07:30:00,-1.4930246381164523,-3.3461791720130787,-2.45579420811326,-1.4930246381164523,-0.5300595515994084,0.3426829297956232
TS6,2021-07-31 07:35:00,-1.4942829660442964,-3.3556909503374563,-2.461585583146032,-1.4942829660442964,-0.5135589836470129,0.3582513250526931
TS6,2021-07-31 07:40:00,-1.4983748692187915,-3.3901092125699694,-2.4819513757112412,-1.4983748692187915,-0.5184265204339233,0.3474367802708501
TS6,2021-07-31 07:45:00,-1.4815248560628247,-3.3477764939149224,-2.468427627848854,-1.4815248560628247,-0.49182296039211143,0.3837039007352565
TS6,2021-07-31 07:50:00,-1.4775833388301074,-3.3591421166647772,-2.466985921059395,-1.4775833388301074,-0.4776450611341693,0.40423224597564067
TS6,2021-07-31 07:55:00,-1.4554169624880005,-3.335547775295324,-2.44508848697413,-1.4554169624880005,-0.4546460980341202,0.4261768473307145
TS6,2021-07-31 08:00:00,-1.446084752837975,-3.3457131267145197,-2.438769731603118,-1.446084752837975,-0.431888884341575,0.47078399452362957
TS6,2021-07-31 08:05:00,-1.4314583966486552,-3.336537814480471,-2.4460426506354835,-1.4314583966486552,-0.4471613797142845,0.47372885532122666
TS6,2021-07-31 08:10:00,-1.4063624148290887,-3.321167955473813,-2.4050156558197107,-1.4063624148290887,-0.39818660580793674,0.49119945052050706
TS6,2021-07-31 08:15:00,-1.3570152766712624,-3.2783022413560006,-2.3648213322087654,-1.3570152766712624,-0.34121521062785354,0.5570697939370015
TS6,2021-07-31 08:20:00,-1.3448036418891594,-3.2755053868126596,-2.357723673129435,-1.3448036418891594,-0.32176041235797825,0.5913056736779388
TS6,2021-07-31 08:25:00,-1.3299366775515051,-3.2722324887460563,-2.3403169419533065,-1.3299366775515051,-0.32481894422052754,0.6190204212753794
TS6,2021-07-31 08:30:00,-1.3243367768276224,-3.2806349106327466,-2.3395358725573088,-1.3243367768276224,-0.30103902386620274,0.6276233582914348
TS6,2021-07-31 08:35:00,-1.3590899188365302,-3.3285604696850593,-2.388671906901106,-1.3590899188365302,-0.33196448665552253,0.6051315557202597
TS6,2021-07-31 08:40:00,-1.3750846499065776,-3.38673561047383,-2.432338091853152,-1.3750846499065776,-0.35932174768888037,0.6044604340655338
TS6,2021-07-31 08:45:00,-1.331367487757104,-3.3102983459413187,-2.37806606635485,-1.331367487757104,-0.283267206835766,0.6689599664566915
TS6,2021-07-31 08:50:00,-1.3017042282851046,-3.3035355931614747,-2.3746579394994773,-1.3017042282851046,-0.2544798440284112,0.6704290043434554
TS6,2021-07-31 08:55:00,-1.2654341242867015,-3.2524958758691165,-2.324511747434983,-1.2654341242867015,-0.21052211805717957,0.723721417857033
TS6,2021-07-31 09:00:00,-1.268482434200634,-3.2427880254927053,-2.3352896706369446,-1.268482434200634,-0.19095282198649283,0.7366326606697154
TS6,2021-07-31 09:05:00,-1.2084381725555708,-3.1961036862366354,-2.270304348244476,-1.2084381725555708,-0.1338394714993309,0.7955148156213127
TS6,2021-07-31 09:10:00,-1.233830978922587,-3.2170975806615907,-2.294083825518232,-1.233830978922587,-0.15773706405337473,0.7902500065932082
TS6,2021-07-31 09:15:00,-1.2572828034114754,-3.2566305357355754,-2.3306679451655965,-1.2572828034114754,-0.1734593637709081,0.7658731288698173
TS6,2021-07-31 09:20:00,-1.2229288854164455,-3.2382931705565476,-2.2909380270156423,-1.2229288854164455,-0.1389839874613655,0.812278579788352
TS6,2021-07-31 09:25:00,-1.183220373979551,-3.21517040806375,-2.242430352438996,-1.183220373979551,-0.10574199846462942,0.837859064092211
TS6,2021-07-31 09:30:00,-1.157911275715078,-3.224003310817397,-2.236688628177726,-1.157911275715078,-0.07185139346314949,0.8845595148920669
TS6,2021-07-31 09:35:00,-1.1741208174597029,-3.210954916258022,-2.241368686107405,-1.1741208174597029,-0.054862014775101914,0.8840412471439459
TS6,2021-07-31 09:40:00,-1.1142140609853441,-3.172660155127131,-2.184221080463997,-1.1142140609853441,-0.015154078766907164,0.9609639143900262
TS6,2021-07-31 09:45:00,-1.0409340856988354,-3.0937101770280466,-2.1167206417012308,-1.0409340856988354,0.08378931848440001,1.0486867707649805
TS6,2021-07-31 09:50:00,-0.9794806848094013,-3.062950985307678,-2.073832897766401,-0.9794806848094013,0.128501478820346,1.1198231986244382
TS6,2021-07-31 09:55:00,-0.9609281727671771,-2.990545942600731,-2.04449121673935,-0.9609281727671771,0.1652058672022288,1.1533916878238157
TS6,2021-07-31 10:00:00,-0.900118486725148,-2.981382148939332,-2.0012099954497424,-0.900118486725148,0.20784712981127057,1.179891473293742
TS6,2021-07-31 10:05:00,-0.9195728288310093,-2.998478148455316,-2.0310870166403947,-0.9195728288310093,0.20190453423781685,1.2008565776679492
TS6,2021-07-31 10:10:00,-0.9642866050188895,-3.0484241821608427,-2.0578407306306077,-0.9642866050188895,0.17814948366775424,1.1748766458974147
TS6,2021-07-31 10:15:00,-0.9097550911757472,-3.006510069124714,-1.9909971183697535,-0.9097550911757472,0.2410245885624875,1.2049706202434471
TS6,2021-07-31 10:20:00,-0.8611606333680335,-2.9708611911490714,-1.9634201425569442,-0.8611606333680335,0.2769641367149169,1.277907238027815
TS6,2021-07-31 10:25:00,-0.8622249201050847,-2.984684429586259,-1.9676443456476311,-0.8622249201050847,0.28598783106847714,1.2848043731038965
TS6,2021-07-31 10:30:00,-0.8585440505362048,-2.9965700910150264,-1.9788376419145313,-0.8585440505362048,0.2548122779594526,1.2763918245487185
TS6,2021-07-31 10:35:00,-0.8436117548094854,-2.991278254662449,-1.9457522249644248,-0.8436117548094854,0.30120746648664615,1.311970519641658
TS6,2021-07-31 10:40:00,-0.8234910546145072,-2.945916827469213,-1.9420305574413326,-0.8234910546145072,0.3415948887389818,1.3387859577433479
TS6,2021-07-31 10:45:00,-0.752421528921615,-2.9028965842938357,-1.875103396502179,-0.752421528921615,0.3898404554910619,1.4229514490440334
TS6,2021-07-31 10:50:00,-0.7315516144682949,-2.868367682737335,-1.8659093878500426,-0.7315516144682949,0.4284614457713336,1.433756005418287
TS6,2021-07-31 10:55:00,-0.7240685138324283,-2.9061287769808137,-1.860217803721181,-0.7240685138324283,0.4249374699273743,1.4550172134140946
TS6,2021-07-31 11:00:00,-0.6417190272527791,-2.7889027412960763,-1.7780715099599473,-0.6417190272527791,0.5113723484922083,1.5612099400087442
TS6,2021-07-31 11:05:00,-0.5882849212912977,-2.7881338415388224,-1.7271938675774356,-0.5882849212912977,0.5566033952757612,1.599525855456439
TS6,2021-07-31 11:10:00,-0.6175933716065174,-2.7756196999639275,-1.7565290940255485,-0.6175933716065174,0.5579610194434126,1.5785843879781973
TS6,2021-07-31 11:15:00,-0.5936862837545606,-2.764435260846746,-1.7316894441050945,-0.5936862837545606,0.589686360934389,1.615704740737123
TS6,2021-07-31 11:20:00,-0.5806569181385631,-2.7591742030013244,-1.7222440143360418,-0.5806569181385631,0.5825915400749728,1.635432525399794
TS6,2021-07-31 11:25:00,-0.5280326587668652,-2.720034644027019,-1.6721846334545138,-0.5280326587668652,0.6596902193311778,1.6788399402348761
TS6,2021-07-31 11:30:00,-0.45579947918448915,-2.671531121600512,-1.608665023938919,-0.45579947918448915,0.737586501644301,1.7557651713485205
TS6,2021-07-31 11:35:00,-0.3605845216736349,-2.567845616417972,-1.4937191171848712,-0.3605845216736349,0.8244061291547563,1.8615225515662879
TS6,2021-07-31 11:40:00,-0.3620620162322726,-2.5934766330248773,-1.5003207186496585,-0.3620620162322726,0.8360276102996623,1.8799992528739324
TS6,2021-07-31 11:45:00,-0.3216048633847256,-2.5976486028652865,-1.4924647352233782,-0.3216048633847256,0.8507985133692505,1.931188156927017
TS6,2021-07-31 11:50:00,-0.3511446823504903,-2.5979494648847217,-1.5071508915979233,-0.3511446823504903,0.8312908533163132,1.912818436851871
TS6,2021-07-31 11:55:00,-0.2506060772885752,-2.5179374992648773,-1.4371058412308697,-0.2506060772885752,0.9380820726229046,2.021477619712279
TS6,2021-07-31 12:00:00,0.123127228313606,-2.1492309125200806,-1.0616200391670467,0.123127228313606,1.3066740955911513,2.3925495292989467
TS6,2021-07-31 12:05:00,0.08421799076411567,-2.187961622435315,-1.0970642337508583,0.08421799076411567,1.2843851685251488,2.3634867508993422
TS6,2021-07-31 12:10:00,-0.04883451978825978,-2.299518908599516,-1.2020298097810524,-0.04883451978825978,1.1821875171796157,2.2646590674714533
TS6,2021-07-31 12:15:00,-0.11004923741504954,-2.381063597469183,-1.275098230436127,-0.11004923741504954,1.1193943359185496,2.192700882971674
TS6,2021-07-31 12:20:00,-0.10434735565591965,-2.373785613574775,-1.2858443819302057,-0.10434735565591965,1.109068210676732,2.225984146604131
TS6,2021-07-31 12:25:00,-0.11478245562882748,-2.398390149822018,-1.3268351756417291,-0.11478245562882748,1.0942210580812475,2.1955651571754995
TS6,2021-07-31 12:30:00,-0.08923189139466511,-2.3843678570748152,-1.2871319188377852,-0.08923189139466511,1.1409649559076953,2.25707489650947
TS6,2021-07-31 12:35:00,-0.045150689872657704,-2.362246155731044,-1.2500125903441484,-0.045150689872657704,1.173543231071164,2.2848083625953506
TS6,2021-07-31 12:40:00,-0.01952316186369857,-2.335125274038435,-1.2321151443189173,-0.01952316186369857,1.2121045290649095,2.3433150926993473
TS6,2021-07-31 12:45:00,-0.017707205924282016,-2.3195458699025813,-1.2456681640317855,-0.017707205924282016,1.2085663231457826,2.3295457082095465
TS6,2021-07-31 12:50:00,0.013488479842190777,-2.2792054546117186,-1.1935719328326642,0.013488479842190777,1.2428852433831565,2.3783312342999317
TS6,2021-07-31 12:55:00,0.060849282381057496,-2.244165816188385,-1.142264926576145,0.060849282381057496,1.3055360707565804,2.4479045914675557
TS6,2021-07-31 13:00:00,0.3424428195517933,-1.9997735694348868,-0.8752918939939165,0.3424428195517933,1.5687616848825607,2.7105312253532916
TS6,2021-07-31 13:05:00,0.3731813767207562,-1.9788291465357526,-0.8627109485345572,0.3731813767207562,1.6019853344966766,2.73338384300228
TS6,2021-07-31 13:10:00,0.34587937694622317,-2.0192698860950102,-0.9008143596079549,0.34587937694622317,1.5862000527454183,2.713845456110592
TS6,2021-07-31 13:15:00,0.45307244853887235,-1.9082403615754413,-0.7825955197951887,0.45307244853887235,1.6948950323498406,2.8404401828769825
TS6,2021-07-31 13:20:00,0.4967672268859693,-1.8691385309238573,-0.7348404215501504,0.4967672268859693,1.745719911690861,2.8969606289901666
TS6,2021-07-31 13:25:00,0.5876929345813384,-1.7979285274763035,-0.6752742184140808,0.5876929345813384,1.8292445422970365,2.958041620448923
TS6,2021-07-31 13:30:00,0.6500974798490722,-1.7495276758610798,-0.6115831547830505,0.6500974798490722,1.887759233648569,3.0237497645256823
TS6,2021-07-31 13:35:00,0.6284657357028939,-1.7855603433983451,-0.6455553867431008,0.6284657357028939,1.877164485853118,3.0020957329055467
TS6,2021-07-31 13:40:00,0.568650288171152,-1.824999184958049,-0.6759429529147121,0.568650288171152,1.8276828808444268,2.980886390857675
TS6,2021-07-31 13:45:00,0.5829966333910367,-1.7970349114076536,-0.6671071895209453,0.5829966333910367,1.8446453560711586,2.9798196000110453
TS6,2021-07-31 13:50:00,0.5556316396417594,-1.8531680277970553,-0.7068416798302629,0.5556316396417594,1.8193675449145963,2.975386053935885
TS6,2021-07-31 13:55:00,0.5557387952042112,-1.8576143666552136,-0.721435957806972,0.5557387952042112,1.8227211826839327,2.982659666699176
TS6,2021-07-31 14:00:00,0.703186315534017,-1.711206195469435,-0.564604524098638,0.703186315534017,2.0033097679741645,3.1631621642983028
TS6,2021-07-31 14:05:00,0.6242230422491508,-1.8249110987669015,-0.6738737365355998,0.6242230422491508,1.909458925394459,3.0366081351470706
TS6,2021-07-31 14:10:00,0.6052881900442532,-1.8444608062573984,-0.696431983669973,0.6052881900442532,1.8864176634595728,3.0702886099978186
TS6,2021-07-31 14:15:00,0.6258731912575384,-1.8407872247916175,-0.6736720025424865,0.6258731912575384,1.9227463519199774,3.073011643279473
TS6,2021-07-31 14:20:00,0.6033426953252532,-1.8626838190434323,-0.7006713380644938,0.6033426953252532,1.8940283172220431,3.0413224104133816
TS6,2021-07-31 14:25:00,0.45179748418856047,-2.023367319234379,-0.8467703594485804,0.45179748418856047,1.753992742988672,2.923427614403286
TS6,2021-07-31 14:30:00,0.4706619302289416,-1.9984380152711725,-0.8419858460233886,0.4706619302289416,1.784077759007539,2.963803929411314
TS6,2021-07-31 14:35:00,0.43987382305310874,-2.0417740367467427,-0.8719041517375794,0.43987382305310874,1.7550189116236228,2.915020596491523
TS6,2021-07-31 14:40:00,0.53858923473435,-1.9705484614346578,-0.7651209204363332,0.53858923473435,1.8393414584209489,3.0044640990545703
TS6,2021-07-31 14:45:00,0.5952291823161524,-1.8937923295023489,-0.7139822092362242,0.5952291823161524,1.9122992006823027,3.105706017687165
TS6,2021-07-31 14:50:00,0.6364167896278522,-1.8588667434836914,-0.6942108891461488,0.6364167896278522,1.939635282555685,3.136981270711889
TS6,2021-07-31 14:55:00,0.595142743676337,-1.9179663553044086,-0.7360407724034685,0.595142743676337,1.9141078741803768,3.085868875644608
TS6,2021-07-31 15:00:00,0.6958447697904533,-1.8274138033179483,-0.660487847101869,0.6958447697904533,1.9957776718078417,3.1917684551041536
TS6,2021-07-31 15:05:00,0.6875110484428956,-1.8459696764109856,-0.6347969728297524,0.6875110484428956,1.998355068531057,3.2061214203793695
TS6,2021-07-31 15:10:00,0.641008312959851,-1.8708457812324588,-0.6921405442609645,0.641008312959851,1.9650178966405831,3.1646815147133878
TS6,2021-07-31 15:15:00,0.6914711338475831,-1.851959286832943,-0.6399348607061216,0.6914711338475831,2.006497927850841,3.213463685082722
TS6,2021-07-31 15:20:00,0.6373276598754175,-1.901265293293307,-0.6996193367164042,0.6373276598754175,1.9525205007911903,3.1914984595942215
TS6,2021-07-31 15:25:00,0.5319063411200486,-1.9946080127401347,-0.7667941247486519,0.5319063411200486,1.8887292781432032,3.091679027382105
TS6,2021-07-31 15:30:00,0.6506818749618346,-1.8982382467780758,-0.6855215792143139,0.6506818749618346,1.9750816130759197,3.200358379931196
TS6,2021-07-31 15:35:00,0.7178095957346066,-1.8230003722531287,-0.6008687727715456,0.7178095957346066,2.075043350795523,3.2760669847847654
TS6,2021-07-31 15:40:00,0.7544357314469942,-1.769034969646652,-0.5596498165380135,0.7544357314469942,2.1111734325390588,3.33063725481656
TS6,2021-07-31 15:45:00,0.6911814351954275,-1.8765685654023143,-0.6350449821175296,0.6911814351954275,2.020301340599543,3.243080790704881
TS6,2021-07-31 15:50:00,0.7275806354260103,-1.8266998738433775,-0.609029652224601,0.7275806354260103,2.069914436829203,3.311096488743404
TS6,2021-07-31 15:55:00,0.6752720992395285,-1.9306365643988315,-0.6637471058000134,0.6752720992395285,2.0292907743578716,3.2732641969023772
TS6,2021-07-31 16:00:00,0.6226944148590866,-1.9589533559222823,-0.7148648220195123,0.6226944148590866,1.9736245003014654,3.215810999145973
TS6,2021-07-31 16:05:00,0.6116775715247627,-1.982644669263871,-0.7196328429952015,0.6116775715247627,1.9601187875213548,3.208032352818587
TS6,2021-07-31 16:10:00,0.7358470239601044,-1.8609063247930482,-0.5927090464578512,0.7358470239601044,2.122379779752676,3.364869737954985
TS6,2021-07-31 16:15:00,0.7387038600895818,-1.8765239329780072,-0.6184654443147912,0.7387038600895818,2.088091660345494,3.3364783104091957
TS6,2021-07-31 16:20:00,0.6941705145254086,-1.9124494693707428,-0.6586399876125794,0.6941705145254086,2.044661240872343,3.29267201453059
TS6,2021-07-31 16:25:00,0.6123391029271856,-2.0086571346128204,-0.7265386322999926,0.6123391029271856,1.9891629704465943,3.217516871546036
TS6,2021-07-31 16:30:00,0.5695079723213167,-2.0555479465581854,-0.7774475276886422,0.5695079723213167,1.9691048138164489,3.204227409566426
TS6,2021-07-31 16:35:00,0.5882956634614576,-2.055185436054765,-0.7766104738102566,0.5882956634614576,1.968207970948549,3.2154594623535218
TS6,2021-07-31 16:40:00,0.5336379476910716,-2.091444540086204,-0.81101889191093,0.5336379476910716,1.9420731992042677,3.205283820661954
TS6,2021-07-31 16:45:00,0.5350036047736094,-2.1064056619255096,-0.8337506439401057,0.5350036047736094,1.9425872863999445,3.1820848845142136
TS6,2021-07-31 16:50:00,0.5223636915353789,-2.1282140232236046,-0.8432939595115556,0.5223636915353789,1.917992844495729,3.1773190741695374
TS6,2021-07-31 16:55:00,0.49346519373309145,-2.1545183334847895,-0.870315643231483,0.49346519373309145,1.8889959068463953,3.1633657604659966
TS6,2021-07-31 17:00:00,0.5447270107119158,-2.131773419825832,-0.8297197794450251,0.5447270107119158,1.9368995787821455,3.2162979837345445
TS6,2021-07-31 17:05:00,0.49333946783454874,-2.1698069886380726,-0.8697709493859621,0.49333946783454874,1.8928967120588143,3.189425869091495
TS6,2021-07-31 17:10:00,0.473465065882335,-2.190295225311899,-0.9044336637561389,0.473465065882335,1.8707526277624646,3.15131239092286
TS6,2021-07-31 17:15:00,0.47754747310290363,-2.179788365498446,-0.8972905939350517,0.47754747310290363,1.8791275676074146,3.144791943040511
TS6,2021-07-31 17:20:00,0.4324117204086896,-2.224921127448143,-0.9592782410595532,0.4324117204086896,1.837993795321249,3.08203802952511
TS6,2021-07-31 17:25:00,0.31560605006385894,-2.351326219234914,-1.0775315463595552,0.31560605006385894,1.7464693019166075,3.017155408438846
TS6,2021-07-31 17:30:00,0.3532702107739297,-2.323757752790829,-1.074215570212799,0.3532702107739297,1.762738317693724,3.032115285273578
TS6,2021-07-31 17:35:00,0.3431952906742005,-2.337035957842172,-1.0576152084605288,0.3431952906742005,1.7703490952358374,3.022691456219528
TS6,2021-07-31 17:40:00,0.3928492506609031,-2.273403577235084,-0.9981206009242206,0.3928492506609031,1.8091777561763234,3.128824940111139
TS6,2021-07-31 17:45:00,0.46526270012051546,-2.2333880785799627,-0.9319373712018466,0.46526270012051546,1.9059389623545955,3.1815901672106
TS6,2021-07-31 17:50:00,0.4673293898890734,-2.2161735149845354,-0.9448532192363088,0.4673293898890734,1.9178581603397495,3.211079857929473
TS6,2021-07-31 17:55:00,0.40746148023957035,-2.2958242611247597,-1.009632384177645,0.40746148023957035,1.8428626972973279,3.156569555318949
TS6,2021-07-31 18:00:00,0.4579331255460387,-2.251685958849534,-0.9605611330878285,0.4579331255460387,1.8689083918133451,3.199327916014499
TS6,2021-07-31 18:05:00,0.3549906239653212,-2.3598776554678755,-1.0614453712198562,0.3549906239653212,1.7983434002542533,3.1083959084553356
TS6,2021-07-31 18:10:00,0.3217266304776998,-2.4267528417391073,-1.1156318647551322,0.3217266304776998,1.7606388263414552,3.075419936985988
TS6,2021-07-31 18:15:00,0.418826135649584,-2.3201749685738635,-1.012706818684299,0.418826135649584,1.862822926050161,3.1951304323736403
TS6,2021-07-31 18:20:00,0.43355408885094265,-2.279087794656937,-0.9916154130139747,0.43355408885094265,1.888715651204825,3.2436794631073997
TS6,2021-07-31 18:25:00,0.5047771496384479,-2.251527912012231,-0.9408423772753797,0.5047771496384479,1.969545409794724,3.2795049846618234
TS6,2021-07-31 18:30:00,0.5569268417485902,-2.191573520080126,-0.8920958519551955,0.5569268417485902,2.0089219271669085,3.347247948873095
TS6,2021-07-31 18:35:00,0.46482072237675415,-2.268534215253184,-0.9570124670325655,0.46482072237675415,1.9680026526969832,3.2626965809095423
TS6,2021-07-31 18:40:00,0.4940955775845175,-2.2410031989829413,-0.9400084659884006,0.4940955775845175,1.9730317947576896,3.284458688371024
TS6,2021-07-31 18:45:00,0.5460800523973205,-2.201117633132409,-0.8973159078166989,0.5460800523973205,2.034810653367051,3.366993319016667
TS6,2021-07-31 18:50:00,0.5142397534096697,-2.252434798123529,-0.9192292554571949,0.5142397534096697,1.99010862831172,3.3140890518124273
TS6,2021-07-31 18:55:00,0.54547716014143,-2.190980834887278,-0.8796835426365218,0.54547716014143,2.0365815234256646,3.3611388895105763
TS6,2021-07-31 19:00:00,0.6078663544258484,-2.1467613581507976,-0.8434945805182634,0.6078663544258484,2.0834145095182532,3.423399580995723
TS6,2021-07-31 19:05:00,0.6093953609807924,-2.1980834065262957,-0.860076426605965,0.6093953609807924,2.076688763790975,3.4182014390083624
TS6,2021-07-31 19:10:00,0.5182793295537673,-2.260341897242397,-0.9224600992650568,0.5182793295537673,2.016924752638504,3.333512623227825
TS6,2021-07-31 19:15:00,0.5662679461663974,-2.2366435837810252,-0.9058279445001528,0.5662679461663974,2.0502009027709547,3.3982778978081045
TS6,2021-07-31 19:20:00,0.515894433123807,-2.27919997691016,-0.9486674121169882,0.515894433123807,2.008200364756557,3.3586864814741015
TS6,2021-07-31 19:25:00,0.5025961904075871,-2.294820663609358,-0.9832171241016625,0.5025961904075871,2.0023662053797295,3.354339065952202
TS6,2021-07-31 19:30:00,0.41755500137733603,-2.3824650446582316,-1.0534209031685047,0.41755500137733603,1.9146100636720313,3.2652043101532566
TS6,2021-07-31 19:35:00,0.4109020686102318,-2.3993951817327117,-1.0856165471065924,0.4109020686102318,1.9098164793793662,3.2624557194291945
TS6,2021-07-31 19:40:00,0.4203444924585783,-2.406472690931646,-1.067699806850367,0.4203444924585783,1.9267555264330842,3.3005463921010496
TS6,2021-07-31 19:45:00,0.438676803178061,-2.4077958887033697,-1.0716377769117034,0.438676803178061,1.9273544146321746,3.31601891810997
TS6,2021-07-31 19:50:00,0.4763955705270406,-2.35386912946034,-1.024541830947736,0.4763955705270406,1.9820586379330594,3.376888607032491
TS6,2021-07-31 19:55:00,0.5019238811536215,-2.361756842917251,-1.011678066029871,0.5019238811536215,1.9998766719390297,3.3732083456293815
TS6,2021-07-31 20:00:00,0.5643006617524843,-2.3050744589806476,-0.9276259594457086,0.5643006617524843,2.0858493867451884,3.478931620443159
TS6,2021-07-31 20:05:00,0.6344278016620937,-2.2248042230301843,-0.8767580560625097,0.6344278016620937,2.1521346746688343,3.5454702598455383
TS6,2021-07-31 20:10:00,0.562001379404486,-2.2876788629386584,-0.9329356889771224,0.562001379404486,2.0982795744693408,3.4966808498459367
TS6,2021-07-31 20:15:00,0.4415741236759561,-2.427720462909654,-1.07503702797367,0.4415741236759561,1.9766443655929018,3.3844373990793377
TS6,2021-07-31 20:20:00,0.3553858686690494,-2.5161501096056793,-1.1566185393749797,0.3553858686690494,1.8797981856697672,3.304337480432628
TS6,2021-07-31 20:25:00,0.3079224887363616,-2.568736570167684,-1.1982512688194829,0.3079224887363616,1.8361656315450092,3.2621743910523238
TS6,2021-07-31 20:30:00,0.4324434732966638,-2.436013680952332,-1.073723019831083,0.4324434732966638,1.9702620406867308,3.395015877340309
TS6,2021-07-31 20:35:00,0.40930366263089113,-2.4754445783812646,-1.1054326650964659,0.40930366263089113,1.959402641907438,3.4141650707738505
TS6,2021-07-31 20:40:00,0.4080123327775828,-2.5050068309939197,-1.1012261871930993,0.4080123327775828,1.9555653905779282,3.386012611269809
TS6,2021-07-31 20:45:00,0.304198231426906,-2.572462247149272,-1.2086712031831168,0.304198231426906,1.8816592432910748,3.326543540542282
TS6,2021-07-31 20:50:00,0.3006444196248936,-2.5903925897407385,-1.2221711279301046,0.3006444196248936,1.861847191078538,3.3002870930254495
TS6,2021-07-31 20:55:00,0.4210648573858231,-2.4874045762324735,-1.0773386752386178,0.4210648573858231,2.004738645455262,3.467032573241345
TS6,2021-07-31 21:00:00,0.4542969226212945,-2.44748452389696,-1.0766795266100393,0.4542969226212945,2.026961837062957,3.4861962014612673
TS6,2021-07-31 21:05:00,0.42416928914073,-2.4881062716586997,-1.1090826531815887,0.42416928914073,2.0108247440041183,3.4665744009659174
TS6,2021-07-31 21:10:00,0.4831400352063996,-2.4421919804538854,-1.0667267856012266,0.4831400352063996,2.0646714199628757,3.5161604439424665
TS6,2021-07-31 21:15:00,0.5195933678168898,-2.375930555648951,-0.9909447653517187,0.5195933678168898,2.1189497580990353,3.589350016632985
TS6,2021-07-31 21:20:00,0.5710500769184125,-2.37050596252195,-0.9911395973831475,0.5710500769184125,2.147767227197491,3.5925728516241153
TS6,2021-07-31 21:25:00,0.5593798327584993,-2.3581823018835584,-0.9815395152588728,0.5593798327584993,2.1378648659561676,3.5728557188418693
TS6,2021-07-31 21:30:00,0.49762558567952625,-2.433673535937342,-1.0441820214018864,0.49762558567952625,2.0545409881775294,3.5306432393301073
TS6,2021-07-31 21:35:00,0.4971502940533421,-2.430192129279846,-1.0579132837509126,0.4971502940533421,2.0812591089736636,3.557891572549919
TS6,2021-07-31 21:40:00,0.5277204507228562,-2.4393074855382646,-1.0558610236537878,0.5277204507228562,2.0969843228212617,3.5448206966101314
TS6,2021-07-31 21:45:00,0.43608799344018,-2.5281620769356214,-1.1407209601354886,0.43608799344018,2.0134648313461385,3.4741063262195384
TS6,2021-07-31 21:50:00,0.42353289462558263,-2.543700630439133,-1.1474640814348092,0.42353289462558263,1.9947831559561138,3.4568717524095733
TS6,2021-07-31 21:55:00,0.45015625071297494,-2.527995488293146,-1.1269378018958724,0.45015625071297494,2.0464250241893924,3.5084661759652094
TS6,2021-07-31 22:00:00,0.5055147448379418,-2.4956118854512894,-1.1051064878121368,0.5055147448379418,2.087171726926318,3.5341200350700994
TS6,2021-07-31 22:05:00,0.4742448780658018,-2.4908232919550164,-1.0983325842102927,0.4742448780658018,2.085971570126942,3.538404141310835
TS6,2021-07-31 22:10:00,0.48084255304488116,-2.504208843380695,-1.098940420208709,0.48084255304488116,2.0949445938743168,3.5219957565247237
TS6,2021-07-31 22:15:00,0.49544473016251805,-2.491031613307488,-1.0939701418386587,0.49544473016251805,2.1108848730049026,3.5626880729231742
TS6,2021-07-31 22:20:00,0.4586891919880135,-2.5378113867909247,-1.1510641840193543,0.4586891919880135,2.0879093990188156,3.5241136945351443
TS6,2021-07-31 22:25:00,0.39693066779340436,-2.601777098842039,-1.1997506198663141,0.39693066779340436,2.0160860461901557,3.4686899381962983
TS6,2021-07-31 22:30:00,0.39272252630239834,-2.6188766964616192,-1.1874249285805074,0.39272252630239834,2.0380634245985445,3.488317674441194
TS6,2021-07-31 22:35:00,0.40835610033041647,-2.606660074905071,-1.1946386960489703,0.40835610033041647,2.0526175046607724,3.5265235659538963
TS6,2021-07-31 22:40:00,0.4122601736013335,-2.6266781533176333,-1.1671176555343352,0.4122601736013335,2.058641672245971,3.5369077242101037
TS6,2021-07-31 22:45:00,0.44675124164096075,-2.5828499594151264,-1.1397015020381518,0.44675124164096075,2.0801710206366324,3.5604222301476307
TS6,2021-07-31 22:50:00,0.4880125460336274,-2.582368086394982,-1.1242167310658495,0.4880125460336274,2.1274478045370526,3.5904041364558936
TS6,2021-07-31 22:55:00,0.4498891377537849,-2.5855697208625763,-1.1495616616452613,0.4498891377537849,2.092044898538903,3.5760966982700304
TS6,2021-07-31 23:00:00,0.4838946017685417,-2.592797235180926,-1.1404339596698896,0.4838946017685417,2.1090064975024068,3.5875453799823345
TS6,2021-07-31 23:05:00,0.49749731895272303,-2.54521447769904,-1.1063363151589978,0.49749731895272303,2.1525570059576573,3.6257037556790666
TS6,2021-07-31 23:10:00,0.4794294171336055,-2.5828994405204813,-1.1536145893592875,0.4794294171336055,2.12448188379775,3.6035511586032274
TS6,2021-07-31 23:15:00,0.33016196709332685,-2.7604425759337863,-1.2969393811221912,0.33016196709332685,1.9714636508344496,3.423583470730979
TS6,2021-07-31 23:20:00,0.3767885968187373,-2.6928677685494025,-1.2465160585510238,0.3767885968187373,2.0136100287215104,3.4694033419553403
TS6,2021-07-31 23:25:00,0.348418547734326,-2.7276385747406593,-1.3046786147281604,0.348418547734326,2.005318552601281,3.4998793186087567
TS6,2021-07-31 23:30:00,0.315937748316682,-2.774583951645422,-1.3136025234623614,0.315937748316682,1.9796596178168715,3.466478367453716
TS6,2021-07-31 23:35:00,0.27835088917030376,-2.8153025746093636,-1.371121763909223,0.27835088917030376,1.9327541519299147,3.404451816008535
TS6,2021-07-31 23:40:00,0.2855020805064315,-2.8316798010407194,-1.3857419971646956,0.2855020805064315,1.9220828188413246,3.417141158050821
TS6,2021-07-31 23:45:00,0.3490707501947663,-2.7884563256885935,-1.3347024412155695,0.3490707501947663,1.9820431843693107,3.4755434153734797
TS6,2021-07-31 23:50:00,0.37120268623938524,-2.719493479360422,-1.29866890885561,0.37120268623938524,2.0390543890784367,3.557105198982986
TS6,2021-07-31 23:55:00,0.34005444832872767,-2.8333779277593467,-1.3527633180476013,0.34005444832872767,2.0495154430061393,3.565569998995917
TS7,2021-07-31 00:00:00,0.30749738833054585,-0.0732256586673158,0.10312679258308562,0.30749738833054585,0.5115695570865204,0.6953752743385314
TS7,2021-07-31 00:05:00,0.20210087924298142,-0.24493495524078604,-0.02781019187947564,0.20210087924298142,0.4391250147241899,0.6509277850440309
TS7,2021-07-31 00:10:00,0.1369893244924798,-0.3775194576060105,-0.1292977665473147,0.1369893244924798,0.4019594512650262,0.6426744958026018
TS7,2021-07-31 00:15:00,0.13515303668179046,-0.40932390153162707,-0.1524513972092078,0.13515303668179046,0.4232521237747537,0.6849632686721224
TS7,2021-07-31 00:20:00,0.19495367321585963,-0.38505721517326297,-0.1091778778009979,0.19495367321585963,0.5060042782554718,0.7895004310654903
TS7,2021-07-31 00:25:00,0.07637474484552291,-0.5508337324683502,-0.25298960451666824,0.07637474484552291,0.4065764888387667,0.7061332358279618
TS7,2021-07-31 00:30:00,0.08839061495501506,-0.5786048771902511,-0.2622983729770357,0.08839061495501506,0.43295526926268557,0.7415238916330349
TS7,2021-07-31 00:35:00,0.17905221760073656,-0.5079088781213508,-0.17954226596417971,0.17905221760073656,0.5474032545900629,0.8771914038090056
TS7,2021-07-31 00:40:00,-0.03861906825353309,-0.7633784920327469,-0.42105508639602107,-0.03861906825353309,0.34504518707696097,0.683963304349173
TS7,2021-07-31 00:45:00,-0.1813888972013447,-0.9236793046605168,-0.5762970221554182,-0.1813888972013447,0.20887687600904223,0.5702749863896802
TS7,2021-07-31 00:50:00,-0.23208317805863982,-1.0134089637003234,-0.6427118922321939,-0.23208317805863982,0.1797767594597171,0.5438558077937069
TS7,2021-07-31 00:55:00,-0.2663624743266,-1.056424240225472,-0.6844909539277676,-0.2663624743266,0.16227718276556025,0.5404767007006678
TS7,2021-07-31 01:00:00,-0.21726443551425217,-1.044486035948582,-0.6498201558803994,-0.21726443551425217,0.21908406502285266,0.6026666100116927
TS7,2021-07-31 01:05:00,-0.23480022846972562,-1.083649835582389,-0.678501760653581,-0.23480022846972562,0.21518841618713497,0.6110262166973649
TS7,2021-07-31 01:10:00,-0.2829432031445138,-1.1524807148878133,-0.7405686104453273,-0.2829432031445138,0.16865897634687632,0.5899483854783563
TS7,2021-07-31 01:15:00,-0.35927953057539336,-1.2480513675751295,-0.8282026037054265,-0.35927953057539336,0.11295191487984763,0.5371323039755826
TS7,2021-07-31 01:20:00,-0.41789496046935554,-1.3351066419307036,-0.9050234207861679,-0.41789496046935554,0.0698704860686325,0.4993997630448475
TS7,2021-07-31 01:25:00,-0.4647084954538735,-1.401446048427582,-0.9597640291174436,-0.4647084954538735,0.03193947755095439,0.47533793713083855
TS7,2021-07-31 01:30:00,-0.4837211237761744,-1.4533270617344347,-0.9910803414384164,-0.4837211237761744,0.025044431368451137,0.48150179510244057
TS7,2021-07-31 01:35:00,-0.45066089567497813,-1.4266753731280417,-0.9648669813845339,-0.45066089567497813,0.061835059526890085,0.5188512315109279
TS7,2021-07-31 01:40:00,-0.45081443418108813,-1.4597341459412458,-0.9841327374713535,-0.45081443418108813,0.07366796094902528,0.54398985325053
TS7,2021-07-31 01:45:00,-0.5616173123169181,-1.5735082138742835,-1.0873620365177619,-0.5616173123169181,-0.02185569396370888,0.45729986031366215
TS7,2021-07-31 01:50:00,-0.592130114492893,-1.631143815960785,-1.1316647174542713,-0.592130114492893,-0.050291717146075936,0.4373897913273202
TS7,2021-07-31 01:55:00,-0.5917819282528233,-1.6364626583904642,-1.1445537612755636,-0.5917819282528233,-0.034941912695601,0.4698747861134803
TS7,2021-07-31 02:00:00,-0.6727467724651406,-1.7603525766625379,-1.2466532367512726,-0.6727467724651406,-0.12019073969308236,0.3865283126921556
TS7,2021-07-31 02:05:00,-0.7294595835105321,-1.8215511710043784,-1.3059363903989982,-0.7294595835105321,-0.1511411977650576,0.3670108294812285
TS7,2021-07-31 02:10:00,-0.7000323811612144,-1.79894754026366,-1.2837751567100983,-0.7000323811612144,-0.12536969245828,0.39239314802339703
TS7,2021-07-31 02:15:00,-0.7963005407611365,-1.9154595019944467,-1.3854256866222452,-0.7963005407611365,-0.19839823860735364,0.32765618676699765
TS7,2021-07-31 02:20:00,-0.8040236719482148,-1.9401999544155661,-1.404743924961278,-0.8040236719482148,-0.20496341008746663,0.32197126164953715
TS7,2021-07-31 02:25:00,-0.8129905676611442,-1.9607362243211515,-1.4220167510725987,-0.8129905676611442,-0.20827894330147909,0.3305901534042816
TS7,2021-07-31 02:30:00,-0.7827219127306589,-1.9508942494816945,-1.3877294218555165,-0.7827219127306589,-0.17583328065762602,0.39469991904408147
TS7,2021-07-31 02:35:00,-0.7913050653404943,-1.9793627308751565,-1.42149800606321,-0.7913050653404943,-0.16381839954659505,0.39482170930655114
TS7,2021-07-31 02:40:00,-0.8632854285311888,-2.078390176348348,-1.5018111676175168,-0.8632854285311888,-0.22884972426293582,0.3365957552759015
TS7,2021-07-31 02:45:00,-0.8713482901753211,-2.088186742677629,-1.5156677061808757,-0.8713482901753211,-0.23378193320652707,0.3557271799240472
TS7,2021-07-31 02:50:00,-0.8713893691378496,-2.1032342495890957,-1.525971389543823,-0.8713893691378496,-0.22969822191699954,0.34725372421505213
TS7,2021-07-31 02:55:00,-0.8758209954699352,-2.1182944297242097,-1.5315571824855603,-0.8758209954699352,-0.22578829504624692,0.3616350401454413
TS7,2021-07-31 03:00:00,-0.9226844374266673,-2.1928970295750303,-1.5890679725030001,-0.9226844374266673,-0.2662292634703286,0.3416886873857993
TS7,2021-07-31 03:05:00,-0.975362154591493,-2.259305725231533,-1.649297226635797,-0.975362154591493,-0.3078998956249089,0.2982830602451143
TS7,2021-07-31 03:10:00,-0.9250128478438513,-2.2239226695840038,-1.5950398505173962,-0.9250128478438513,-0.2448338596312953,0.35372618300568803
TS7,2021-07-31 03:15:00,-0.9200481329945447,-2.232936802232453,-1.6056876012997279,-0.9200481329945447,-0.23876170033467428,0.38162745682531923
TS7,2021-07-31 03:20:00,-1.0091449417813456,-2.3242147170283136,-1.7031653141062537,-1.0091449417813456,-0.31954905527201405,0.308269752865665
TS7,2021-07-31 03:25:00,-1.0418760165502075,-2.372992815679958,-1.7409485147641652,-1.0418760165502075,-0.34914739651352455,0.2739180835497814
TS7,2021-07-31 03:30:00,-1.047209465853447,-2.3952504742124447,-1.7563728123919098,-1.047209465853447,-0.3454804982204526,0.3052029684099742
TS7,2021-07-31 03:35:00,-1.0113520599374324,-2.3714439909514886,-1.7328628122097762,-1.0113520599374324,-0.30520317972915084,0.3339276945905279
TS7,2021-07-31 03:40:00,-0.9422107620847278,-2.3253181864431784,-1.6680557340370492,-0.9422107620847278,-0.22589015061104845,0.41518371373886076
TS7,2021-07-31 03:45:00,-0.9425208492458067,-2.3361180649628164,-1.6785124673510465,-0.9425208492458067,-0.20422688611746906,0.43801668948505995
TS7,2021-07-31 03:50:00,-0.8661226585286154,-2.267145954193734,-1.5977934675858296,-0.8661226585286154,-0.138560495301211,0.5215032660856802
TS7,2021-07-31 03:55:00,-0.9950500575797211,-2.406480924932671,-1.742167385088123,-0.9950500575797211,-0.256217571028547,0.4230200131665446
TS7,2021-07-31 04:00:00,-1.0473753042154668,-2.4727166083929437,-1.7983337395846648,-1.0473753042154668,-0.3070933152955947,0.3621978063379042
TS7,2021-07-31 04:05:00,-0.9912963789758865,-2.4376831568730455,-1.7464572670040224,-0.9912963789758865,-0.23416801379560404,0.4483802975983177
TS7,2021-07-31 04:10:00,-1.037488306296812,-2.4892801486377523,-1.8044613441126502,-1.037488306296812,-0.27536354260277557,0.39721984981299785
TS7,2021-07-31 04:15:00,-1.0522806302453218,-2.503217489840826,-1.8134308851198306,-1.0522806302453218,-0.2937088938476439,0.39061902644615876
TS7,2021-07-31 04:20:00,-1.0821195334314953,-2.5533974832802993,-1.8603279116173876,-1.0821195334314953,-0.306622556891999,0.3883307213290944
TS7,2021-07-31 04:25:00,-1.027735365359528,-2.509949006488581,-1.8022732835899666,-1.027735365359528,-0.25518231950184317,0.44891255547562936
TS7,2021-07-31 04:30:00,-1.0770360626116338,-2.5695193511660483,-1.8661914141061682,-1.0770360626116338,-0.29170038716588376,0.41431367601124297
TS7,2021-07-31 04:35:00,-1.1417838383430288,-2.6391314744077854,-1.9313004017830886,-1.1417838383430288,-0.346977928564214,0.36975504863771486
TS7,2021-07-31 04:40:00,-1.1421364071614473,-2.655992509145605,-1.9463488481330218,-1.1421364071614473,-0.34715596588589187,0.37490751438403735
TS7,2021-07-31 04:45:00,-1.1498555635449297,-2.6688056568186713,-1.9578931335286116,-1.1498555635449297,-0.34455824170133015,0.369954064325634
TS7,2021-07-31 04:50:00,-1.118879848720508,-2.6672510502953535,-1.9376932656600487,-1.118879848720508,-0.3137796558874921,0.4144329106581236
TS7,2021-07-31 04:55:00,-1.1344260774853163,-2.6946189851601,-1.9437420635869185,-1.1344260774853163,-0.33230834720703356,0.4014290538789945
TS7,2021-07-31 05:00:00,-1.1398641378022276,-2.696173453481402,-1.9599928775982647,-1.1398641378022276,-0.3125069028794428,0.4183639987521841
TS7,2021-07-31 05:05:00,-1.1593491721624534,-2.74504896245179,-1.9883509522974379,-1.1593491721624534,-0.3415246115677083,0.40526907774339466
TS7,2021-07-31 05:10:00,-1.1800084871051502,-2.7617425953040913,-2.0112233712406202,-1.1800084871051502,-0.3560444914896564,0.386545199356488
TS7,2021-07-31 05:15:00,-1.152399828836639,-2.7453429637956286,-1.9911724228929284,-1.152399828836639,-0.3232231459672114,0.4347256267975689
TS7,2021-07-31 05:20:00,-1.124832708031685,-2.72783058722987,-1.9628198558101144,-1.124832708031685,-0.27453395157680444,0.4821785136217092
TS7,2021-07-31 05:25:00,-1.1351609601155668,-2.7524276501191016,-1.9894099422259548,-1.1351609601155668,-0.284231210583916,0.4912823966532957
TS7,2021-07-31 05:30:00,-1.1671339522081738,-2.8043496600331697,-2.0266766050030727,-1.1671339522081738,-0.3091567866831705,0.44652824860476475
TS7,2021-07-31 05:35:00,-1.1838061793543044,-2.8297989383135884,-2.055854527309799,-1.1838061793543044,-0.3355819084534888,0.44053697076311776
TS7,2021-07-31 05:40:00,-1.2004217028467155,-2.8392025715205866,-2.062915517426165,-1.2004217028467155,-0.3418169491494669,0.44837924377383
TS7,2021-07-31 05:45:00,-1.1995160180920512,-2.8540415158140946,-2.065973739430774,-1.1995160180920512,-0.3326198729933624,0.45733313869955905
TS7,2021-07-31 05:50:00,-1.1903985646949502,-2.8699970345837236,-2.0746163578460854,-1.1903985646949502,-0.3159433890227022,0.4753173365357073
TS7,2021-07-31 05:55:00,-1.1928456890039991,-2.8595441275005022,-2.0671107777318314,-1.1928456890039991,-0.30197094339359376,0.49082020810257954
TS7,2021-07-31 06:00:00,-1.1726356773181075,-2.867005196343784,-2.0584651258364746,-1.1726356773181075,-0.28511684788971686,0.4981883455597705
TS7,2021-07-31 06:05:00,-1.152684586052159,-2.8661725700649243,-2.0434905076150964,-1.152684586052159,-0.2568879201857137,0.5479431920115353
TS7,2021-07-31 06:10:00,-1.143384189661166,-2.8667594571860846,-2.039314614195277,-1.143384189661166,-0.23766202323884852,0.5683100979627032
TS7,2021-07-31 06:15:00,-1.1593478092722957,-2.885554468515991,-2.0695845015738485,-1.1593478092722957,-0.25650896038334886,0.563174918115129
TS7,2021-07-31 06:20:00,-1.1709348478721353,-2.892343788034841,-2.0853519843807105,-1.1709348478721353,-0.2601857998743721,0.5599552563495775
TS7,2021-07-31 06:25:00,-1.216104827679895,-2.951224895945477,-2.125688031672469,-1.216104827679895,-0.29272971642279566,0.5330687415769567
TS7,2021-07-31 06:30:00,-1.223522207455281,-2.9761676822801584,-2.1434461749869023,-1.223522207455281,-0.3064271330968311,0.5097521019446528
TS7,2021-07-31 06:35:00,-1.2331243265669622,-3.0073996201856237,-2.1637611866507385,-1.2331243265669622,-0.3126047416522826,0.5269014342831744
TS7,2021-07-31 06:40:00,-1.2010234550144991,-2.9689581017782896,-2.1281075650717716,-1.2010234550144991,-0.2780162707031563,0.5476466350483667
TS7,2021-07-31 06:45:00,-1.173013579078292,-2.956670402495461,-2.110668814794157,-1.173013579078292,-0.24167812223281465,0.6035510551245612
TS7,2021-07-31 06:50:00,-1.2101373340608932,-2.996758612455465,-2.1427089128460217,-1.2101373340608932,-0.2678253071340921,0.5864437391480061
TS7,2021-07-31 06:55:00,-1.2231532967978744,-3.0367730611050003,-2.1802558063931157,-1.2231532967978744,-0.2865194200615526,0.5597232540625083
TS7,2021-07-31 07:00:00,-1.2154956032544908,-3.020871355195568,-2.1673151342727923,-1.2154956032544908,-0.2659436379490604,0.5782845783636075
TS7,2021-07-31 07:05:00,-1.2230985760648903,-3.0525919675017392,-2.1885243118181066,-1.2230985760648903,-0.2671822709039929,0.5959034850068581
TS7,2021-07-31 07:10:00,-1.2564769205229254,-3.0850015695419537,-2.2174433879001936,-1.2564769205229254,-0.2867396978891422,0.5857611696209842
TS7,2021-07-31 07:15:00,-1.2137569510041681,-3.0556586874027425,-2.1743749745065006,-1.2137569510041681,-0.2423123922481963,0.6302492498908805
TS7,2021-07-31 07:20:00,-1.2224945217455092,-3.0662546429256246,-2.1968509079493965,-1.2224945217455092,-0.2554281139366482,0.610644299059001
TS7,2021-07-31 07:25:00,-1.222321261652478,-3.0824736222784894,-2.1984614178755866,-1.222321261652478,-0.2512676236251075,0.6368312938218359
TS7,2021-07-31 07:30:00,-1.2252932896417261,-3.0859647319935863,-2.198833107277038,-1.2252932896417261,-0.25560925697988063,0.6296568203439261
TS7,2021-07-31 07:35:00,-1.1696958669968787,-3.045172090506771,-2.1597403097890435,-1.1696958669968787,-0.17835812764927472,0.7101110878130003
TS7,2021-07-31 07:40:00,-1.2043522407183633,-3.08841986081464,-2.2010213443455027,-1.2043522407183633,-0.21885443350965542,0.6669345087909203
TS7,2021-07-31 07:45:00,-1.2052133761716162,-3.0871784199334296,-2.1945120389063635,-1.2052133761716162,-0.20131586197442405,0.679802817004444
TS7,2021-07-31 07:50:00,-1.1755396796983273,-3.07128326760678,-2.1719449149524697,-1.1755396796983273,-0.17689820025401434,0.7218272118418274
TS7,2021-07-31 07:55:00,-1.2011062985579972,-3.108631900953965,-2.1991385505205128,-1.2011062985579972,-0.19647185625031482,0.7099872441937546
TS7,2021-07-31 08:00:00,-1.1936610539605017,-3.103257088676927,-2.2029661710011417,-1.1936610539605017,-0.17691859286284697,0.7223072182486805
TS7,2021-07-31 08:05:00,-1.165018389650402,-3.0883759020965504,-2.1780671776786025,-1.165018389650402,-0.14928950246810802,0.7673567350691811
TS7,2021-07-31 08:10:00,-1.1521841310507785,-3.081384349932972,-2.167314630303589,-1.1521841310507785,-0.1461071155828852,0.77247876970515
TS7,2021-07-31 08:15:00,-1.1368919054264028,-3.0707317914795476,-2.154072225966703,-1.1368919054264028,-0.11014081536928393,0.8059369706061299
TS7,2021-07-31 08:20:00,-1.1311899159051262,-3.0899202933710614,-2.1618637285618063,-1.1311899159051262,-0.09412758693725944,0.8203238368067887
TS7,2021-07-31 08:25:00,-1.1194427123357866,-3.0793425175612477,-2.1479882243178543,-1.1194427123357866,-0.08202927444552699,0.838246607098089
TS7,2021-07-31 08:30:00,-1.132040976229375,-3.095863491819611,-2.166124321638512,-1.132040976229375,-0.10079060224374337,0.8479699586569415
TS7,2021-07-31 08:35:00,-1.125856584075477,-3.1185474707440783,-2.1817813499537526,-1.125856584075477,-0.09813042303946767,0.8462346058707493
TS7,2021-07-31 08:40:00,-1.155144403087151,-3.155482942109214,-2.207913437267689,-1.155144403087151,-0.11349446027375917,0.8355267382404964
TS7,2021-07-31 08:45:00,-1.133472241858828,-3.1263898117444473,-2.183891703109661,-1.133472241858828,-0.07498842872184319,0.8561386318129204
TS7,2021-07-31 08:50:00,-1.1043063134888003,-3.12557612736729,-2.1768410025071945,-1.1043063134888003,-0.056629449295784375,0.8837629083716542
TS7,2021-07-31 08:55:00,-1.0810112846542588,-3.087943372347062,-2.141601460807304,-1.0810112846542588,-0.0177620706124453,0.9224257170810065
TS7,2021-07-31 09:00:00,-1.0272518545307519,-3.040033721503453,-2.0905139179355805,-1.0272518545307519,0.04782186743458842,0.9896047192433985
TS7,2021-07-31 09:05:00,-1.0307166456144092,-3.048054076132121,-2.099145007143332,-1.0307166456144092,0.03452867994908843,0.9926663245983991
TS7,2021-07-31 09:10:00,-1.022122307457841,-3.0422579493703377,-2.0855180060151004,-1.022122307457841,0.059411592939370844,1.0224268299205894
TS7,2021-07-31 09:15:00,-0.9665551791928134,-3.01196889334438,-2.0462259299065635,-0.9665551791928134,0.11312934665703353,1.0762948377872548
TS7,2021-07-31 09:20:00,-0.9284680507491697,-2.977383674264636,-2.007306453406048,-0.9284680507491697,0.15230579587205784,1.12013102815309
TS7,2021-07-31 09:25:00,-0.9022882593605542,-2.949562078770356,-1.9774943826239357,-0.9022882593605542,0.1724897783171528,1.1563305570416116
TS7,2021-07-31 09:30:00,-0.9114465367269375,-2.9887928258612377,-2.0069676512839485,-0.9114465367269375,0.16717827323417211,1.1522319655678657
TS7,2021-07-31 09:35:00,-0.9371821918837435,-2.99614097186493,-2.0252085697869995,-0.9371821918837435,0.1704254859679175,1.1425270256845836
TS7,2021-07-31 09:40:00,-0.9398747852968312,-3.025648954109048,-2.0416250192508985,-0.9398747852968312,0.15797657455249453,1.14035844841267
TS7,2021-07-31 09:45:00,-0.9067268484936988,-3.0164285371205053,-2.009211800336682,-0.9067268484936988,0.20072934831641187,1.1861334911633152
TS7,2021-07-31 09:50:00,-0.8318459316328706,-2.931724128562341,-1.9339162549362272,-0.8318459316328706,0.2731808538641706,1.26001720142478
TS7,2021-07-31 09:55:00,-0.8159906996404718,-2.8973132801568697,-1.9183344762112156,-0.8159906996404718,0.30221743338486895,1.3000767505332358
TS7,2021-07-31 10:00:00,-0.8570078161043568,-2.962792462221836,-1.9701396320282356,-0.8570078161043568,0.2516264243468853,1.2450125289773442
TS7,2021-07-31 10:05:00,-0.8570487348798627,-2.9903520720035486,-1.988757346564599,-0.8570487348798627,0.2661201412520973,1.2763131877209855
TS7,2021-07-31 10:10:00,-0.8089399784241479,-2.9406672530615303,-1.9398751305768727,-0.8089399784241479,0.320545998100742,1.328321979578654
TS7,2021-07-31 10:15:00,-0.7164911272167268,-2.861133906993142,-1.8447568067846911,-0.7164911272167268,0.40883490010363605,1.4196207068966962
TS7,2021-07-31 10:20:00,-0.8348832892302669,-2.972146144743815,-1.956692506813663,-0.8348832892302669,0.2978815241796571,1.307028474645612
TS7,2021-07-31 10:25:00,-0.8653770062727479,-3.022564389164745,-2.0044067436856965,-0.8653770062727479,0.2731727241639006,1.2998162116812992
TS7,2021-07-31 10:30:00,-0.8302597744653937,-2.9864431811871954,-1.9628583143297924,-0.8302597744653937,0.30479568465546814,1.3262779188179374
TS7,2021-07-31 10:35:00,-0.7208339854296608,-2.884203700603383,-1.8570331026144087,-0.7208339854296608,0.42042229574046613,1.4507149634789283
TS7,2021-07-31 10:40:00,-0.7175123206135398,-2.9059522579087123,-1.8690157280481887,-0.7175123206135398,0.43264274860779767,1.4624957666849052
TS7,2021-07-31 10:45:00,-0.6807785727061232,-2.862076542525936,-1.8278672359957462,-0.6807785727061232,0.4694425746288732,1.5095771699913938
TS7,2021-07-31 10:50:00,-0.595676902989362,-2.7802095623505187,-1.743973362476173,-0.595676902989362,0.5602193971786859,1.5887093627682052
TS7,2021-07-31 10:55:00,-0.6033006194559435,-2.821298679468153,-1.7701837023761748,-0.6033006194559435,0.5397893923149445,1.5866388076711486
TS7,2021-07-31 11:00:00,-0.6047526423111821,-2.7954312154052348,-1.7694872895469325,-0.6047526423111821,0.5518377210553882,1.6157030595080375
TS7,2021-07-31 11:05:00,-0.31910509223210437,-2.546088740619503,-1.4703995109423562,-0.31910509223210437,0.8474149078540972,1.8934775396901418
TS7,2021-07-31 11:10:00,-0.21756017965041838,-2.443417643987898,-1.377595409667407,-0.21756017965041838,0.9523603485669707,2.0115973448213973
TS7,2021-07-31 11:15:00,-0.29688720206944014,-2.529486458021106,-1.4621404309309847,-0.29688720206944014,0.8831163695633357,1.9361049240383874
TS7,2021-07-31 11:20:00,-0.335125056387653,-2.567290573413579,-1.5073242617763403,-0.335125056387653,0.8383195191133042,1.8986418559005662
TS7,2021-07-31 11:25:00,-0.3881243154862071,-2.632692132998407,-1.5604350522218606,-0.3881243154862071,0.7941132233130092,1.8424519197759728
TS7,2021-07-31 11:30:00,-0.29644115336697957,-2.5517854180991586,-1.4858080136707676,-0.29644115336697957,0.8797806594387719,1.9523226976847203
TS7,2021-07-31 11:35:00,-0.10898008883213892,-2.369115495124789,-1.289768889544775,-0.10898008883213892,1.0666466903986498,2.1439403630728
TS7,2021-07-31 11:40:00,-0.08326521278181037,-2.3424238295890873,-1.2677007384184802,-0.08326521278181037,1.1180375533642144,2.186331935878097
TS7,2021-07-31 11:45:00,-0.13677845743005712,-2.4379393214030998,-1.337641471299725,-0.13677845743005712,1.0605823318563872,2.1467630736204755
TS7,2021-07-31 11:50:00,-0.07351669857709808,-2.34947059896934,-1.2638066678534374,-0.07351669857709808,1.1222170081486573,2.2159346403033804
TS7,2021-07-31 11:55:00,-0.03706163017859514,-2.3384979364284835,-1.2536621270419352,-0.03706163017859514,1.1574465760132702,2.247928237316396
TS7,2021-07-31 12:00:00,0.13542330271247788,-2.153364674141401,-1.0699167409604236,0.13542330271247788,1.339803810706194,2.432635104910764
TS7,2021-07-31 12:05:00,0.3576203505313641,-1.9364422405658714,-0.8430739155924097,0.3576203505313641,1.5754480917232416,2.6707577366736484
TS7,2021-07-31 12:10:00,0.3812184966406391,-1.9161088098891894,-0.8241992803675647,0.3812184966406391,1.607690746198695,2.699493939166907
TS7,2021-07-31 12:15:00,0.4379891063372328,-1.8729121341622124,-0.7840949887383541,0.4379891063372328,1.6502270045775203,2.751504313272949
TS7,2021-07-31 12:20:00,0.3363838706695441,-1.974760266432739,-0.87767444761857,0.3363838706695441,1.5649157607924524,2.674853320547129
TS7,2021-07-31 12:25:00,0.3528938547357008,-1.9774546766988739,-0.8693931817385651,0.3528938547357008,1.5839260401674606,2.6799225051217284
TS7,2021-07-31 12:30:00,0.4830867658640398,-1.8645254993621587,-0.7549062747285833,0.4830867658640398,1.7119595288450566,2.825663086645651
TS7,2021-07-31 12:35:00,0.5483688671341186,-1.8041820566912143,-0.6836061227279209,0.5483688671341186,1.7898086092393841,2.9137324803729587
TS7,2021-07-31 12:40:00,0.6269071557561303,-1.7421925730231238,-0.6239519348056918,0.6269071557561303,1.8613936130503543,2.9813328868401965
TS7,2021-07-31 12:45:00,0.5577936286401268,-1.7878930664312005,-0.6825270381924388,0.5577936286401268,1.8041225980636255,2.9210914208519387
TS7,2021-07-31 12:50:00,0.6046099767065775,-1.752359930539827,-0.6279594645382988,0.6046099767065775,1.8543009239760098,2.986363400744911
TS7,2021-07-31 12:55:00,0.8132778513276219,-1.547069114686673,-0.43084230879500585,0.8132778513276219,2.0694710852108225,3.1972320679232213
TS7,2021-07-31 13:00:00,0.7632353324094641,-1.611108373293802,-0.48281121131648963,0.7632353324094641,2.021391257024069,3.1446657462849883
TS7,2021-07-31 13:05:00,0.7252734670480819,-1.667772119572376,-0.5305402724708901,0.7252734670480819,1.98805695434019,3.104425813337373
TS7,2021-07-31 13:10:00,0.7496621324773567,-1.658105691573774,-0.510028865278429,0.7496621324773567,2.006210947865749,3.1521209547322706
TS7,2021-07-31 13:15:00,0.8067099143000085,-1.597135445921746,-0.45142586623830283,0.8067099143000085,2.072434981188662,3.211235019104341
TS7,2021-07-31 13:20:00,0.7870098948642639,-1.612505167034603,-0.47279049069330215,0.7870098948642639,2.0577825224612,3.1958713916320924
TS7,2021-07-31 13:25:00,0.9710082060321419,-1.4455174690343509,-0.29574406681368837,0.9710082060321419,2.2350109711922306,3.3816849654929744
TS7,2021-07-31 13:30:00,1.1269252337028801,-1.2975301406841524,-0.14752221440283028,1.1269252337028801,2.4077174404111004,3.5413696767991363
TS7,2021-07-31 13:35:00,0.935794254344252,-1.504114688502561,-0.34484755162354724,0.935794254344252,2.2154323518460615,3.360734906517384
TS7,2021-07-31 13:40:00,0.8733498517762555,-1.5539369487917056,-0.40150139322022055,0.8733498517762555,2.1641193300811787,3.3271455116109343
TS7,2021-07-31 13:45:00,1.1324029163813183,-1.295201983996228,-0.14753117557886222,1.1324029163813183,2.412060768101838,3.5639083860771534
TS7,2021-07-31 13:50:00,1.0047758569965655,-1.433047861283235,-0.2740632613782998,1.0047758569965655,2.29803761898697,3.460909707647741
TS7,2021-07-31 13:55:00,1.0136854653698384,-1.4445006643139466,-0.28272960450321244,1.0136854653698384,2.318089061403348,3.4972432571590453
TS7,2021-07-31 14:00:00,1.1008348257870608,-1.3717690952046144,-0.20775446511622947,1.1008348257870608,2.402087159781447,3.580031227886333
TS7,2021-07-31 14:05:00,1.2533621689506804,-1.2200414452403068,-0.05005703726750117,1.2533621689506804,2.5512536806275743,3.716813782029615
TS7,2021-07-31 14:10:00,1.2225276283217288,-1.255621370871694,-0.08862444024758295,1.2225276283217288,2.532264620865043,3.7033460834340723
TS7,2021-07-31 14:15:00,1.2061377610648654,-1.283686343942647,-0.11387676092310522,1.2061377610648654,2.512797912659887,3.6830494553592747
TS7,2021-07-31 14:20:00,1.2492280674319114,-1.2522851418481704,-0.06556186693364588,1.2492280674319114,2.5547914706480754,3.7362578283157477
TS7,2021-07-31 14:25:00,1.1792203450858836,-1.3212663504378483,-0.13658688823366014,1.1792203450858836,2.4928756726332306,3.67715368419767
TS7,2021-07-31 14:30:00,1.0989847821839354,-1.4036620755533034,-0.21996833342121674,1.0989847821839354,2.41932464365561,3.6011006553183944
TS7,2021-07-31 14:35:00,0.9897420966122652,-1.5236270419073146,-0.3334919727365786,0.9897420966122652,2.3185522278763115,3.507444567205102
TS7,2021-07-31 14:40:00,1.1371358416619537,-1.3877364615852146,-0.17871551140510597,1.1371358416619537,2.452655837428014,3.6565707952104924
TS7,2021-07-31 14:45:00,1.1205352155067785,-1.4135917519450198,-0.21255428746254654,1.1205352155067785,2.4598084763155366,3.6484571639269143
TS7,2021-07-31 14:50:00,1.2917136840072925,-1.232004700114328,-0.05066396240729357,1.2917136840072925,2.619553613935511,3.8358243154093556
TS7,2021-07-31 14:55:00,1.2447673960376417,-1.2984474957788152,-0.10412307556628726,1.2447673960376417,2.5848037642659407,3.771018418449019
TS7,2021-07-31 15:00:00,1.2191983495119134,-1.3456954322554169,-0.1295336288803569,1.2191983495119134,2.545312954782394,3.78060293454786
TS7,2021-07-31 15:05:00,1.230745782376416,-1.3209260688725737,-0.10975959733598856,1.230745782376416,2.5641499257511815,3.781309638144029
TS7,2021-07-31 15:10:00,1.4273355189606336,-1.1092174034317814,0.0914645597426906,1.4273355189606336,2.7744374007856307,3.997626037899359
TS7,2021-07-31 15:15:00,1.3246844162966502,-1.2426478502554472,-0.016501412938472668,1.3246844162966502,2.67065475704623,3.8759642351045853
TS7,2021-07-31 15:20:00,1.1843964707019061,-1.3960540654413738,-0.1639173660401735,1.1843964707019061,2.530375482916383,3.764814934088522
TS7,2021-07-31 15:25:00,1.3272255126396624,-1.2373267027025852,-0.02331205285770318,1.3272255126396624,2.681781827236209,3.8965366857643335
TS7,2021-07-31 15:30:00,1.3190964507841287,-1.2635806682775006,-0.034508988593093474,1.3190964507841287,2.6714294480503007,3.894082491832073
TS7,2021-07-31 15:35:00,1.291472669377466,-1.2754196424051407,-0.06291170191316761,1.291472669377466,2.663019508728053,3.8764233739605536
TS7,2021-07-31 15:40:00,1.2959556456480246,-1.2641229539547862,-0.056751678213135204,1.2959556456480246,2.6719173834298973,3.9019554465546165
TS7,2021-07-31 15:45:00,1.2251454573670304,-1.3726491871691622,-0.13274122432022614,1.2251454573670304,2.5919524193844388,3.820689095294237
TS7,2021-07-31 15:50:00,1.2765929613348481,-1.3322545411677953,-0.09501967112525514,1.2765929613348481,2.6489426260533184,3.884227599800472
TS7,2021-07-31 15:55:00,1.1450963935567235,-1.4766013897411148,-0.2281925033496997,1.1450963935567235,2.5196279754938886,3.7724581307735705
TS7,2021-07-31 16:00:00,1.0771123068931727,-1.539807623108952,-0.2991337821461972,1.0771123068931727,2.4597076220108978,3.6873845871647526
TS7,2021-07-31 16:05:00,0.9593095699493066,-1.6537045194174933,-0.41120579428002146,0.9593095699493066,2.3492377425681834,3.605397093513865
TS7,2021-07-31 16:10:00,1.0946708469919308,-1.5432810451306882,-0.28644509007931557,1.0946708469919308,2.478279962333127,3.734298171101439
TS7,2021-07-31 16:15:00,1.1664276709515784,-1.4763912251446603,-0.2321764158759387,1.1664276709515784,2.541821772298844,3.79927447730334
TS7,2021-07-31 16:20:00,1.028173357011608,-1.6059594462912077,-0.35639002878512305,1.028173357011608,2.419497594972872,3.673478164232807
TS7,2021-07-31 16:25:00,0.9378282926950087,-1.7171805418959847,-0.4406240073974259,0.9378282926950087,2.3400559793104945,3.581092998059134
TS7,2021-07-31 16:30:00,1.0930203992241614,-1.557057598602906,-0.3032429206097204,1.0930203992241614,2.499560058198326,3.764185094457308
TS7,2021-07-31 16:35:00,1.047567563839024,-1.6274017198038107,-0.344767629389081,1.047567563839024,2.441479636723588,3.719191932482506
TS7,2021-07-31 16:40:00,0.8587253550807453,-1.8048197042202105,-0.5484658473371798,0.8587253550807453,2.2718084234932276,3.525621171210745
TS7,2021-07-31 16:45:00,0.8993275892586563,-1.7786037234322174,-0.5221300849835138,0.8993275892586563,2.2991119403406315,3.565958622516061
TS7,2021-07-31 16:50:00,0.9448792655538713,-1.7311556479881913,-0.4549727529528684,0.9448792655538713,2.34502789041745,3.622483006380322
TS7,2021-07-31 16:55:00,0.997921915612095,-1.6900021606543463,-0.41385333256443835,0.997921915612095,2.412416233608481,3.681294138549234
TS7,2021-07-31 17:00:00,0.8205848569253432,-1.8827334998167977,-0.6024233563839749,0.8205848569253432,2.2419380618152105,3.508726473917346
TS7,2021-07-31 17:05:00,0.6330429214595935,-2.0468366671626574,-0.7725738227081018,0.6330429214595935,2.0567772665221247,3.332685811161376
TS7,2021-07-31 17:10:00,0.8228084734610377,-1.875805845778811,-0.599531503501104,0.8228084734610377,2.2452020586970645,3.54383207695935
TS7,2021-07-31 17:15:00,0.6677902042888146,-2.033008882849648,-0.750903089684827,0.6677902042888146,2.086402784237763,3.3750992866005367
TS7,2021-07-31 17:20:00,0.6610853223590368,-2.0424672686186542,-0.7628242342374826,0.6610853223590368,2.0772960916914793,3.362653272273083
TS7,2021-07-31 17:25:00,0.8351347712880576,-1.8880644098354495,-0.5970348679023951,0.8351347712880576,2.261870318209624,3.5520005173989313
TS7,2021-07-31 17:30:00,0.7692765234700127,-1.9587284596971313,-0.6765422511611109,0.7692765234700127,2.199592306654607,3.5055517168802903
TS7,2021-07-31 17:35:00,0.8068403599098842,-1.9210173114202547,-0.6266878992813393,0.8068403599098842,2.248260800457377,3.5505886052644073
TS7,2021-07-31 17:40:00,0.7086491282706391,-2.0156416678847293,-0.7276293514135999,0.7086491282706391,2.1458813066876448,3.466403340755357
TS7,2021-07-31 17:45:00,0.6233404622592562,-2.1258287594060064,-0.8192697465519299,0.6233404622592562,2.0701820148568424,3.3541098464191323
TS7,2021-07-31 17:50:00,0.6716481786947541,-2.0699542452982227,-0.7647411091017736,0.6716481786947541,2.1288731275176507,3.4602864022312723
TS7,2021-07-31 17:55:00,0.7409442707039683,-2.031148961881543,-0.7160536297421005,0.7409442707039683,2.1855384934049993,3.500691220364965
TS7,2021-07-31 18:00:00,0.7030655048734671,-2.0575743794125594,-0.7550161825419279,0.7030655048734671,2.156623172461537,3.4670602355852966
TS7,2021-07-31 18:05:00,0.7281496641835007,-2.0437126772376,-0.731960161707795,0.7281496641835007,2.187176786065016,3.5094977754509546
TS7,2021-07-31 18:10:00,0.8216274712479307,-1.9561058746719358,-0.6282250757421987,0.8216274712479307,2.3017286609239616,3.615519828106648
TS7,2021-07-31 18:15:00,0.7615741739817377,-2.0293694380352054,-0.69959734397768,0.7615741739817377,2.225719645584632,3.5525044046841154
TS7,2021-07-31 18:20:00,0.6176219415461073,-2.1779482898878606,-0.8555215943937918,0.6176219415461073,2.0849558536930592,3.4125554787498467
TS7,2021-07-31 18:25:00,0.7616984839324306,-2.018028861416376,-0.7000930617402632,0.7616984839324306,2.247745848954528,3.569800493748739
TS7,2021-07-31 18:30:00,0.817513716369191,-1.9711362911424528,-0.645734231273382,0.817513716369191,2.2788298501857196,3.62800554405766
TS7,2021-07-31 18:35:00,0.7553846611650158,-2.045545096430228,-0.7108573368294779,0.7553846611650158,2.244797905211298,3.5793669086614233
TS7,2021-07-31 18:40:00,0.7142134664280565,-2.082245775098271,-0.7598790915057537,0.7142134664280565,2.195368335993954,3.519702460904018
TS7,2021-07-31 18:45:00,0.6877653206797842,-2.1235400884450524,-0.7987232331361742,0.6877653206797842,2.1727866810301077,3.519727052088538
TS7,2021-07-31 18:50:00,0.7746224557285392,-2.054542383263761,-0.7148941537654372,0.7746224557285392,2.2546222587349383,3.590342381281835
TS7,2021-07-31 18:55:00,0.8395628019410749,-1.9750220764066166,-0.638211337795534,0.8395628019410749,2.3436322301772634,3.689943557067518
TS7,2021-07-31 19:00:00,0.7825955116969138,-2.046088735327534,-0.703759499172132,0.7825955116969138,2.2693429135869527,3.6255257289992633
TS7,2021-07-31 19:05:00,0.7144102832644589,-2.12359249424804,-0.789154138148715,0.7144102832644589,2.2085853156855073,3.5464621347660903
TS7,2021-07-31 19:10:00,0.7635498717379354,-2.0675926589451143,-0.7321828949612229,0.7635498717379354,2.257667359026835,3.6090063291752132
TS7,2021-07-31 19:15:00,0.9936618605446618,-1.869870768247756,-0.4991393100277756,0.9936618605446618,2.4988594686931176,3.884203779147536
TS7,2021-07-31 19:20:00,1.0530284034828838,-1.8070648550395128,-0.4446716751441259,1.0530284034828838,2.5452165131410314,3.909798046115329
TS7,2021-07-31 19:25:00,1.0607144729172324,-1.813432716523017,-0.45531595872858655,1.0607144729172324,2.558037588957244,3.9195999867066664
TS7,2021-07-31 19:30:00,1.0506641592131645,-1.8053472073395773,-0.4584010759466952,1.0506641592131645,2.5714014574192157,3.9465741100283407
TS7,2021-07-31 19:35:00,1.0416845466473867,-1.8308224057637918,-0.4732780798159742,1.0416845466473867,2.558520334530076,3.9359480619005094
TS7,2021-07-31 19:40:00,0.9462083781617954,-1.9238993459533373,-0.5667708216312782,0.9462083781617954,2.4630202944945507,3.8450460351309026
TS7,2021-07-31 19:45:00,0.9482359908574298,-1.9308191956159073,-0.5695888281162973,0.9482359908574298,2.4729687109631198,3.8565883395820677
TS7,2021-07-31 19:50:00,0.9220490307819403,-1.95871011103408,-0.6105771241225814,0.9220490307819403,2.4550112481637574,3.8466594464908344
TS7,2021-07-31 19:55:00,0.7809920775439101,-2.13353183906781,-0.7680199812619175,0.7809920775439101,2.309427593231158,3.6844556258590186
TS7,2021-07-31 20:00:00,0.8646193117063112,-2.030396479610998,-0.6466542102887971,0.8646193117063112,2.4120309158265205,3.7998908696279403
TS7,2021-07-31 20:05:00,1.1006522220915267,-1.8069038279372625,-0.42420497377944455,1.1006522220915267,2.6241123626468137,4.017612925072028
TS7,2021-07-31 20:10:00,0.9696367353167084,-1.9258759253670157,-0.5520819336045262,0.9696367353167084,2.530372668621328,3.9155671919572854
TS7,2021-07-31 20:15:00,1.1019596282717148,-1.816248457427653,-0.4489880548287473,1.1019596282717148,2.6425711851825433,4.038418256060247
TS7,2021-07-31 20:20:00,1.0244016122101067,-1.8917027464892375,-0.5173902216068678,1.0244016122101067,2.569565366239287,3.9726011864598396
TS7,2021-07-31 20:25:00,0.9762353192747711,-1.9559626237672056,-0.5673608652551967,0.9762353192747711,2.5166329490878243,3.9316938669338555
TS7,2021-07-31 20:30:00,1.0955135905141233,-1.8351516556663758,-0.44411935101880023,1.0955135905141233,2.6616825349817437,4.047803580633069
TS7,2021-07-31 20:35:00,1.2159607648248494,-1.7373052188915388,-0.3467632885747459,1.2159607648248494,2.7699590774010434,4.195348926768306
TS7,2021-07-31 20:40:00,1.0813084699946758,-1.8730635333730212,-0.4729279850808454,1.0813084699946758,2.63805056645593,4.050744449167633
TS7,2021-07-31 20:45:00,1.0814853082640996,-1.8579866960894262,-0.4632765329696394,1.0814853082640996,2.671426856956059,4.0673943273467685
TS7,2021-07-31 20:50:00,1.0075685118632587,-1.9437363707115727,-0.5340760810954744,1.0075685118632587,2.591096351907356,3.993922304300447
TS7,2021-07-31 20:55:00,0.9165006731709512,-2.0649132015778675,-0.6377363388863402,0.9165006731709512,2.4765951772959705,3.909847264806451
TS7,2021-07-31 21:00:00,1.0528726895609501,-1.921314216165846,-0.5133087356066137,1.0528726895609501,2.6106362685199187,4.025163142383999
TS7,2021-07-31 21:05:00,1.3139826971859898,-1.6642873176586537,-0.25453787249540427,1.3139826971859898,2.890793367395917,4.31235785178023
TS7,2021-07-31 21:10:00,1.2388709796507476,-1.7358768663018527,-0.3378069165396132,1.2388709796507476,2.810154487446925,4.245059401903911
TS7,2021-07-31 21:15:00,1.3108460665798796,-1.6618503978308112,-0.2567458559602189,1.3108460665798796,2.884293141525866,4.336075483655416
TS7,2021-07-31 21:20:00,1.3130113139404533,-1.6908074733144154,-0.27098355975076954,1.3130113139404533,2.901560134735705,4.323107334342082
TS7,2021-07-31 21:25:00,1.258454287398763,-1.7374377721158172,-0.3112206336632343,1.258454287398763,2.830985212411638,4.258813951447078
TS7,2021-07-31 21:30:00,1.1355906481237608,-1.864508130254596,-0.4472485876185699,1.1355906481237608,2.7035055027133987,4.162917878139018
TS7,2021-07-31 21:35:00,1.353302209007781,-1.664679593382208,-0.23716806027081055,1.353302209007781,2.9362096169012575,4.381943541187156
TS7,2021-07-31 21:40:00,1.2321214636991245,-1.779160241417486,-0.3648665889393876,1.2321214636991245,2.8268966601483223,4.263304003807006
TS7,2021-07-31 21:45:00,1.2120582275369152,-1.8032906504967035,-0.3785555973069854,1.2120582275369152,2.8056214481925172,4.249532640696725
TS7,2021-07-31 21:50:00,1.2784342498323689,-1.7387302503433832,-0.32017012703286524,1.2784342498323689,2.8675709387460904,4.306232829332315
TS7,2021-07-31 21:55:00,1.1797275044992128,-1.849919003768185,-0.4225071101680633,1.1797275044992128,2.7760766818560283,4.229611860462478
TS7,2021-07-31 22:00:00,1.2091880927718601,-1.8530760884842827,-0.40696823878201505,1.2091880927718601,2.805631664537958,4.241024689437321
TS7,2021-07-31 22:05:00,1.3025034888188645,-1.7266254151387803,-0.30286322082873374,1.3025034888188645,2.924078488083978,4.372608722947658
TS7,2021-07-31 22:10:00,1.2452863140152837,-1.8075813084280918,-0.35900885312593744,1.2452863140152837,2.8694163198743223,4.313031573781786
TS7,2021-07-31 22:15:00,1.1365704049138663,-1.9031500840371447,-0.4566445328469983,1.1365704049138663,2.749083255571129,4.2163677485821776
TS7,2021-07-31 22:20:00,1.1905150000270355,-1.8654780049414807,-0.42442675735944596,1.1905150000270355,2.811513251436943,4.271263966344763
TS7,2021-07-31 22:25:00,1.1810154454461064,-1.8875938181218486,-0.4350116278207309,1.1810154454461064,2.809629492948846,4.257140185137457
TS7,2021-07-31 22:30:00,1.196338863173993,-1.8736148906274637,-0.423498056792763,1.196338863173993,2.8201970456888055,4.294502138947004
TS7,2021-07-31 22:35:00,1.1218099692668404,-1.9508778834180265,-0.48729129775133373,1.1218099692668404,2.752357289089065,4.221751331381271
TS7,2021-07-31 22:40:00,1.0486274047169304,-2.023423870234046,-0.551885376850849,1.0486274047169304,2.6887091965022156,4.163771482876131
TS7,2021-07-31 22:45:00,1.0658400992763335,-2.010904088884903,-0.5560168039209338,1.0658400992763335,2.7070547799772005,4.1681739873550985
TS7,2021-07-31 22:50:00,1.0985383738907262,-2.0066017023123313,-0.5420372364865718,1.0985383738907262,2.733506494188076,4.203062246073295
TS7,2021-07-31 22:55:00,0.902583658232752,-2.1839801215582804,-0.7205777239834528,0.902583658232752,2.538336092217065,4.02545921210528
TS7,2021-07-31 23:00:00,1.0373307129219806,-2.0624388480878695,-0.5980394171740958,1.0373307129219806,2.6812353261808104,4.154916170908256
TS7,2021-07-31 23:05:00,0.994760490378804,-2.1009850782925934,-0.6441584157945536,0.994760490378804,2.632322888193746,4.094615288287402
TS7,2021-07-31 23:10:00,0.8960514606866188,-2.2216872629607987,-0.7565156160289921,0.8960514606866188,2.561885943900323,4.028781131666762
TS7,2021-07-31 23:15:00,0.9198588508419905,-2.2100113641342505,-0.7329885500940141,0.9198588508419905,2.570497418543139,4.041137221730607
TS7,2021-07-31 23:20:00,0.8531428566744034,-2.2400248831106917,-0.7795210855159448,0.8531428566744034,2.500537240147782,4.0069996744974965
TS7,2021-07-31 23:25:00,0.7120180625628887,-2.4215408511849246,-0.9480744409859625,0.7120180625628887,2.3641149319178596,3.8541219197295495
TS7,2021-07-31 23:30:00,0.7122625688540472,-2.422864124724857,-0.9500288490665755,0.7122625688540472,2.3584304204918687,3.8506333430339192
TS7,2021-07-31 23:35:00,0.681946960104441,-2.460210938091117,-0.9894646579806341,0.681946960104441,2.339019325062659,3.818741125077313
TS7,2021-07-31 23:40:00,0.6516091068432927,-2.507945946061235,-1.0195576148224614,0.6516091068432927,2.3095901406970687,3.7999112302441613
TS7,2021-07-31 23:45:00,0.48664736402271375,-2.678601779337042,-1.1869346870634359,0.48664736402271375,2.156472191083367,3.64318915150403
TS7,2021-07-31 23:50:00,0.3518028901855582,-2.789405714431532,-1.3167120156905416,0.3518028901855582,2.0256402301595453,3.551964021532876
TS7,2021-07-31 23:55:00,0.2829145753961071,-2.9358548591110996,-1.4103313048810355,0.2829145753961071,1.9934554119322303,3.5231495140727778
TS8,2021-07-31 00:00:00,0.23283258931766265,-0.13418907647809117,0.03556531527494516,0.23283258931766265,0.4297933813038429,0.607202261430831
TS8,2021-07-31 00:05:00,0.07912468610874036,-0.349047393856404,-0.14063599387561587,0.07912468610874036,0.3033232649286005,0.5080957320105686
TS8,2021-07-31 00:10:00,0.06992218577234424,-0.4196857737572153,-0.18191060663708103,0.06992218577234424,0.32238962294578494,0.5503718465337109
TS8,2021-07-31 00:15:00,0.10881711929709321,-0.4036788688135867,-0.1625221311963557,0.10881711929709321,0.38120738926379033,0.6271278613653147
TS8,2021-07-31 00:20:00,0.0921302180216757,-0.4542910781186952,-0.19311335867798787,0.0921302180216757,0.3858985375515698,0.6511021539809964
TS8,2021-07-31 00:25:00,0.017764351955001794,-0.5704404805163578,-0.2933289619932009,0.017764351955001794,0.3299104790812899,0.608630331314175
TS8,2021-07-31 00:30:00,-0.024443623561802918,-0.6525443398476198,-0.353204294690275,-0.024443623561802918,0.29905513911303805,0.5878215599266257
TS8,2021-07-31 00:35:00,-0.02145609276535476,-0.6623744030369365,-0.3554188309336491,-0.02145609276535476,0.3235567490615929,0.6356694816366011
TS8,2021-07-31 00:40:00,-0.1331781583537001,-0.8121195269986181,-0.4914951535401074,-0.1331781583537001,0.22589285892828406,0.5381378869726446
TS8,2021-07-31 00:45:00,-0.23863650484692447,-0.9325633105364053,-0.6121707414586857,-0.23863650484692447,0.12311426727849609,0.45949328804236245
TS8,2021-07-31 00:50:00,-0.28072797577417224,-1.0107154844066726,-0.6655617161716921,-0.28072797577417224,0.0970141091937603,0.4389964902934764
TS8,2021-07-31 00:55:00,-0.3032926245194749,-1.0408307888405395,-0.6919748267797488,-0.3032926245194749,0.09116911267818631,0.4513810453055083
TS8,2021-07-31 01:00:00,-0.2915253783316778,-1.0622954751576739,-0.6973232295797425,-0.2915253783316778,0.11344048794544384,0.46953035894659995
TS8,2021-07-31 01:05:00,-0.3375946689407944,-1.1276563966385098,-0.7493956559271671,-0.3375946689407944,0.08187775431805015,0.4487098014102738
TS8,2021-07-31 01:10:00,-0.3598155334302111,-1.1686406051718252,-0.7869958636179796,-0.3598155334302111,0.0595721346914081,0.45211212926297784
TS8,2021-07-31 01:15:00,-0.392786522749301,-1.2180798086569602,-0.8320864759295327,-0.392786522749301,0.04800389627877326,0.4420639784353292
TS8,2021-07-31 01:20:00,-0.5074925229305668,-1.3525696813779993,-0.9566880006280652,-0.5074925229305668,-0.05172227805139589,0.34817653916891916
TS8,2021-07-31 01:25:00,-0.547419139069015,-1.4147385391726455,-1.0037469723120243,-0.547419139069015,-0.08434893074228902,0.3293778806998306
TS8,2021-07-31 01:30:00,-0.5956022564949967,-1.5015666268788124,-1.0703143143212528,-0.5956022564949967,-0.1248751375717676,0.29915937810284104
TS8,2021-07-31 01:35:00,-0.5545997159177466,-1.4530848487023758,-1.0306507726140315,-0.5545997159177466,-0.07468409872077655,0.3458923104269935
TS8,2021-07-31 01:40:00,-0.5027391864775156,-1.4412082198314802,-0.9990582547750189,-0.5027391864775156,-0.017245026873164877,0.4224194334009531
TS8,2021-07-31 01:45:00,-0.6280914267329988,-1.5631639211595234,-1.1196107741105266,-0.6280914267329988,-0.1298975307668677,0.3149344322840899
TS8,2021-07-31 01:50:00,-0.6583618435648114,-1.6227591689099568,-1.1600099566384279,-0.6583618435648114,-0.1577338392111013,0.2898840389078614
TS8,2021-07-31 01:55:00,-0.68442270359104,-1.657514517654073,-1.2022183847857684,-0.68442270359104,-0.1752986795449255,0.2983680834038208
TS8,2021-07-31 02:00:00,-0.743614393733828,-1.7524662054639402,-1.2734290391274004,-0.743614393733828,-0.22727075604642658,0.23872197090824943
TS8,2021-07-31 02:05:00,-0.7473308613387861,-1.7627187930565804,-1.2841723069158635,-0.7473308613387861,-0.2113855794953174,0.26903503638886084
TS8,2021-07-31 02:10:00,-0.761826730217758,-1.7808480989991384,-1.3014490925606803,-0.761826730217758,-0.23153002442100298,0.2447367519022307
TS8,2021-07-31 02:15:00,-0.8281756898243003,-1.8676973692505847,-1.369784333398384,-0.8281756898243003,-0.26814692952117014,0.2150804854428609
TS8,2021-07-31 02:20:00,-0.847037527942972,-1.8971428113477882,-1.4059265693784262,-0.847037527942972,-0.29470239565416,0.19797852590108406
TS8,2021-07-31 02:25:00,-0.8821122888462335,-1.9448271234818997,-1.4441042333746352,-0.8821122888462335,-0.32392907968272283,0.17766310208627525
TS8,2021-07-31 02:30:00,-0.8361038007823183,-1.9217993032327731,-1.3967969522931232,-0.8361038007823183,-0.27821482662469443,0.25648557287209883
TS8,2021-07-31 02:35:00,-0.8397545869024685,-1.9389877270234692,-1.4265219761977244,-0.8397545869024685,-0.2601058399373825,0.2567759054118819
TS8,2021-07-31 02:40:00,-0.9224103738629547,-2.041123884246265,-1.5136560449598029,-0.9224103738629547,-0.3357830839273939,0.19247575308831172
TS8,2021-07-31 02:45:00,-0.9467235514560984,-2.068908924663375,-1.5419446641449672,-0.9467235514560984,-0.3505192034195278,0.1939573797200536
TS8,2021-07-31 02:50:00,-0.9545779073476061,-2.0945348438612754,-1.5597149318315777,-0.9545779073476061,-0.3600213722980264,0.17521992388813978
TS8,2021-07-31 02:55:00,-0.9616462253703428,-2.1093724185351457,-1.5718763034915746,-0.9616462253703428,-0.358212943168828,0.18354411532773884
TS8,2021-07-31 03:00:00,-1.008307162495156,-2.185031118615185,-1.625934657565307,-1.008307162495156,-0.4012152106484663,0.15997569930680497
TS8,2021-07-31 03:05:00,-1.0185133566653641,-2.2100973410626192,-1.642217804333474,-1.0185133566653641,-0.39878197005902144,0.15857286359260023
TS8,2021-07-31 03:10:00,-0.9616361412021439,-2.163774203464267,-1.583325240413426,-0.9616361412021439,-0.3269561080469177,0.21969005420780474
TS8,2021-07-31 03:15:00,-0.9745351201738238,-2.1932317894066053,-1.6098466540662844,-0.9745351201738238,-0.34265256968246666,0.23066957437770064
TS8,2021-07-31 03:20:00,-1.0357193287634077,-2.2531050945205493,-1.6776683715073761,-1.0357193287634077,-0.3997993123554195,0.17687685190318841
TS8,2021-07-31 03:25:00,-1.0656984728710237,-2.3060473392470464,-1.7124254784117285,-1.0656984728710237,-0.42643217066305866,0.14629870282197915
TS8,2021-07-31 03:30:00,-1.0830548355620837,-2.3298374448764423,-1.7426728050444762,-1.0830548355620837,-0.42667886540136424,0.16580880830920386
TS8,2021-07-31 03:35:00,-1.0597047760150433,-2.3195008150582717,-1.7265014924623103,-1.0597047760150433,-0.4081624558397691,0.18254463714400293
TS8,2021-07-31 03:40:00,-1.0336034880605218,-2.3180093558201897,-1.710341998391917,-1.0336034880605218,-0.3761374588316681,0.21954633736804804
TS8,2021-07-31 03:45:00,-1.0399532917844272,-2.3322091253666835,-1.718662910120036,-1.0399532917844272,-0.3565391535220349,0.2304747472402345
TS8,2021-07-31 03:50:00,-0.9480270072629705,-2.247351097589043,-1.62801790205222,-0.9480270072629705,-0.2739185774513525,0.3306575572244576
TS8,2021-07-31 03:55:00,-1.0581113118715724,-2.362900726150927,-1.7491660034934908,-1.0581113118715724,-0.3756007399753984,0.24652032905668703
TS8,2021-07-31 04:00:00,-1.0905306484183077,-2.4167297155597462,-1.7964450419813214,-1.0905306484183077,-0.408483372926655,0.19919804055978163
TS8,2021-07-31 04:05:00,-1.0673183298528435,-2.4070403376330525,-1.7743315032147053,-1.0673183298528435,-0.37290429869195707,0.2573588669543474
TS8,2021-07-31 04:10:00,-1.0712843939145094,-2.4154337503514585,-1.7804212843123894,-1.0712843939145094,-0.36352251732192703,0.2509205537035397
TS8,2021-07-31 04:15:00,-1.0894246938572223,-2.4351372056261327,-1.7975461191784061,-1.0894246938572223,-0.39391861242846854,0.23757690764311165
TS8,2021-07-31 04:20:00,-1.139355505829678,-2.5058133869263792,-1.8583809636225612,-1.139355505829678,-0.42269259949614174,0.221264520272675
TS8,2021-07-31 04:25:00,-1.1112501323199422,-2.477345769865375,-1.82391088951045,-1.1112501323199422,-0.39441756417498397,0.25243618494571446
TS8,2021-07-31 04:30:00,-1.136891059778827,-2.5200428855697785,-1.8698055282778097,-1.136891059778827,-0.4125716729768716,0.2290165792660559
TS8,2021-07-31 04:35:00,-1.1944820383898864,-2.577474193833081,-1.9237604183494108,-1.1944820383898864,-0.4579251298721594,0.1993764565759802
TS8,2021-07-31 04:40:00,-1.2134246803936273,-2.6107675513032196,-1.9557593216133657,-1.2134246803936273,-0.48276379700275035,0.1885575759231947
TS8,2021-07-31 04:45:00,-1.1958162916677075,-2.6018158315751023,-1.9456085280291702,-1.1958162916677075,-0.4551960970383898,0.20474491527985675
TS8,2021-07-31 04:50:00,-1.1712748896324812,-2.6007293012095802,-1.9326332535682695,-1.1712748896324812,-0.4285781999434232,0.23842384394008911
TS8,2021-07-31 04:55:00,-1.1781392155257517,-2.61481692091217,-1.9307387949235317,-1.1781392155257517,-0.44386975199779216,0.24146217851941543
TS8,2021-07-31 05:00:00,-1.1928260148225909,-2.6304020832478066,-1.9496743711396116,-1.1928260148225909,-0.4333741570650391,0.2362976774897445
TS8,2021-07-31 05:05:00,-1.2168379657900759,-2.6705078229788697,-1.980237669497753,-1.2168379657900759,-0.4596098304129103,0.22548906171741373
TS8,2021-07-31 05:10:00,-1.2198272081042871,-2.681781023304612,-1.9852472795051455,-1.2198272081042871,-0.4615407182555899,0.21422174299164043
TS8,2021-07-31 05:15:00,-1.2174248740863232,-2.6916263036358,-1.9903224593881612,-1.2174248740863232,-0.45502256583882356,0.2437662408894286
TS8,2021-07-31 05:20:00,-1.198252566718241,-2.680533123681358,-1.9725110856905508,-1.198252566718241,-0.4180460944987692,0.2829648582460555
TS8,2021-07-31 05:25:00,-1.2234034031888248,-2.7125097981549,-2.0182894403226546,-1.2234034031888248,-0.43916521448300894,0.2695766103168076
TS8,2021-07-31 05:30:00,-1.2287342595226165,-2.7441091393314805,-2.0176767003651306,-1.2287342595226165,-0.44299544266433566,0.2568630009358601
TS8,2021-07-31 05:35:00,-1.2271020045099723,-2.7427905658992935,-2.0291635252512785,-1.2271020045099723,-0.442153944602434,0.2692369163433278
TS8,2021-07-31 05:40:00,-1.2374231702647187,-2.75138931058051,-2.034898329553166,-1.2374231702647187,-0.4481820651855091,0.2791179415488497
TS8,2021-07-31 05:45:00,-1.234886663401614,-2.7531442466755096,-2.035727251679184,-1.234886663401614,-0.4336856271657526,0.2878368365173782
TS8,2021-07-31 05:50:00,-1.225742030217506,-2.7751387436568633,-2.038390161247436,-1.225742030217506,-0.4145906134693244,0.30702628513089164
TS8,2021-07-31 05:55:00,-1.2525941385424706,-2.78547208399151,-2.0496169357902843,-1.2525941385424706,-0.42950884124869726,0.30279035273174565
TS8,2021-07-31 06:00:00,-1.2519544680749979,-2.8102815922174793,-2.063526395943207,-1.2519544680749979,-0.4343611576279039,0.2845130530244216
TS8,2021-07-31 06:05:00,-1.2460524603043992,-2.816551456805143,-2.0660394023857385,-1.2460524603043992,-0.41951961333389537,0.32011358501831194
TS8,2021-07-31 06:10:00,-1.2387672783476986,-2.825846786707541,-2.059812806558952,-1.2387672783476986,-0.4016377326126454,0.34366036238691844
TS8,2021-07-31 06:15:00,-1.2368134598779095,-2.82862354746608,-2.0766765021924005,-1.2368134598779095,-0.40907895739566,0.345943026295937
TS8,2021-07-31 06:20:00,-1.2447876216429585,-2.828246317336657,-2.084295845048142,-1.2447876216429585,-0.40770871982557866,0.3533030106870554
TS8,2021-07-31 06:25:00,-1.2719231105463256,-2.8701697699679136,-2.1104434638461576,-1.2719231105463256,-0.4239773763845905,0.3400624821167737
TS8,2021-07-31 06:30:00,-1.288031368569002,-2.898183761675275,-2.134240014666135,-1.288031368569002,-0.44453166740152034,0.3071630306736943
TS8,2021-07-31 06:35:00,-1.2864630142117326,-2.92843594351132,-2.1485755072401185,-1.2864630142117326,-0.4432532301503953,0.32878660434151225
TS8,2021-07-31 06:40:00,-1.2592119749894175,-2.8818368672991155,-2.117198457848578,-1.2592119749894175,-0.40862027416213165,0.3462054998896327
TS8,2021-07-31 06:45:00,-1.2444935322146713,-2.8849355332403173,-2.101983979015655,-1.2444935322146713,-0.38426359130826787,0.38407919367193594
TS8,2021-07-31 06:50:00,-1.2655315787762933,-2.9033531811326254,-2.1229740706878157,-1.2655315787762933,-0.39491890703235866,0.3947720309629026
TS8,2021-07-31 06:55:00,-1.2807016194598202,-2.9502962286385963,-2.159834835112261,-1.2807016194598202,-0.4176469499120407,0.35934607912277455
TS8,2021-07-31 07:00:00,-1.2645762402057197,-2.915004189964896,-2.142219403524574,-1.2645762402057197,-0.39113050132161903,0.38626962170346024
TS8,2021-07-31 07:05:00,-1.2721610977713842,-2.9487215976489267,-2.1568690793557397,-1.2721610977713842,-0.38881026511584327,0.4038541534655691
TS8,2021-07-31 07:10:00,-1.3007575298542782,-2.9925427987304762,-2.1863965710639994,-1.3007575298542782,-0.41007672491950625,0.3959437116683804
TS8,2021-07-31 07:15:00,-1.2706142213187688,-2.965856623571141,-2.157244937579012,-1.2706142213187688,-0.3829817685727108,0.4283042926604791
TS8,2021-07-31 07:20:00,-1.2684589305635137,-2.961980722593936,-2.1606283612648274,-1.2684589305635137,-0.3819675948754624,0.42372302517395244
TS8,2021-07-31 07:25:00,-1.266003020226531,-2.9785211546595614,-2.1672656921436406,-1.266003020226531,-0.36578845505448665,0.45193054892893997
TS8,2021-07-31 07:30:00,-1.279152235309799,-2.9935256163397295,-2.176716839868257,-1.279152235309799,-0.38579018190367437,0.42624944137497894
TS8,2021-07-31 07:35:00,-1.2539850487412108,-2.9717498965606537,-2.1608454911859076,-1.2539850487412108,-0.34425246672197984,0.475029474599164
TS8,2021-07-31 07:40:00,-1.2546641071709645,-2.995765207081941,-2.1721003485557153,-1.2546641071709645,-0.34827724413533356,0.4601134022315858
TS8,2021-07-31 07:45:00,-1.2530810481699954,-2.9766504683554365,-2.169836751718453,-1.2530810481699954,-0.33640929381399903,0.4772060090890081
TS8,2021-07-31 07:50:00,-1.2488426661895637,-2.9961761195724983,-2.168215214435504,-1.2488426661895637,-0.3238657962455151,0.4986800421379532
TS8,2021-07-31 07:55:00,-1.2633485368028619,-3.00909575295374,-2.1738911851172458,-1.2633485368028619,-0.33741498896240985,0.4973747559681878
TS8,2021-07-31 08:00:00,-1.2391599064854624,-2.998476059517323,-2.163299120688351,-1.2391599064854624,-0.3071140758303451,0.5233375587167721
TS8,2021-07-31 08:05:00,-1.2245744932513611,-2.989736648873923,-2.156374159137757,-1.2245744932513611,-0.294471534619398,0.55704143235378
TS8,2021-07-31 08:10:00,-1.2293202722079588,-3.0059208828104573,-2.1654505264684376,-1.2293202722079588,-0.31004424740919606,0.53325931575877
TS8,2021-07-31 08:15:00,-1.2264470597229702,-3.0084979242145025,-2.1578138746342996,-1.2264470597229702,-0.27991785010417947,0.5544020823477204
TS8,2021-07-31 08:20:00,-1.1924071602604505,-2.9962345621116575,-2.142348009987562,-1.1924071602604505,-0.23342046404236422,0.5958112004112373
TS8,2021-07-31 08:25:00,-1.1733125019318356,-2.9796671875457275,-2.120077265073997,-1.1733125019318356,-0.22804095650497144,0.6262935791948329
TS8,2021-07-31 08:30:00,-1.1754546821892033,-2.9842103325427445,-2.1261628782376514,-1.1754546821892033,-0.22770431134185898,0.6452585432040288
TS8,2021-07-31 08:35:00,-1.1932918540568294,-3.032595127255829,-2.169115001517867,-1.1932918540568294,-0.24905784266199898,0.6126741236559045
TS8,2021-07-31 08:40:00,-1.213592660518023,-3.0614666906021686,-2.190500828246453,-1.213592660518023,-0.26569907588316727,0.6165867411838191
TS8,2021-07-31 08:45:00,-1.1916358982609254,-3.019254687300604,-2.1563688410546145,-1.1916358982609254,-0.2163766617356388,0.6350847254780853
TS8,2021-07-31 08:50:00,-1.171263838516218,-3.030830018291274,-2.1551695897268037,-1.171263838516218,-0.2007893591803932,0.6507361206421184
TS8,2021-07-31 08:55:00,-1.1478269706603341,-2.987876686686263,-2.123989995905572,-1.1478269706603341,-0.17045243576795638,0.6930716137471403
TS8,2021-07-31 09:00:00,-1.1089961147592713,-2.9619243441602623,-2.081959009474736,-1.1089961147592713,-0.11499772044232737,0.748666244145269
TS8,2021-07-31 09:05:00,-1.0983343976103739,-2.9521405611221616,-2.0758234041560395,-1.0983343976103739,-0.11895282222941622,0.7630618360169277
TS8,2021-07-31 09:10:00,-1.1005613097463396,-2.956435621017605,-2.0707665983599988,-1.1005613097463396,-0.10029369323067935,0.7823665208543187
TS8,2021-07-31 09:15:00,-1.062232050114421,-2.933538730547837,-2.048983700968687,-1.062232050114421,-0.06339269579086727,0.8165754391037556
TS8,2021-07-31 09:20:00,-1.014785948562916,-2.9042359084120974,-2.0102664692504124,-1.014785948562916,-0.024989508487648006,0.8618733419829226
TS8,2021-07-31 09:25:00,-0.9727741538319863,-2.8601776010269564,-1.9622671530602434,-0.9727741538319863,0.014332510247402168,0.9150577645835289
TS8,2021-07-31 09:30:00,-1.0140953476627075,-2.926360461490053,-2.016632982570501,-1.0140953476627075,-0.019247352501338806,0.8882424140866481
TS8,2021-07-31 09:35:00,-1.003848767282628,-2.893629789060478,-2.0014425077631244,-1.003848767282628,0.02186633042050587,0.9051286269295394
TS8,2021-07-31 09:40:00,-0.9853634456298613,-2.897955705615287,-1.997282904152373,-0.9853634456298613,0.03061388418265026,0.9264188610566506
TS8,2021-07-31 09:45:00,-0.9851327708839275,-2.920088420739799,-1.989048353061251,-0.9851327708839275,0.03187577725820778,0.9346800972087522
TS8,2021-07-31 09:50:00,-0.9244917912597664,-2.8538208819797193,-1.938839794377632,-0.9244917912597664,0.08835019709738087,0.9981620888291493
TS8,2021-07-31 09:55:00,-0.9299846752512442,-2.829169675180151,-1.9371731122185243,-0.9299846752512442,0.10953928150668507,1.0126533507827848
TS8,2021-07-31 10:00:00,-0.897501035328245,-2.834561232455298,-1.9210972248165175,-0.897501035328245,0.12191622799087304,1.0283378040855453
TS8,2021-07-31 10:05:00,-0.911886521774986,-2.8644642921150583,-1.9437800604632618,-0.911886521774986,0.1284874795965425,1.0538462375433688
TS8,2021-07-31 10:10:00,-0.8880553328869153,-2.8509250682531824,-1.9237929473452597,-0.8880553328869153,0.15203017326408458,1.0765695719801394
TS8,2021-07-31 10:15:00,-0.7828467626688209,-2.7484992660699863,-1.8164047262627512,-0.7828467626688209,0.25512549506455806,1.1802476237046016
TS8,2021-07-31 10:20:00,-0.872438046683384,-2.8286705113825628,-1.899479281141337,-0.872438046683384,0.17384363245773604,1.0982750028038297
TS8,2021-07-31 10:25:00,-0.9078460203099172,-2.883467299433989,-1.94835740060341,-0.9078460203099172,0.1385054474950289,1.0893928733189577
TS8,2021-07-31 10:30:00,-0.849369690698511,-2.8299607612479227,-1.8900048371781963,-0.849369690698511,0.1835524617859217,1.1288811733829391
TS8,2021-07-31 10:35:00,-0.7787663336808501,-2.7673312586823227,-1.8232429625023878,-0.7787663336808501,0.2718191838012559,1.2152674645514305
TS8,2021-07-31 10:40:00,-0.7514572043153751,-2.7589348724544736,-1.8095853690886525,-0.7514572043153751,0.3113032926967087,1.2519216586489537
TS8,2021-07-31 10:45:00,-0.7143186634964065,-2.7143396631478716,-1.7637658504544282,-0.7143186634964065,0.346190410886728,1.3020841416439206
TS8,2021-07-31 10:50:00,-0.6719722487258138,-2.6796084423176025,-1.7253042831784309,-0.6719722487258138,0.384585619981562,1.3348793337385125
TS8,2021-07-31 10:55:00,-0.6362628736389063,-2.6633414593743536,-1.6934345411967664,-0.6362628736389063,0.418488104950847,1.382060848587329
TS8,2021-07-31 11:00:00,-0.6150695216162256,-2.6161958724735337,-1.6799400651739163,-0.6150695216162256,0.4501114960729456,1.4302671638120934
TS8,2021-07-31 11:05:00,-0.37937867340875364,-2.4197814574836296,-1.431307601185798,-0.37937867340875364,0.6923825753284618,1.6458721417445987
TS8,2021-07-31 11:10:00,-0.270224748305938,-2.3084416787383173,-1.32936465917655,-0.270224748305938,0.8074554630833075,1.7790836798464478
TS8,2021-07-31 11:15:00,-0.4118885441472128,-2.45467148948755,-1.479762988196903,-0.4118885441472128,0.6735058838030759,1.6412246022501902
TS8,2021-07-31 11:20:00,-0.43850941848188624,-2.4849268597191863,-1.5153648133315107,-0.43850941848188624,0.6332432155472347,1.6115097272035164
TS8,2021-07-31 11:25:00,-0.4313670131585951,-2.4910100549157375,-1.5040009148154732,-0.4313670131585951,0.6604028081783611,1.622659833942451
TS8,2021-07-31 11:30:00,-0.3663178704191898,-2.432953338494538,-1.4513131331228748,-0.3663178704191898,0.7115714464617906,1.6959900844324873
TS8,2021-07-31 11:35:00,-0.16210907679196104,-2.230719446297536,-1.241329123078165,-0.16210907679196104,0.9148310379719652,1.9033754869737167
TS8,2021-07-31 11:40:00,-0.1526901286179252,-2.2251460288116256,-1.240088611991643,-0.1526901286179252,0.9481430779549247,1.9310804494806622
TS8,2021-07-31 11:45:00,-0.11916664493440714,-2.2332467843088137,-1.2202901022145303,-0.11916664493440714,0.977477990074208,1.9841381957698858
TS8,2021-07-31 11:50:00,-0.07973183356735135,-2.157094187524779,-1.1602045863404273,-0.07973183356735135,1.0245920546147465,2.030496782630659
TS8,2021-07-31 11:55:00,-0.07379263611234944,-2.178005817279936,-1.1888999074758895,-0.07379263611234944,1.0188648215577878,2.0255412990673793
TS8,2021-07-31 12:00:00,0.06784083305695963,-2.030633060066975,-1.0304178741635348,0.06784083305695963,1.1771170998000597,2.16505860525784
TS8,2021-07-31 12:05:00,0.24406124789716263,-1.8528484485882608,-0.856167935694726,0.24406124789716263,1.363743508561172,2.3629710221443854
TS8,2021-07-31 12:10:00,0.2829423750112605,-1.8120124237439033,-0.8122444052535491,0.2829423750112605,1.4164728764015693,2.416845417838293
TS8,2021-07-31 12:15:00,0.3898333018557103,-1.7248603488592575,-0.7213121516709369,0.3898333018557103,1.5057652956091216,2.517874371194913
TS8,2021-07-31 12:20:00,0.3706408487415206,-1.7454861094898197,-0.7484660196004872,0.3706408487415206,1.4907388489694706,2.517150956659927
TS8,2021-07-31 12:25:00,0.4255287685607275,-1.7050847017025106,-0.6964023277274148,0.4255287685607275,1.5515853938738442,2.5642154098995333
TS8,2021-07-31 12:30:00,0.5390483856456803,-1.6199374242306719,-0.5974988903286764,0.5390483856456803,1.6649295727344653,2.6935777369132436
TS8,2021-07-31 12:35:00,0.5829868315992376,-1.575028591838137,-0.543630436191699,0.5829868315992376,1.718399560412885,2.7521407576976165
TS8,2021-07-31 12:40:00,0.60946002471918,-1.5620166001095344,-0.5363532326907288,0.60946002471918,1.7433303482881648,2.7723531366097283
TS8,2021-07-31 12:45:00,0.5471879795805941,-1.6000497771718059,-0.5898754245997151,0.5471879795805941,1.6968648109690339,2.7275500424487538
TS8,2021-07-31 12:50:00,0.6155395517282622,-1.542110838475953,-0.5121098830966081,0.6155395517282622,1.7618667856515955,2.804478427287165
TS8,2021-07-31 12:55:00,0.8211655526395065,-1.3559217977157203,-0.3150728897753628,0.8211655526395065,1.9721131517341959,3.0117978338894242
TS8,2021-07-31 13:00:00,0.7912098531270082,-1.3906485114317857,-0.35290977712048255,0.7912098531270082,1.943649957137379,2.9710952335671683
TS8,2021-07-31 13:05:00,0.7510771508330982,-1.4413885157083917,-0.40118959303859786,0.7510771508330982,1.910206986070195,2.9364407314912295
TS8,2021-07-31 13:10:00,0.7810082403231884,-1.4212996127572533,-0.36449522177358157,0.7810082403231884,1.9309115593090629,2.9862437155667827
TS8,2021-07-31 13:15:00,0.8377645702166308,-1.3705027539331835,-0.3204686495482582,0.8377645702166308,1.9974771298683804,3.040649430635484
TS8,2021-07-31 13:20:00,0.8447989541653466,-1.3597431106987394,-0.3126801776539244,0.8447989541653466,2.005423456123314,3.0493904498076603
TS8,2021-07-31 13:25:00,0.9842060985549653,-1.2319144879783657,-0.1769612965516335,0.9842060985549653,2.138765461343081,3.1886672751746246
TS8,2021-07-31 13:30:00,1.1958553025447674,-1.0318834594181283,0.02817341669600204,1.1958553025447674,2.365733085266088,3.4102279857517215
TS8,2021-07-31 13:35:00,0.9499585847154697,-1.2827016793500954,-0.22141815269788093,0.9499585847154697,2.1227312011504305,3.1727306252133936
TS8,2021-07-31 13:40:00,0.8875274248978281,-1.3286221511109289,-0.2806054593523839,0.8875274248978281,2.067604149266816,3.1284061780828196
TS8,2021-07-31 13:45:00,1.1447637659833607,-1.0709069263592963,-0.027743924940475093,1.1447637659833607,2.314843855236552,3.3756379186229695
TS8,2021-07-31 13:50:00,1.1740093228039228,-1.0661923261300532,0.0037946746046745774,1.1740093228039228,2.3551016851028255,3.4163220102676277
TS8,2021-07-31 13:55:00,1.131009234027579,-1.1215329675222026,-0.05020297260885628,1.131009234027579,2.3302023336382236,3.4110277997360825
TS8,2021-07-31 14:00:00,1.1856881431421549,-1.0799492448641859,-0.018840634265940306,1.1856881431421549,2.3809051439869044,3.455500168368488
TS8,2021-07-31 14:05:00,1.3208636739232724,-0.9517780762593674,0.11758908428107845,1.3208636739232724,2.5076884228934215,3.570884313557456
TS8,2021-07-31 14:10:00,1.2757543321796543,-0.9979944382731967,0.07266461907152613,1.2757543321796543,2.47192719627782,3.552270646252879
TS8,2021-07-31 14:15:00,1.289333718469489,-0.9870219563711289,0.0763144434056602,1.289333718469489,2.4883633094398885,3.554930191341098
TS8,2021-07-31 14:20:00,1.3343818169169566,-0.9481836741585902,0.12558248645911055,1.3343818169169566,2.531851401702967,3.6174272411452195
TS8,2021-07-31 14:25:00,1.2038287052048011,-1.0952137868146339,0.0016038467122009882,1.2038287052048011,2.4092028081380086,3.492946017484203
TS8,2021-07-31 14:30:00,1.2232066875339018,-1.0576900880658267,0.0230961256786636,1.2232066875339018,2.440635410526273,3.523516437698056
TS8,2021-07-31 14:35:00,1.0787783841497285,-1.2273605892599484,-0.13311010999955264,1.0787783841497285,2.2999771970620073,3.3899035549620837
TS8,2021-07-31 14:40:00,1.232034992875372,-1.0862220763105592,0.03247714204525091,1.232034992875372,2.438557120777618,3.5376180006997378
TS8,2021-07-31 14:45:00,1.184828972888336,-1.1378594314156496,-0.03930511159924807,1.184828972888336,2.409999076586276,3.500959475396233
TS8,2021-07-31 14:50:00,1.457668882607954,-0.8639886025103709,0.22660261451482483,1.457668882607954,2.674550898375773,3.7879133331378214
TS8,2021-07-31 14:55:00,1.315390613150666,-1.0096204189438545,0.08012988932763163,1.315390613150666,2.546665120520516,3.634270835576152
TS8,2021-07-31 15:00:00,1.4119579243059635,-0.9242403605792481,0.1767415485537558,1.4119579243059635,2.621088154921442,3.7587540121231795
TS8,2021-07-31 15:05:00,1.2544589121896892,-1.0882049437288006,0.029786957998219604,1.2544589121896892,2.4809376569513373,3.5905913758728256
TS8,2021-07-31 15:10:00,1.3537111130321733,-0.9793434934339543,0.12344894762758016,1.3537111130321733,2.586008158747423,3.700916263027168
TS8,2021-07-31 15:15:00,1.4234113029436357,-0.9325800016054815,0.19360526731643854,1.4234113029436357,2.665070332593432,3.7634164392518263
TS8,2021-07-31 15:20:00,1.2790694159941827,-1.0817270614586865,0.039240870722128215,1.2790694159941827,2.5033033955414856,3.6446455226947863
TS8,2021-07-31 15:25:00,1.3393086303860846,-1.0031122918909896,0.10772329714467814,1.3393086303860846,2.584289887793515,3.6948416995462843
TS8,2021-07-31 15:30:00,1.2866221053121394,-1.073369586222901,0.04931611144964027,1.2866221053121394,2.5230972046814437,3.6487149137170034
TS8,2021-07-31 15:35:00,1.3439508187008653,-1.010833665896231,0.09271684160637825,1.3439508187008653,2.5956582979659615,3.703505978922671
TS8,2021-07-31 15:40:00,1.329259075195933,-1.0088660551926791,0.09878353626004882,1.329259075195933,2.5972092262874096,3.720280153695838
TS8,2021-07-31 15:45:00,1.2783613399486822,-1.1000961725386342,0.039104160038747345,1.2783613399486822,2.5276638313957505,3.6553337000190793
TS8,2021-07-31 15:50:00,1.4517246571440894,-0.9259673123389706,0.1958618737053201,1.4517246571440894,2.707606445847003,3.8403707545995345
TS8,2021-07-31 15:55:00,1.2300862579983467,-1.176545416765356,-0.025451728653010472,1.2300862579983467,2.493505190889496,3.638718529199158
TS8,2021-07-31 16:00:00,1.1552825840402543,-1.2412370537718251,-0.1075593088198971,1.1552825840402543,2.41026076142985,3.553661294457145
TS8,2021-07-31 16:05:00,0.9716887421213289,-1.418043691523216,-0.2679096740643634,0.9716887421213289,2.2455727058105275,3.3984537429279857
TS8,2021-07-31 16:10:00,1.1226315318178608,-1.2902496926017326,-0.13395984498118416,1.1226315318178608,2.4016412603935344,3.557864880216081
TS8,2021-07-31 16:15:00,1.234424781764593,-1.1875028484385177,-0.047886856021866375,1.234424781764593,2.489730056256841,3.6451709827596606
TS8,2021-07-31 16:20:00,1.1426273243555163,-1.2684674400717935,-0.1237276690823299,1.1426273243555163,2.4146984376974783,3.562033338044705
TS8,2021-07-31 16:25:00,1.0297866554470245,-1.4038221147834424,-0.229951326609854,1.0297866554470245,2.3123710813293608,3.4501033915455563
TS8,2021-07-31 16:30:00,1.1661507642737432,-1.2636619375706246,-0.10832559400368104,1.1661507642737432,2.458747579442055,3.616566833337599
TS8,2021-07-31 16:35:00,1.1874409609819836,-1.2582697439854449,-0.08411440634960159,1.1874409609819836,2.4614204894317657,3.6299507327917326
TS8,2021-07-31 16:40:00,0.9962210586916983,-1.4353138732082789,-0.2887468788919205,0.9962210586916983,2.2927262328968983,3.4405452269419077
TS8,2021-07-31 16:45:00,0.9675640326367754,-1.485270276325848,-0.33024427967209297,0.9675640326367754,2.256931665131202,3.418287379191264
TS8,2021-07-31 16:50:00,0.9817943933301302,-1.467054851934897,-0.2952551867205094,0.9817943933301302,2.2576341872414316,3.439627516650408
TS8,2021-07-31 16:55:00,1.0637968860534934,-1.3952460639649042,-0.22005830896465509,1.0637968860534934,2.360592061302777,3.5224293666030735
TS8,2021-07-31 17:00:00,0.8467099952982263,-1.627772427972721,-0.4579911744318279,0.8467099952982263,2.1460882921540327,3.3119384329458947
TS8,2021-07-31 17:05:00,0.723813931442648,-1.72762916609235,-0.5607647648154211,0.723813931442648,2.0364454503537868,3.1924990013034416
TS8,2021-07-31 17:10:00,0.8211173546494525,-1.6478655203413761,-0.4801910535068921,0.8211173546494525,2.1221662714713188,3.317131038881886
TS8,2021-07-31 17:15:00,0.763053087226937,-1.699762703672819,-0.5271528484948708,0.763053087226937,2.0666334887245217,3.2471358241437165
TS8,2021-07-31 17:20:00,0.7266807764067262,-1.7469640074747657,-0.5734937745559459,0.7266807764067262,2.024802994387875,3.1990277152520674
TS8,2021-07-31 17:25:00,0.8626030400645824,-1.628563237503227,-0.4459197974235031,0.8626030400645824,2.169949597841232,3.3610374425230063
TS8,2021-07-31 17:30:00,0.7808074442535379,-1.7115588170080214,-0.5476199245931284,0.7808074442535379,2.0760261240425204,3.2828995131761305
TS8,2021-07-31 17:35:00,0.8311819829338537,-1.6666666602344178,-0.4797275470747727,0.8311819829338537,2.1484383903823927,3.339327434698242
TS8,2021-07-31 17:40:00,0.7406049309357965,-1.7478641232430778,-0.5669911229732996,0.7406049309357965,2.051215688675933,3.267883898439693
TS8,2021-07-31 17:45:00,0.7069005227649852,-1.803291691752431,-0.6077373277711619,0.7069005227649852,2.038100623306326,3.2148510860173833
TS8,2021-07-31 17:50:00,0.7854250249845175,-1.7084508724580183,-0.5317961479634606,0.7854250249845175,2.1284205259481506,3.335273411154249
TS8,2021-07-31 17:55:00,0.8046762514524468,-1.7167075774747882,-0.5235589609551736,0.8046762514524468,2.1348731396131435,3.346451797825101
TS8,2021-07-31 18:00:00,0.775183975688985,-1.7528825869054945,-0.5600824121888205,0.775183975688985,2.1055339412284195,3.3081674903132328
TS8,2021-07-31 18:05:00,0.7755109599735941,-1.7589125830956498,-0.5493877055684677,0.7755109599735941,2.1098532647883226,3.324056371854296
TS8,2021-07-31 18:10:00,0.8793066521352848,-1.661371953493933,-0.44795693832541594,0.8793066521352848,2.232744984651212,3.429811051858082
TS8,2021-07-31 18:15:00,0.8173814756796649,-1.7342517029444267,-0.5237969709018702,0.8173814756796649,2.1534111954876507,3.375695183679867
TS8,2021-07-31 18:20:00,0.7910896038662573,-1.765470489898976,-0.5595690859707049,0.7910896038662573,2.130142128977789,3.358853605402773
TS8,2021-07-31 18:25:00,0.8836907572189886,-1.6651629925571445,-0.4494583535983364,0.8836907572189886,2.253930769187074,3.4563276669692313
TS8,2021-07-31 18:30:00,0.8980524993948408,-1.6557652421764113,-0.44267125319107964,0.8980524993948408,2.2352465453475268,3.4692873305892338
TS8,2021-07-31 18:35:00,0.8288278447798236,-1.7308928986016432,-0.5113107484986035,0.8288278447798236,2.1899906257035306,3.4118555432173086
TS8,2021-07-31 18:40:00,0.8703921731415625,-1.6756897939867645,-0.4742493734713406,0.8703921731415625,2.229045706038837,3.4389107274771784
TS8,2021-07-31 18:45:00,0.872458992740606,-1.6947027546848186,-0.4768697234752257,0.872458992740606,2.2384768335521255,3.4657796755003396
TS8,2021-07-31 18:50:00,0.8153495096620474,-1.778783621510625,-0.5480113968257518,0.8153495096620474,2.173876595795339,3.394134540746991
TS8,2021-07-31 18:55:00,0.9136288961540387,-1.6536595921146573,-0.4384216036901304,0.9136288961540387,2.2914325350114755,3.5315413516968603
TS8,2021-07-31 19:00:00,0.8881161988709537,-1.6976710632959804,-0.47251080221060204,0.8881161988709537,2.2451662864406132,3.4826845606445973
TS8,2021-07-31 19:05:00,0.8744628013659795,-1.7188218240387794,-0.49826339789168667,0.8744628013659795,2.2473986739651437,3.4715510364234303
TS8,2021-07-31 19:10:00,0.9087948741014563,-1.6759809683100233,-0.45967181710980065,0.9087948741014563,2.2739622715648458,3.521035997654746
TS8,2021-07-31 19:15:00,1.0494692361583071,-1.5647776332148302,-0.3259521326103881,1.0494692361583071,2.425660349363427,3.6979876054409937
TS8,2021-07-31 19:20:00,1.107121858024983,-1.5099313948913042,-0.25726943471485014,1.107121858024983,2.4772676890940666,3.726699107685082
TS8,2021-07-31 19:25:00,1.0994826236926547,-1.5244159147574912,-0.2851391933177739,1.0994826236926547,2.4797421175051095,3.720224739148578
TS8,2021-07-31 19:30:00,1.0942894131758978,-1.5213695765169082,-0.2833254578021669,1.0942894131758978,2.4856942969961637,3.7418240020174656
TS8,2021-07-31 19:35:00,1.0942411414949682,-1.5350871445844008,-0.2966046072452939,1.0942411414949682,2.484579341604274,3.7419974312187056
TS8,2021-07-31 19:40:00,1.0408723162335993,-1.5849124361074813,-0.3389861981750591,1.0408723162335993,2.4382300204212406,3.7076951681164005
TS8,2021-07-31 19:45:00,1.0294022024753868,-1.6048386765105112,-0.3558548332649954,1.0294022024753868,2.434192403463813,3.7010007029127423
TS8,2021-07-31 19:50:00,1.0518357872475577,-1.5785929649789066,-0.34783070193549986,1.0518357872475577,2.4498407912124756,3.7301230403855508
TS8,2021-07-31 19:55:00,0.9019551653595861,-1.7707271807363283,-0.5208916346980218,0.9019551653595861,2.304490105700342,3.558826241051926
TS8,2021-07-31 20:00:00,0.9837003793235258,-1.666938616522512,-0.40185120491844845,0.9837003793235258,2.3974154117211444,3.675988488244406
TS8,2021-07-31 20:05:00,1.1011168240402291,-1.5593522916539264,-0.2910207804970262,1.1011168240402291,2.4957481432892363,3.769830871288604
TS8,2021-07-31 20:10:00,0.9780715440752301,-1.6695568379950694,-0.4056229995435215,0.9780715440752301,2.4203378037239416,3.688774040310204
TS8,2021-07-31 20:15:00,1.100735482943668,-1.581252624460961,-0.32308221974807083,1.100735482943668,2.5090446143323724,3.7842963299953927
TS8,2021-07-31 20:20:00,1.0118279318941021,-1.657452366209076,-0.4081760267848574,1.0118279318941021,2.4183058013528997,3.7148879367224357
TS8,2021-07-31 20:25:00,1.041921515641692,-1.6407963174393976,-0.35677971131858227,1.041921515641692,2.456963151300588,3.770413291940185
TS8,2021-07-31 20:30:00,1.101825745086218,-1.5817761129883743,-0.30286304381885465,1.101825745086218,2.5377745691154607,3.804022735643867
TS8,2021-07-31 20:35:00,1.150394099112834,-1.5564626551499479,-0.2831008872880955,1.150394099112834,2.573396313290762,3.894411262734226
TS8,2021-07-31 20:40:00,1.0841041915150944,-1.6198985065031883,-0.3281140348169931,1.0841041915150944,2.515810463815387,3.8087508387547926
TS8,2021-07-31 20:45:00,1.121547057300777,-1.5566612645123488,-0.28802754263304703,1.121547057300777,2.5837057527672362,3.8685946229941397
TS8,2021-07-31 20:50:00,1.0338725870355927,-1.6635320535962639,-0.3804891161381914,1.0338725870355927,2.478999478596018,3.7695737679823416
TS8,2021-07-31 20:55:00,0.9726243426903564,-1.7487685279832126,-0.4474913001213263,0.9726243426903564,2.4058977711589797,3.7203236851311208
TS8,2021-07-31 21:00:00,1.0819161374335402,-1.6551360161384112,-0.35554952532387996,1.0819161374335402,2.502251036057001,3.803830289103935
TS8,2021-07-31 21:05:00,1.2971942664203608,-1.4160876277383763,-0.12966781794560628,1.2971942664203608,2.7433991811685257,4.056046089736492
TS8,2021-07-31 21:10:00,1.2062629834917635,-1.5220316888853849,-0.24021958721737843,1.2062629834917635,2.6398671448496946,3.9680025301268382
TS8,2021-07-31 21:15:00,1.332732191199328,-1.376990465073855,-0.09054754029008116,1.332732191199328,2.783653354083567,4.119332895898208
TS8,2021-07-31 21:20:00,1.3236538745129733,-1.4185723105209078,-0.12515862936913996,1.3236538745129733,2.788635721045075,4.088560388674338
TS8,2021-07-31 21:25:00,1.2790688631236509,-1.4544532453315682,-0.15712438153509864,1.2790688631236509,2.720827173717834,4.027916341758472
TS8,2021-07-31 21:30:00,1.1886879075099959,-1.5531018781603825,-0.25951375309278363,1.1886879075099959,2.6241307795386026,3.9638952051720824
TS8,2021-07-31 21:35:00,1.396288067481816,-1.3595613979028476,-0.05695943996507313,1.396288067481816,2.849643025586285,4.184441123813366
TS8,2021-07-31 21:40:00,1.261349288365249,-1.4916008731866484,-0.2048993440541332,1.261349288365249,2.727037874106066,4.037657084863671
TS8,2021-07-31 21:45:00,1.1725604062932922,-1.5827610893177726,-0.28564399368402227,1.1725604062932922,2.6251228000744353,3.951040088506662
TS8,2021-07-31 21:50:00,1.3207535635219905,-1.4327185889072924,-0.1351978948089974,1.3207535635219905,2.7837946137410383,4.099116271482417
TS8,2021-07-31 21:55:00,1.1625271364153251,-1.6007009886057677,-0.2998798397059349,1.1625271364153251,2.6330163766956844,3.9689468390203286
TS8,2021-07-31 22:00:00,1.1946671558890491,-1.610806551823723,-0.281993075131555,1.1946671558890491,2.65349410663355,3.975900865623151
TS8,2021-07-31 22:05:00,1.279532904360562,-1.4951473715906065,-0.18619722684719953,1.279532904360562,2.7616373011414344,4.092548062571099
TS8,2021-07-31 22:10:00,1.2390213680230207,-1.5505632099523594,-0.22030408144537109,1.2390213680230207,2.734539626016084,4.055327770937393
TS8,2021-07-31 22:15:00,1.1335703442234657,-1.6490924200972847,-0.33223119196472345,1.1335703442234657,2.610335675826545,3.962520039208693
TS8,2021-07-31 22:20:00,1.1773501700651212,-1.6147687139368887,-0.3064791897352904,1.1773501700651212,2.6587147557222686,3.9925835264793323
TS8,2021-07-31 22:25:00,1.1428419725467718,-1.655133359429811,-0.3415350756201502,1.1428419725467718,2.637004973051947,3.9599021542256607
TS8,2021-07-31 22:30:00,1.210912413138111,-1.5865369956087132,-0.26479311976547404,1.210912413138111,2.700186851504398,4.057175391861558
TS8,2021-07-31 22:35:00,1.079240926431758,-1.731244931532146,-0.3955392346119162,1.079240926431758,2.5769321922866757,3.920699218922128
TS8,2021-07-31 22:40:00,1.068419548849925,-1.7384737427367811,-0.38091406666646443,1.068419548849925,2.581466488005414,3.9330365576665436
TS8,2021-07-31 22:45:00,1.0633233730284735,-1.745958905063517,-0.4161177644643003,1.0633233730284735,2.5696861897533827,3.9183913817578047
TS8,2021-07-31 22:50:00,1.133833480804619,-1.7088942267259057,-0.3685771054333407,1.133833480804619,2.6339629412730208,3.9879272968618107
TS8,2021-07-31 22:55:00,0.9566235658505576,-1.8640063163782083,-0.5323430510660366,0.9566235658505576,2.4505345460394854,3.808552033764226
TS8,2021-07-31 23:00:00,1.0006080922380143,-1.840375072563974,-0.5066612180733188,1.0006080922380143,2.5033973537147878,3.862122780985822
TS8,2021-07-31 23:05:00,0.9071497936146579,-1.9122921021524766,-0.58877879989922,0.9071497936146579,2.41586739094884,3.7581652331601774
TS8,2021-07-31 23:10:00,0.8547487146294713,-1.9844084274291836,-0.6516311568343348,0.8547487146294713,2.3970280751341115,3.738862733689924
TS8,2021-07-31 23:15:00,0.8989990265867975,-1.9649512162180176,-0.6234244227356903,0.8989990265867975,2.4068822545915802,3.7500545849562386
TS8,2021-07-31 23:20:00,0.808501182642481,-2.017438506917914,-0.6913579052318847,0.808501182642481,2.3209145508869615,3.697781737691389
TS8,2021-07-31 23:25:00,0.7018837119329978,-2.167813630912297,-0.8230971962338279,0.7018837119329978,2.2140007068854732,3.5825618874986693
TS8,2021-07-31 23:30:00,0.6832150520966599,-2.194549377318809,-0.8381857300664961,0.6832150520966599,2.1912906500352163,3.556468091837218
TS8,2021-07-31 23:35:00,0.656507857850124,-2.2130160300316137,-0.8746532420224978,0.656507857850124,2.177686855834204,3.52744907553156
TS8,2021-07-31 23:40:00,0.5919504745995143,-2.294558328740574,-0.9483545084403613,0.5919504745995143,2.1059186756895083,3.4685117137111314
TS8,2021-07-31 23:45:00,0.4547101269623462,-2.433983683257906,-1.0781924098213425,0.4547101269623462,1.9859202911137208,3.3509336876848512
TS8,2021-07-31 23:50:00,0.3033661342855484,-2.57064692047759,-1.2330700954209814,0.3033661342855484,1.8332204140916462,3.235196690093822
TS8,2021-07-31 23:55:00,0.23243715243450558,-2.7133118634308353,-1.3196823102597013,0.23243715243450558,1.8050986270503766,3.206918863505949
TS9,2021-07-31 00:00:00,0.19488963114933755,-0.549566855534982,-0.19977920031047666,0.19488963114933755,0.589345023762173,0.9444633067124634
TS9,2021-07-31 00:05:00,0.25735434195119394,-0.6702042240084007,-0.2327601856691611,0.25735434195119394,0.748280757005279,1.1919161080367704
TS9,2021-07-31 00:10:00,0.192957513375455,-0.8800243831542803,-0.37284836238121466,0.192957513375455,0.7605191541093456,1.2702586291829354
TS9,2021-07-31 00:15:00,-0.18733139580329677,-1.3591906839843755,-0.8028876788041639,-0.18733139580329677,0.44665314606471934,1.0058704136373657
TS9,2021-07-31 00:20:00,-0.33791996142131925,-1.6223102595897931,-1.0175257549609698,-0.33791996142131925,0.3458830834841768,0.9662641363026
TS9,2021-07-31 00:25:00,-0.22763918380163706,-1.6216148602191518,-0.9740758131310938,-0.22763918380163706,0.4954660654937522,1.1645463575942083
TS9,2021-07-31 00:30:00,0.22351577040289297,-1.255853471644658,-0.5572058802928352,0.22351577040289297,1.0089408936353517,1.7054016618086878
TS9,2021-07-31 00:35:00,0.49360217338998125,-1.077925664960974,-0.3405749065509088,0.49360217338998125,1.2992944040042893,2.0566265239988457
TS9,2021-07-31 00:40:00,0.4330382008270176,-1.224175672912919,-0.4398179458585181,0.4330382008270176,1.2827794903272356,2.072642287723275
TS9,2021-07-31 00:45:00,0.15160872631830766,-1.5724695851457435,-0.7623977714512477,0.15160872631830766,1.0405828380836561,1.8600061511747863
TS9,2021-07-31 00:50:00,0.07688212474825729,-1.7235848199981338,-0.8680731068301459,0.07688212474825729,1.0060432744663825,1.8415531763425725
TS9,2021-07-31 00:55:00,0.04969950905956711,-1.8025397016482643,-0.9233944399195935,0.04969950905956711,1.0293917211200254,1.8924201434168417
TS9,2021-07-31 01:00:00,-0.006514098867345647,-1.9185265075863989,-1.0093179247557464,-0.006514098867345647,1.0003863044363204,1.9104991922769294
TS9,2021-07-31 01:05:00,-0.04160489438037748,-2.023463993246011,-1.094507857390554,-0.04160489438037748,0.9877350536356145,1.912459937337835
TS9,2021-07-31 01:10:00,0.0027516059823841717,-2.021318202125758,-1.0728205998798552,0.0027516059823841717,1.0594122262738057,2.0240975515186377
TS9,2021-07-31 01:15:00,0.5349368273136619,-1.5440512539209423,-0.5781887884765512,0.5349368273136619,1.6444192793883747,2.6135365083095854
TS9,2021-07-31 01:20:00,0.5755444935942614,-1.5518004882158387,-0.5525239997414448,0.5755444935942614,1.712126100750377,2.717932726459194
TS9,2021-07-31 01:25:00,0.37900930526904836,-1.8190851781631465,-0.7819986626076724,0.37900930526904836,1.5333106141705815,2.5795753344348444
TS9,2021-07-31 01:30:00,-0.32181519138046316,-2.5787689719403715,-1.516986286502682,-0.32181519138046316,0.8550435694455407,1.9230063801427217
TS9,2021-07-31 01:35:00,-0.42550598034154596,-2.7214513543401715,-1.6375444050545698,-0.42550598034154596,0.7912646783036972,1.877628939231038
TS9,2021-07-31 01:40:00,-0.4182080669020076,-2.7601479204837895,-1.668936183857642,-0.4182080669020076,0.8284197603641377,1.953380089803616
TS9,2021-07-31 01:45:00,-0.4137617822003284,-2.798892799231435,-1.6907170055424705,-0.4137617822003284,0.8550217707336796,1.9975618022654347
TS9,2021-07-31 01:50:00,-0.4160168968219591,-2.831069661093515,-1.7028685039092488,-0.4160168968219591,0.8821706146050404,2.046767131977618
TS9,2021-07-31 01:55:00,-0.40160419443121653,-2.8715779072844807,-1.708233953072129,-0.40160419443121653,0.9240960114190656,2.1120813220421675
TS9,2021-07-31 02:00:00,-0.23185279616147014,-2.7599541318688305,-1.5801403123672215,-0.23185279616147014,1.1163555973917907,2.30518965292021
TS9,2021-07-31 02:05:00,-0.1748685391017589,-2.7471072328361124,-1.5268299531093155,-0.1748685391017589,1.216228511959322,2.4175987427828027
TS9,2021-07-31 02:10:00,-0.11530256071322036,-2.7370060824959572,-1.4998674369201537,-0.11530256071322036,1.2713736843624373,2.5143130062840657
TS9,2021-07-31 02:15:00,0.22818624071553706,-2.4434434538128103,-1.1786696399214904,0.22818624071553706,1.6432435387872109,2.8929683771361643
TS9,2021-07-31 02:20:00,0.2608532544034474,-2.4509529793850766,-1.1677141830387523,0.2608532544034474,1.695451225532825,2.960331347197819
TS9,2021-07-31 02:25:00,0.049909359174441906,-2.6883271415677514,-1.3894575063264734,0.049909359174441906,1.5014453497051967,2.7874225514122895
TS9,2021-07-31 02:30:00,-0.6194506905236512,-3.3989507367211234,-2.0980977663384444,-0.6194506905236512,0.8644290863916407,2.1691175263304614
TS9,2021-07-31 02:35:00,-0.7146275413473677,-3.527759750600617,-2.2109215465404772,-0.7146275413473677,0.7998846809715996,2.1178387437302053
TS9,2021-07-31 02:40:00,-0.711954967826137,-3.589779338996227,-2.2342853550537036,-0.711954967826137,0.8291197164577432,2.165940237360178
TS9,2021-07-31 02:45:00,-0.6994292933031759,-3.6026349733942356,-2.247070285802819,-0.6994292933031759,0.8551087321754903,2.2209783217402173
TS9,2021-07-31 02:50:00,-0.6915687830226156,-3.6389807821456785,-2.257821456409661,-0.6915687830226156,0.8824534502447668,2.2576132602634966
TS9,2021-07-31 02:55:00,-0.7117925382815004,-3.6973938616201427,-2.290293367600088,-0.7117925382815004,0.8979853386195067,2.2783574840799177
TS9,2021-07-31 03:00:00,-0.8795819080771357,-3.8899239842457414,-2.4569879381097044,-0.8795819080771357,0.7523680049229104,2.17907739195059
TS9,2021-07-31 03:05:00,-0.8902442799638595,-3.9415716871435023,-2.4912259286339022,-0.8902442799638595,0.7546502778232738,2.190440637805475
TS9,2021-07-31 03:10:00,-0.8094196703753733,-3.9015752682986675,-2.4384650121992624,-0.8094196703753733,0.8573213198889109,2.306304035974441
TS9,2021-07-31 03:15:00,-0.4358411654452152,-3.5543937919104818,-2.0925881807370272,-0.4358411654452152,1.244008328655264,2.7255186735279198
TS9,2021-07-31 03:20:00,-0.2513743438463097,-3.41390095077595,-1.9219646046143712,-0.2513743438463097,1.4373640231865328,2.9366733783059398
TS9,2021-07-31 03:25:00,-0.3820870427696597,-3.5956269479254934,-2.0851343055114646,-0.3820870427696597,1.3053566061905033,2.824315765811666
TS9,2021-07-31 03:30:00,-0.791278070768381,-4.038962346144537,-2.5155513047722757,-0.791278070768381,0.9163012824764241,2.4529521826598457
TS9,2021-07-31 03:35:00,-0.8644185897692842,-4.141825049548539,-2.602408018846347,-0.8644185897692842,0.8624263459490978,2.4031351566634895
TS9,2021-07-31 03:40:00,-0.8498273310910573,-4.191743949120876,-2.626719828434452,-0.8498273310910573,0.8902324987241914,2.441167535451793
TS9,2021-07-31 03:45:00,-0.7816014031705439,-4.139441650919407,-2.555422805988257,-0.7816014031705439,0.9922578062270349,2.554806581272931
TS9,2021-07-31 03:50:00,-0.7856723613069001,-4.168379783552285,-2.5559344169309215,-0.7856723613069001,1.0096880698443769,2.5963545246913236
TS9,2021-07-31 03:55:00,-0.7841212290978504,-4.218642486885921,-2.570374747585511,-0.7841212290978504,1.025508670930683,2.628477709209049
TS9,2021-07-31 04:00:00,-0.8377893358353993,-4.324044171742723,-2.666297963024338,-0.8377893358353993,0.9608229038597856,2.563634231758505
TS9,2021-07-31 04:05:00,-0.8473186157425694,-4.3689522215575165,-2.7112158691834427,-0.8473186157425694,0.9567006998815923,2.5849866661393626
TS9,2021-07-31 04:10:00,-0.8558600220912012,-4.427197648574298,-2.7348210461328777,-0.8558600220912012,0.9757368409933688,2.6154318922253728
TS9,2021-07-31 04:15:00,-0.9090403951877417,-4.49787216066864,-2.7899315328079926,-0.9090403951877417,0.9459888996278651,2.568789052755413
TS9,2021-07-31 04:20:00,-0.9314278890332528,-4.530261932101313,-2.825092100145523,-0.9314278890332528,0.9357549063616601,2.594231410402212
TS9,2021-07-31 04:25:00,-0.9168896180570248,-4.544578547833659,-2.835246906656338,-0.9168896180570248,0.9589726388695007,2.633918748265154
TS9,2021-07-31 04:30:00,-0.903593300317793,-4.5632357718527965,-2.8270319487566313,-0.903593300317793,0.9874803721458255,2.6715058772872484
TS9,2021-07-31 04:35:00,-0.9130458247231867,-4.585299324675526,-2.8489215185748344,-0.9130458247231867,1.013780699319476,2.693353166503158
TS9,2021-07-31 04:40:00,-0.9158319256225331,-4.634094825243097,-2.8702907136921354,-0.9158319256225331,1.002099118188326,2.7334638938817584
TS9,2021-07-31 04:45:00,-0.9701509000883616,-4.7039504176837825,-2.9379646173384435,-0.9701509000883616,0.9695979711566541,2.7071382679913683
TS9,2021-07-31 04:50:00,-0.9683831425764823,-4.737895406100309,-2.9835461864914192,-0.9683831425764823,0.9687786502757403,2.7311615545347285
TS9,2021-07-31 04:55:00,-0.9501111806028703,-4.773796685255298,-2.954786458122247,-0.9501111806028703,0.9980300618973789,2.7691511063766576
TS9,2021-07-31 05:00:00,-0.8722425230465185,-4.726602667596204,-2.888584890691591,-0.8722425230465185,1.0966196459653146,2.856771100134221
TS9,2021-07-31 05:05:00,-0.8581926911473414,-4.722170119771054,-2.8741386891043734,-0.8581926911473414,1.1271560089085602,2.9224071411353876
TS9,2021-07-31 05:10:00,-0.8621909609476603,-4.739254777569355,-2.8908660167861733,-0.8621909609476603,1.1328752942153566,2.964844285228848
TS9,2021-07-31 05:15:00,-0.8088035636643884,-4.687733952303572,-2.8682222903425303,-0.8088035636643884,1.1949984553268351,3.0456036842513483
TS9,2021-07-31 05:20:00,-0.8078747889860861,-4.69110742961656,-2.8671031607680093,-0.8078747889860861,1.228539709677172,3.086256137533151
TS9,2021-07-31 05:25:00,-0.811199054903011,-4.740825851548343,-2.894914810442132,-0.811199054903011,1.2372077564625037,3.1123092999652635
TS9,2021-07-31 05:30:00,-0.9087514784157058,-4.865774520380208,-2.9724837659374597,-0.9087514784157058,1.1791074565726842,3.0491291109411254
TS9,2021-07-31 05:35:00,-0.9163847010291191,-4.902328465860871,-3.010006212929346,-0.9163847010291191,1.1724317932044634,3.066989413347938
TS9,2021-07-31 05:40:00,-0.9224697511628798,-4.92826173724372,-3.0387073183937163,-0.9224697511628798,1.197091233180008,3.087884962145229
TS9,2021-07-31 05:45:00,-0.8272453141779934,-4.861256357950742,-2.959578311971749,-0.8272453141779934,1.2936063784129563,3.194091537533848
TS9,2021-07-31 05:50:00,-0.8128789422570551,-4.8759570008625435,-2.944972428054837,-0.8128789422570551,1.3217393388431524,3.211496612316804
TS9,2021-07-31 05:55:00,-0.8320049114351321,-4.913423121096176,-2.9660255153144535,-0.8320049114351321,1.3281518207433967,3.2497524138972764
TS9,2021-07-31 06:00:00,-0.9217089629425886,-5.054552472385011,-3.0765089185877725,-0.9217089629425886,1.2329582294604482,3.169548408532896
TS9,2021-07-31 06:05:00,-0.9360986005238917,-5.084122629450346,-3.1069877092976954,-0.9360986005238917,1.2540972390430947,3.1860018659218197
TS9,2021-07-31 06:10:00,-0.9267968246523685,-5.105563403483131,-3.1199823763988577,-0.9267968246523685,1.2564935305729823,3.2257909059376453
TS9,2021-07-31 06:15:00,-0.9370138570810223,-5.154968910757399,-3.136476666437903,-0.9370138570810223,1.2821063881813617,3.252557386477333
TS9,2021-07-31 06:20:00,-0.9345056605162646,-5.159184724674024,-3.1695759358908036,-0.9345056605162646,1.2853250122077704,3.269952199321861
TS9,2021-07-31 06:25:00,-0.9571360332964642,-5.184306157480286,-3.199855460015747,-0.9571360332964642,1.2695133061508186,3.305826200365309
TS9,2021-07-31 06:30:00,-1.0010314349801854,-5.260132331450821,-3.25771177439076,-1.0010314349801854,1.244862702849928,3.2556788823472473
TS9,2021-07-31 06:35:00,-1.0144394789011988,-5.29690705472689,-3.2901728222976496,-1.0144394789011988,1.24132172252849,3.2834170404128318
TS9,2021-07-31 06:40:00,-0.9903093012001241,-5.300668714893608,-3.271650348008686,-0.9903093012001241,1.2777492142522007,3.32701934816924
TS9,2021-07-31 06:45:00,-0.9617715455472585,-5.295655549715642,-3.2491763058394336,-0.9617715455472585,1.327879203217315,3.36292190311181
TS9,2021-07-31 06:50:00,-0.9511877387289991,-5.332558193450493,-3.2536259842402324,-0.9511877387289991,1.3592727943061247,3.410195143029515
TS9,2021-07-31 06:55:00,-0.9454757322730855,-5.357726717370045,-3.280520125012277,-0.9454757322730855,1.3724390884250433,3.4254511276833264
TS9,2021-07-31 07:00:00,-0.9780865891189072,-5.408321480253562,-3.302972848291171,-0.9780865891189072,1.3555409088025276,3.4152628969980787
TS9,2021-07-31 07:05:00,-0.9740914877925105,-5.439400843123031,-3.3326659455880234,-0.9740914877925105,1.3429738472693926,3.4311836683174213
TS9,2021-07-31 07:10:00,-0.9783302877140347,-5.459550094232349,-3.3313440947597646,-0.9783302877140347,1.3807636649090458,3.4910956510094153
TS9,2021-07-31 07:15:00,-0.8794825426573777,-5.388921048858536,-3.247195562277815,-0.8794825426573777,1.4885983166154315,3.5968584740603946
TS9,2021-07-31 07:20:00,-0.8587301231817507,-5.37793533925535,-3.253578655230369,-0.8587301231817507,1.5140210640087672,3.6440726084691413
TS9,2021-07-31 07:25:00,-0.8625354363801366,-5.427394250123132,-3.28346720405659,-0.8625354363801366,1.4992015424209668,3.6402769333776894
TS9,2021-07-31 07:30:00,-0.9430874205229659,-5.495074925864038,-3.3475310481158234,-0.9430874205229659,1.4430909485939334,3.581306236960205
TS9,2021-07-31 07:35:00,-0.9539988219358863,-5.555972259085341,-3.358057883705408,-0.9539988219358863,1.450327112449335,3.5944218280101823
TS9,2021-07-31 07:40:00,-0.9541416229122281,-5.617045734114973,-3.3795833333309715,-0.9541416229122281,1.4587585090298276,3.602575064837244
TS9,2021-07-31 07:45:00,-0.97034098669676,-5.625789340395739,-3.394223948733859,-0.97034098669676,1.469348435667033,3.621895952622692
TS9,2021-07-31 07:50:00,-0.9784987536401639,-5.638934440328873,-3.419821297080274,-0.9784987536401639,1.4903901401680781,3.6567208248470466
TS9,2021-07-31 07:55:00,-0.9819022146653942,-5.627566861468992,-3.427477664820696,-0.9819022146653942,1.4887493188800172,3.6918926609736205
TS9,2021-07-31 08:00:00,-0.9922434630100826,-5.6811927336513275,-3.453500350352203,-0.9922434630100826,1.4970472797817607,3.7195977935703715
TS9,2021-07-31 08:05:00,-0.9802782083352187,-5.684725722489623,-3.452746853135691,-0.9802782083352187,1.5005031242816438,3.745527946903603
TS9,2021-07-31 08:10:00,-0.95222336848823,-5.688851618979949,-3.447453569615984,-0.95222336848823,1.5464199209899347,3.7687247142422957
TS9,2021-07-31 08:15:00,-0.8472053540431334,-5.582660203272991,-3.3580527809745835,-0.8472053540431334,1.6469213244379342,3.8843929296796627
TS9,2021-07-31 08:20:00,-0.8100562667170779,-5.581229150237583,-3.323308294737508,-0.8100562667170779,1.6961661173253715,3.958299405135252
TS9,2021-07-31 08:25:00,-0.8245313882592905,-5.61981189475573,-3.33276131849954,-0.8245313882592905,1.7043314028713128,3.9886910606531907
TS9,2021-07-31 08:30:00,-0.8822620699743132,-5.7215311373676485,-3.4093014980058785,-0.8822620699743132,1.6577334020992192,3.9001141271422144
TS9,2021-07-31 08:35:00,-0.9082195562830082,-5.761211595638399,-3.4433376620586422,-0.9082195562830082,1.645702371840543,3.9365603080047347
TS9,2021-07-31 08:40:00,-0.9145171018548636,-5.829627150158671,-3.4779033235580785,-0.9145171018548636,1.6169952588572065,3.9742995233593077
TS9,2021-07-31 08:45:00,-0.9498309805744316,-5.867680044578199,-3.5309324137728284,-0.9498309805744316,1.629725452834923,3.958078563099021
TS9,2021-07-31 08:50:00,-0.965008879170032,-5.859208474444878,-3.5793027220434723,-0.965008879170032,1.635891540419015,3.9503605136603235
TS9,2021-07-31 08:55:00,-0.9182651916513924,-5.848896530285098,-3.5343435364429485,-0.9182651916513924,1.6972460415158706,4.002253008231939
TS9,2021-07-31 09:00:00,-0.7646924537864912,-5.704943684781427,-3.399844372428086,-0.7646924537864912,1.8771556560338505,4.1864361580965905
TS9,2021-07-31 09:05:00,-0.7247931684970792,-5.669148114230554,-3.350986924680087,-0.7247931684970792,1.9377369491501761,4.2559841474849245
TS9,2021-07-31 09:10:00,-0.7407712213600008,-5.689684385308421,-3.384542419127273,-0.7407712213600008,1.9201517472288077,4.268124266809467
TS9,2021-07-31 09:15:00,-0.7947719176804852,-5.7564362920163985,-3.433837515352324,-0.7947719176804852,1.8802353087979158,4.236418941012734
TS9,2021-07-31 09:20:00,-0.8040318105114619,-5.802561301408748,-3.446263068736971,-0.8040318105114619,1.867115312589565,4.226141737464358
TS9,2021-07-31 09:25:00,-0.7975579367148393,-5.80444393483516,-3.4249990714370635,-0.7975579367148393,1.9087038229908386,4.260782788164691
TS9,2021-07-31 09:30:00,-0.6505740607879111,-5.734485114671798,-3.332569336170842,-0.6505740607879111,2.0222302013507587,4.4095964808915165
TS9,2021-07-31 09:35:00,-0.6078578332162218,-5.714745189356895,-3.2833248653397566,-0.6078578332162218,2.0914863993814907,4.487412464793774
TS9,2021-07-31 09:40:00,-0.5522806187410877,-5.6580700509175275,-3.2276102449364164,-0.5522806187410877,2.181461671003066,4.572963144646648
TS9,2021-07-31 09:45:00,-0.34667403235032707,-5.46187691900397,-3.0282352182550176,-0.34667403235032707,2.400234166539547,4.806002901579228
TS9,2021-07-31 09:50:00,-0.2609088636074517,-5.395558368074144,-2.9565865957444264,-0.2609088636074517,2.489932407129112,4.927528179088942
TS9,2021-07-31 09:55:00,-0.29792954065844973,-5.410450524788891,-3.0066559736481593,-0.29792954065844973,2.469470380419661,4.916462689786903
TS9,2021-07-31 10:00:00,-0.4104610780387775,-5.5660407709037125,-3.1386588466939136,-0.4104610780387775,2.3454996066901006,4.779432063551135
TS9,2021-07-31 10:05:00,-0.49548259148541984,-5.648487738541389,-3.2229798005019026,-0.49548259148541984,2.2918281428343636,4.749383536443198
TS9,2021-07-31 10:10:00,-0.5047194850793412,-5.713629145088945,-3.243301606704036,-0.5047194850793412,2.285899806679749,4.760944064266907
TS9,2021-07-31 10:15:00,-0.5538169130771675,-5.772325899350471,-3.2691790908551392,-0.5538169130771675,2.260780958793245,4.7083306561726035
TS9,2021-07-31 10:20:00,-0.5667173120078791,-5.819157281545364,-3.3112705551123294,-0.5667173120078791,2.242525436627698,4.710580561492717
TS9,2021-07-31 10:25:00,-0.5439228909625424,-5.854770247513444,-3.30150895233457,-0.5439228909625424,2.273917619995319,4.746676525748938
TS9,2021-07-31 10:30:00,-0.45876979317631333,-5.753687219658935,-3.2352767128075026,-0.45876979317631333,2.3627931165734544,4.853168325111883
TS9,2021-07-31 10:35:00,-0.41843830434773455,-5.741781304472506,-3.1855256926244517,-0.41843830434773455,2.4095258124694263,4.92874027150126
TS9,2021-07-31 10:40:00,-0.40440284566568563,-5.749310564975575,-3.2033632375518524,-0.40440284566568563,2.4377239200880676,4.943735453003189
TS9,2021-07-31 10:45:00,-0.2923188160473147,-5.646419917972671,-3.0931028103468297,-0.2923188160473147,2.5449677722233615,5.061937156267499
TS9,2021-07-31 10:50:00,-0.29604989973329354,-5.651695732955665,-3.110784246611972,-0.29604989973329354,2.5627617185838916,5.111451083102884
TS9,2021-07-31 10:55:00,-0.25814423170144085,-5.646004733707279,-3.074028867884638,-0.25814423170144085,2.6019788088189384,5.147083126712805
TS9,2021-07-31 11:00:00,-0.24324839085987776,-5.625342366307321,-3.071951894360047,-0.24324839085987776,2.6427919155824986,5.204394531071592
TS9,2021-07-31 11:05:00,-0.24922412873000765,-5.669527946471567,-3.0805666825900664,-0.24922412873000765,2.6331263666748246,5.217404779431367
TS9,2021-07-31 11:10:00,-0.23731678018017027,-5.643570697838749,-3.0894880230466266,-0.23731678018017027,2.642911313320712,5.242738854173756
TS9,2021-07-31 11:15:00,-0.3231338982406205,-5.727463102451831,-3.148980940301404,-0.3231338982406205,2.5933852834820215,5.170435415172963
TS9,2021-07-31 11:20:00,-0.3621370709010028,-5.774459364555356,-3.205381078149177,-0.3621370709010028,2.556460719644423,5.144001242294159
TS9,2021-07-31 11:25:00,-0.39087818727387225,-5.822351626600154,-3.2519335050289233,-0.39087818727387225,2.5587939698555817,5.116796622590409
TS9,2021-07-31 11:30:00,-0.5061555630302011,-5.999885813156753,-3.3852346735215626,-0.5061555630302011,2.451093865662524,4.996927667847941
TS9,2021-07-31 11:35:00,-0.5750462340494714,-6.069927940163321,-3.438949841519644,-0.5750462340494714,2.373649694407529,4.9594261341358825
TS9,2021-07-31 11:40:00,-0.520197990699641,-6.066105245924943,-3.3866177579051118,-0.520197990699641,2.443637154800626,5.044083116991188
TS9,2021-07-31 11:45:00,-0.12259543996291217,-5.7058553321661325,-2.989959289280649,-0.12259543996291217,2.8308339631119064,5.472698580613237
TS9,2021-07-31 11:50:00,-0.014021019301659643,-5.618393844752192,-2.90878655924566,-0.014021019301659643,2.958331384056691,5.596009444560797
TS9,2021-07-31 11:55:00,-0.014298688887113296,-5.643458506680662,-2.966513805173994,-0.014298688887113296,2.9564679422091578,5.612086512010047
TS9,2021-07-31 12:00:00,0.7387474843179115,-4.885905296426635,-2.212778107639429,0.7387474843179115,3.7221350407538023,6.381464013376179
TS9,2021-07-31 12:05:00,0.8593225040203754,-4.794925941137927,-2.0949254308670096,0.8593225040203754,3.8370151460428805,6.522789031261954
TS9,2021-07-31 12:10:00,0.7565036727068981,-4.872026835607517,-2.185525608215468,0.7565036727068981,3.7750380372648933,6.477202085312123
TS9,2021-07-31 12:15:00,0.14672522967708168,-5.526043694084316,-2.780383447536183,0.14672522967708168,3.17533147086144,5.8758039809902645
TS9,2021-07-31 12:20:00,0.035104772878232576,-5.622133741613715,-2.8977792821731843,0.035104772878232576,3.07047195685649,5.807479507451924
TS9,2021-07-31 12:25:00,0.010899132370600858,-5.6961637262707105,-2.982023468057666,0.010899132370600858,3.0325281814228005,5.767527944243632
TS9,2021-07-31 12:30:00,-0.10340444345959449,-5.8163926922442855,-3.1026977053953773,-0.10340444345959449,2.9352281741517596,5.6906948325715945
TS9,2021-07-31 12:35:00,-0.12129924078157504,-5.847140152243587,-3.134726480450486,-0.12129924078157504,2.925016365402714,5.6916372300419065
TS9,2021-07-31 12:40:00,-0.11307410521218098,-5.87012410903214,-3.123485000389127,-0.11307410521218098,2.9408638128665525,5.73672905156997
TS9,2021-07-31 12:45:00,-0.07153050674698114,-5.829818868978086,-3.101962964159286,-0.07153050674698114,2.987674105151646,5.754065130371485
TS9,2021-07-31 12:50:00,-0.0935220751155626,-5.833748447457493,-3.125831465783721,-0.0935220751155626,2.9879254191755837,5.776571438444439
TS9,2021-07-31 12:55:00,-0.11169239114385027,-5.891516554373743,-3.147509267900075,-0.11169239114385027,2.9614695761567416,5.770010275517799
TS9,2021-07-31 13:00:00,-0.0886747780846559,-5.886159419483339,-3.123606112444432,-0.0886747780846559,2.9972922908194373,5.802506263944931
TS9,2021-07-31 13:05:00,-0.1324484230917997,-5.977566217076581,-3.197088362167004,-0.1324484230917997,2.9267274619676598,5.737376582536799
TS9,2021-07-31 13:10:00,0.0466562932238502,-5.836700616402267,-3.0419773056327672,0.0466562932238502,3.1223130610981675,5.932740362528185
TS9,2021-07-31 13:15:00,0.552638282888997,-5.3303743631904155,-2.5215585634132816,0.552638282888997,3.650146589065807,6.465855853586316
TS9,2021-07-31 13:20:00,0.6791744555961386,-5.233264486171266,-2.395628796135985,0.6791744555961386,3.778950684736706,6.627066127186185
TS9,2021-07-31 13:25:00,0.6343642532802544,-5.265432606616562,-2.470566499722676,0.6343642532802544,3.7545501285828387,6.6059150617449305
TS9,2021-07-31 13:30:00,0.5318338655132723,-5.414263788705309,-2.5908648367684877,0.5318338655132723,3.650827512914408,6.483098972704909
TS9,2021-07-31 13:35:00,0.49795891714059737,-5.486992202070585,-2.6579801703046737,0.49795891714059737,3.616907656829908,6.439618331510372
TS9,2021-07-31 13:40:00,0.5162848172065763,-5.432698246254677,-2.614873191635254,0.5162848172065763,3.6771263211907805,6.506744243539665
TS9,2021-07-31 13:45:00,0.71220137828351,-5.24245329312858,-2.417043220675589,0.71220137828351,3.8786614542553357,6.72850130989748
TS9,2021-07-31 13:50:00,0.7745989090040256,-5.206172547299399,-2.3752878016786756,0.7745989090040256,3.9356377033019494,6.802111838264096
TS9,2021-07-31 13:55:00,0.7414662213358804,-5.268423910548835,-2.4276450070057844,0.7414662213358804,3.913860513726956,6.788882139195305
TS9,2021-07-31 14:00:00,0.5029603296795495,-5.526774067867393,-2.651632351797408,0.5029603296795495,3.688979633363413,6.592893015305259
TS9,2021-07-31 14:05:00,0.48256280606574387,-5.562175926237652,-2.7042449740918544,0.48256280606574387,3.700442297958895,6.5530819237427265
TS9,2021-07-31 14:10:00,0.5649181417858498,-5.523885096164463,-2.6617437914880253,0.5649181417858498,3.761770887365956,6.673175521146162
TS9,2021-07-31 14:15:00,1.1708156471472038,-4.94696133100804,-2.064583347556175,1.1708156471472038,4.380974691647547,7.295863874912704
TS9,2021-07-31 14:20:00,1.3456952356408782,-4.788472247276387,-1.902542570335118,1.3456952356408782,4.553859909676422,7.448429716212612
TS9,2021-07-31 14:25:00,1.1846386605712267,-4.966046619440927,-2.068441056697318,1.1846386605712267,4.433188595751365,7.308053909320788
TS9,2021-07-31 14:30:00,0.509765736451852,-5.648633718372413,-2.749445976053129,0.509765736451852,3.780167277392892,6.699294693951738
TS9,2021-07-31 14:35:00,0.38294660045847506,-5.814819984543982,-2.893204556083217,0.38294660045847506,3.631901784149643,6.535939456441078
TS9,2021-07-31 14:40:00,0.45669962266385694,-5.769206412745521,-2.8205538956559333,0.45669962266385694,3.724899505673669,6.61426446550603
TS9,2021-07-31 14:45:00,0.8001513164076538,-5.412538051021288,-2.4603068718640366,0.8001513164076538,4.080949993297023,7.013721202140892
TS9,2021-07-31 14:50:00,0.8735780149999381,-5.340660879907562,-2.4146726804074854,0.8735780149999381,4.146433183980977,7.12414714103397
TS9,2021-07-31 14:55:00,0.7857587761442727,-5.469774474571229,-2.52920311820543,0.7857587761442727,4.067827058051729,7.0291121102653715
TS9,2021-07-31 15:00:00,0.3442699125841221,-5.925411227341135,-2.984608348125686,0.3442699125841221,3.624670487698797,6.597694445212422
TS9,2021-07-31 15:05:00,0.3100669940367588,-5.985251672143592,-3.006305436592949,0.3100669940367588,3.5845632321139687,6.571483990036938
TS9,2021-07-31 15:10:00,0.21695128839665795,-6.0639491177828235,-3.0896133029284787,0.21695128839665795,3.5143989399702953,6.512041877204541
TS9,2021-07-31 15:15:00,0.0655137559226884,-6.232107736955142,-3.2377250845289436,0.0655137559226884,3.3846967153336784,6.38876821623238
TS9,2021-07-31 15:20:00,0.026436388132338957,-6.305946040017822,-3.295940508897775,0.026436388132338957,3.330886254679528,6.3841115290915935
TS9,2021-07-31 15:25:00,0.15364302064105262,-6.182219160407266,-3.133353589204434,0.15364302064105262,3.4794212015875323,6.5225328178685045
TS9,2021-07-31 15:30:00,0.5904040109045221,-5.747080377039659,-2.719023137859053,0.5904040109045221,3.9151547066636967,6.978052944436448
TS9,2021-07-31 15:35:00,0.7683870485560135,-5.583865375780436,-2.5292322692248557,0.7683870485560135,4.131545318486423,7.162451474545927
TS9,2021-07-31 15:40:00,0.7133817387173551,-5.629897238878526,-2.5936335093529093,0.7133817387173551,4.095245997737731,7.105499563255264
TS9,2021-07-31 15:45:00,0.5123493963067279,-5.871436501843034,-2.8107778312568255,0.5123493963067279,3.8666623111766967,6.903955555412117
TS9,2021-07-31 15:50:00,0.4443268494894583,-5.947710136654292,-2.896311401441391,0.4443268494894583,3.800014394237115,6.8768772861868275
TS9,2021-07-31 15:55:00,0.40825504216504155,-6.029847591940567,-2.932134360906653,0.40825504216504155,3.7824762714122877,6.8526175634604
TS9,2021-07-31 16:00:00,0.28595802088518035,-6.1616212839013675,-3.045476679585601,0.28595802088518035,3.6734577522007763,6.738199688884958
TS9,2021-07-31 16:05:00,0.25989380434095843,-6.2094268634778045,-3.086555544700632,0.25989380434095843,3.6571576527205374,6.745733788292969
TS9,2021-07-31 16:10:00,0.38204009176558446,-6.10313638403473,-2.983459197521679,0.38204009176558446,3.782569279259719,6.870569564380582
TS9,2021-07-31 16:15:00,1.0418387675901801,-5.453646724542526,-2.3371786612404137,1.0418387675901801,4.447320663009817,7.546370218816372
TS9,2021-07-31 16:20:00,1.2030336684225762,-5.3027314963699945,-2.183972460288676,1.2030336684225762,4.616478352219343,7.721140963922118
TS9,2021-07-31 16:25:00,1.1142618983051975,-5.428651596206094,-2.2748886194905706,1.1142618983051975,4.547856169929451,7.639936419107015
TS9,2021-07-31 16:30:00,1.066171581209705,-5.491354544984562,-2.33652552156873,1.066171581209705,4.517437385157716,7.627707813398782
TS9,2021-07-31 16:35:00,1.0547416574742248,-5.548408091742547,-2.3712687257246645,1.0547416574742248,4.480896507969486,7.6252219227937985
TS9,2021-07-31 16:40:00,0.8399090902764835,-5.7402216382453775,-2.5646895036192014,0.8399090902764835,4.315636336928641,7.464774038843503
TS9,2021-07-31 16:45:00,0.11039536054108309,-6.481835658919942,-3.30315533494705,0.11039536054108309,3.6113705669620466,6.73196990518775
TS9,2021-07-31 16:50:00,-0.06432161248171532,-6.662395850631496,-3.4789569639946785,-0.06432161248171532,3.4342576518131134,6.560743862021561
TS9,2021-07-31 16:55:00,0.15482336573462405,-6.451556724189727,-3.251086263109838,0.15482336573462405,3.646857084406107,6.807281606189871
TS9,2021-07-31 17:00:00,0.6810573117521327,-5.969216331732389,-2.7615469050284185,0.6810573117521327,4.165721030502355,7.326110457002261
TS9,2021-07-31 17:05:00,0.8101420763335988,-5.84145736449118,-2.631340908136544,0.8101420763335988,4.278113581816657,7.485197692801655
TS9,2021-07-31 17:10:00,0.7199305729632375,-5.946778639948684,-2.7324320445111456,0.7199305729632375,4.1969292852663065,7.4165160878244425
TS9,2021-07-31 17:15:00,-0.08828612786341056,-6.7552949699534555,-3.553691724823086,-0.08828612786341056,3.409832879462277,6.586396542512494
TS9,2021-07-31 17:20:00,-0.2570421845022044,-6.913108731091734,-3.7322148468044114,-0.2570421845022044,3.2627059937998544,6.437124141078472
TS9,2021-07-31 17:25:00,-0.1957869377592507,-6.869069650605778,-3.678833994012525,-0.1957869377592507,3.345545639231453,6.502875201308089
TS9,2021-07-31 17:30:00,0.10811097351849998,-6.579548744239873,-3.3791501640441335,0.10811097351849998,3.633550361095197,6.804796760515834
TS9,2021-07-31 17:35:00,0.17413389999416984,-6.508974648473062,-3.3221519908538433,0.17413389999416984,3.721123411178325,6.9006944694742245
TS9,2021-07-31 17:40:00,0.11680962377240756,-6.582734190988778,-3.3887238220571927,0.11680962377240756,3.67755859206938,6.885533072834652
TS9,2021-07-31 17:45:00,0.0340006239738258,-6.675839821254146,-3.4727463709147086,0.0340006239738258,3.6261298218840414,6.794892639910291
TS9,2021-07-31 17:50:00,-0.03838723978408272,-6.791154479233914,-3.567891952768897,-0.03838723978408272,3.552158388839299,6.756099299005135
TS9,2021-07-31 17:55:00,0.03816326254653127,-6.7153703593667915,-3.5019104283704423,0.03816326254653127,3.6467667862575106,6.878748483456854
TS9,2021-07-31 18:00:00,0.28409993033289954,-6.473965168802626,-3.26672312900423,0.28409993033289954,3.8993014322045094,7.140017973647178
TS9,2021-07-31 18:05:00,0.2778990858304801,-6.520345870336583,-3.2816117783800864,0.2778990858304801,3.8743522999000777,7.130694118677553
TS9,2021-07-31 18:10:00,0.3146467501651976,-6.514020400306447,-3.25348483963752,0.3146467501651976,3.919276056412,7.191572289684672
TS9,2021-07-31 18:15:00,0.32059338817038674,-6.506454577314527,-3.2483863571900957,0.32059338817038674,3.949813813007503,7.24097097229312
TS9,2021-07-31 18:20:00,0.3204196359455102,-6.529029316445859,-3.2818361916247456,0.3204196359455102,3.9450792624234015,7.245801325767773
TS9,2021-07-31 18:25:00,0.3115789188220071,-6.5423761628679955,-3.299385848051843,0.3115789188220071,3.9564506510664947,7.256068735812464
TS9,2021-07-31 18:30:00,0.3623933186001387,-6.518684659504394,-3.25323847254121,0.3623933186001387,3.9994716480002355,7.32770355923563
TS9,2021-07-31 18:35:00,0.3139417417617763,-6.5626951512957445,-3.298725664465578,0.3139417417617763,4.000574688840586,7.291791236883131
TS9,2021-07-31 18:40:00,0.3630231683168399,-6.5023736620334756,-3.2384270077126884,0.3630231683168399,4.064855606312017,7.383802056799282
TS9,2021-07-31 18:45:00,0.6234664752904356,-6.274417213051353,-2.990848766615422,0.6234664752904356,4.315695958044881,7.659379013383341
TS9,2021-07-31 18:50:00,0.6602210888540083,-6.250704395034333,-2.938353424376671,0.6602210888540083,4.3482693724101305,7.681780707793296
TS9,2021-07-31 18:55:00,0.6378360952351126,-6.271100837316193,-2.966407338407653,0.6378360952351126,4.353862050964516,7.671984421763204
TS9,2021-07-31 19:00:00,0.7081474651676593,-6.176091930165465,-2.9172715727546707,0.7081474651676593,4.408306711865154,7.747144943890249
TS9,2021-07-31 19:05:00,0.7152428160348081,-6.261168428434729,-2.9403951085149806,0.7152428160348081,4.399815025449736,7.722403873549708
TS9,2021-07-31 19:10:00,0.7251644805584537,-6.25674713304991,-2.9112305957200495,0.7251644805584537,4.422431722390498,7.768455679949982
TS9,2021-07-31 19:15:00,0.6002186220455864,-6.374330123557469,-3.0439486573193744,0.6002186220455864,4.322556502554443,7.686649312580775
TS9,2021-07-31 19:20:00,0.5782137344692031,-6.419964751710219,-3.076381726911256,0.5782137344692031,4.292887601321832,7.651835138598807
TS9,2021-07-31 19:25:00,0.4998200335637895,-6.516712783063492,-3.202978237354737,0.4998200335637895,4.22577821631593,7.597951191799693
TS9,2021-07-31 19:30:00,0.023760596453617312,-7.0032570268656364,-3.6475656579218594,0.023760596453617312,3.7837377409726143,7.149022628874425
TS9,2021-07-31 19:35:00,-0.05578459402223171,-7.10645676597534,-3.7786588002530865,-0.05578459402223171,3.7271161918012234,7.0734302763659125
TS9,2021-07-31 19:40:00,0.0216648459567909,-7.043846735101806,-3.6905521839578794,0.0216648459567909,3.7907958693162485,7.163160426451549
TS9,2021-07-31 19:45:00,1.0466049570817966,-6.056514642264877,-2.7042164138802978,1.0466049570817966,4.779757063951388,8.233020795660913
TS9,2021-07-31 19:50:00,1.2917603587944595,-5.80713574610979,-2.4601962479994555,1.2917603587944595,5.04263244543225,8.498001164040911
TS9,2021-07-31 19:55:00,1.2388904310781397,-5.9043523667923825,-2.517327853876501,1.2388904310781397,5.001327172393012,8.424474093566804
TS9,2021-07-31 20:00:00,-0.09699633791556247,-7.256667767786415,-3.8417777905028974,-0.09699633791556247,3.6800217740549717,7.116389699952403
TS9,2021-07-31 20:05:00,-0.1886524885056187,-7.358848068047317,-3.9763616892267843,-0.1886524885056187,3.592117892789895,7.045339371127148
TS9,2021-07-31 20:10:00,-0.20702192369445058,-7.3810375442223455,-3.9827840388986684,-0.20702192369445058,3.595720459459619,7.039256129896996
TS9,2021-07-31 20:15:00,-0.2964501401701577,-7.461080625287331,-4.082232709776641,-0.2964501401701577,3.5308495607361836,7.029988875915372
TS9,2021-07-31 20:20:00,-0.31722747114134164,-7.499662422021168,-4.1033493518114,-0.31722747114134164,3.4927693157009525,7.011373183316652
TS9,2021-07-31 20:25:00,-0.3407263452558382,-7.540824472513055,-4.111146860120116,-0.3407263452558382,3.494211179297587,7.007567221075792
TS9,2021-07-31 20:30:00,-0.2705263323026102,-7.464254720483797,-4.048942396446875,-0.2705263323026102,3.57399871696121,7.091801485641084
TS9,2021-07-31 20:35:00,-0.2737281607254366,-7.528751631439605,-4.047501765561556,-0.2737281607254366,3.5930350324689986,7.136277180525077
TS9,2021-07-31 20:40:00,-0.2752457903863431,-7.545509678131158,-4.066981432582012,-0.2752457903863431,3.5855548940982325,7.1282562980402275
TS9,2021-07-31 20:45:00,-0.3555336563380971,-7.616892314721049,-4.155710654012935,-0.3555336563380971,3.525933948329532,7.068352593106735
TS9,2021-07-31 20:50:00,-0.3825366074102433,-7.649476941879218,-4.217820550746871,-0.3825366074102433,3.4843558858717096,7.045296693340669
TS9,2021-07-31 20:55:00,-0.24431022825592474,-7.520671449807785,-4.040413187227416,-0.24431022825592474,3.669964503040462,7.248881598492602
TS9,2021-07-31 21:00:00,0.6137429894110904,-6.681926891446782,-3.2146767464520356,0.6137429894110904,4.524429751141357,8.135895104212672
TS9,2021-07-31 21:05:00,0.8115391739100544,-6.484781456529995,-3.0418374624968156,0.8115391739100544,4.732907021070583,8.34116889635472
TS9,2021-07-31 21:10:00,0.8167916090593553,-6.499240844241114,-3.049917843706912,0.8167916090593553,4.755279336269835,8.331028918680861
TS9,2021-07-31 21:15:00,0.8344992172613704,-6.470225175688566,-2.982183985521207,0.8344992172613704,4.785546841153067,8.390181169314296
TS9,2021-07-31 21:20:00,0.8333005622108649,-6.537162704379445,-3.0221923056516875,0.8333005622108649,4.7713566522461655,8.360955467288106
TS9,2021-07-31 21:25:00,0.8611387091419979,-6.5034036501517,-3.0117445573416606,0.8611387091419979,4.786727703053495,8.364984309728811
TS9,2021-07-31 21:30:00,0.8323732933307442,-6.508507767373096,-3.0174836647124312,0.8323732933307442,4.77541386075039,8.387031095292217
TS9,2021-07-31 21:35:00,0.8886119989787022,-6.45148876795794,-2.9755100251189615,0.8886119989787022,4.831189046095077,8.473259702134342
TS9,2021-07-31 21:40:00,0.901322265575963,-6.482506775922123,-3.016317727861095,0.901322265575963,4.85950723137531,8.447867674519845
TS9,2021-07-31 21:45:00,1.0655637905993558,-6.36420005937914,-2.864626553797277,1.0655637905993558,5.0014800415519005,8.630006336440404
TS9,2021-07-31 21:50:00,1.0141439885388108,-6.410329963199868,-2.900946308911922,1.0141439885388108,4.973273882983784,8.596440103985728
TS9,2021-07-31 21:55:00,1.004167293118082,-6.439213613445377,-2.927009521891859,1.004167293118082,4.965872027299828,8.59406929918576
TS9,2021-07-31 22:00:00,1.376055883400741,-6.096539406837437,-2.6194456548047,1.376055883400741,5.342209751958782,8.94456857259724
TS9,2021-07-31 22:05:00,1.3307506090457353,-6.136895689011526,-2.643970655170566,1.3307506090457353,5.309806980835581,8.912394776134972
TS9,2021-07-31 22:10:00,1.2075515475709675,-6.271099743328293,-2.7693750505950967,1.2075515475709675,5.196817214919646,8.81056162577705
TS9,2021-07-31 22:15:00,0.2195433015500091,-7.282199532874102,-3.761943633085123,0.2195433015500091,4.242141139568879,7.8399445895592725
TS9,2021-07-31 22:20:00,0.05942786184387595,-7.460420531262512,-3.943222443136369,0.05942786184387595,4.094146132136298,7.704607395951033
TS9,2021-07-31 22:25:00,0.19698224217641197,-7.334241515617688,-3.805126747815737,0.19698224217641197,4.225595365289637,7.8285403366419954
TS9,2021-07-31 22:30:00,0.45857881771176734,-7.108272032014201,-3.540679935661009,0.45857881771176734,4.506875395278659,8.125408583192307
TS9,2021-07-31 22:35:00,0.5472151572353419,-7.013235305089673,-3.445874196078171,0.5472151572353419,4.615529513343236,8.259284757473706
TS9,2021-07-31 22:40:00,0.4949192118349953,-7.126799864130302,-3.495225435782796,0.4949192118349953,4.567678878779973,8.215027889220499
TS9,2021-07-31 22:45:00,0.541664623077281,-7.076392689723334,-3.4410719839208594,0.541664623077281,4.60513717778778,8.278106783174184
TS9,2021-07-31 22:50:00,0.5010590282791305,-7.131286080337111,-3.499116126388195,0.5010590282791305,4.572972833946331,8.254012479307379
TS9,2021-07-31 22:55:00,0.4547731589484781,-7.162569666072078,-3.5661383613537065,0.4547731589484781,4.5184499059595,8.212641194016378
TS9,2021-07-31 23:00:00,-0.032757902870512876,-7.69200385091752,-4.0835604842184745,-0.032757902870512876,4.033000247940053,7.721801814252739
TS9,2021-07-31 23:05:00,-0.16711938166152523,-7.814964431920636,-4.2165934399685625,-0.16711938166152523,3.9028230868846747,7.584757513483538
TS9,2021-07-31 23:10:00,-0.12262498157931434,-7.819436908419053,-4.184057411178435,-0.12262498157931434,3.9648744895088224,7.64972218003344
TS9,2021-07-31 23:15:00,0.05875963572456388,-7.658801763945918,-4.010345695165339,0.05875963572456388,4.1495639269531965,7.838252396742841
TS9,2021-07-31 23:20:00,0.10481618499630091,-7.633637829553818,-3.997628886051301,0.10481618499630091,4.166872639591169,7.848227714475904
TS9,2021-07-31 23:25:00,0.0458599668023201,-7.6908759336447226,-4.060765166572353,0.0458599668023201,4.138089407555625,7.816594707578522
TS9,2021-07-31 23:30:00,-0.02160176595239338,-7.751794478777637,-4.10379251498574,-0.02160176595239338,4.112162348648631,7.812395237023873
TS9,2021-07-31 23:35:00,-0.048689556643133264,-7.7976048480208,-4.176442193250336,-0.048689556643133264,4.077771264907212,7.787112518702068
TS9,2021-07-31 23:40:00,0.04889621265855512,-7.708136471845081,-4.113769247565295,0.04889621265855512,4.159929258501218,7.866331830822952
TS9,2021-07-31 23:45:00,0.18602032631962762,-7.601722177399265,-3.9673966192546026,0.18602032631962762,4.31476433780406,8.04266806911502
TS9,2021-07-31 23:50:00,0.20393946966925527,-7.539794814479643,-3.9528278774675227,0.20393946966925527,4.345930556786248,8.10848822150105
TS9,2021-07-31 23:55:00,0.18864502641629854,-7.730980190535983,-4.044148066390397,0.18864502641629854,4.404437371311092,8.174330847003
